forecast_id,valid_date,region_id,region_name,latitude,longitude,lead_time_days,rain_forecast,temp_forecast,mslp_forecast,rh_forecast,wind_forecast,cape_forecast,ensemble_spread,synoptic_regime
FC_0000000,2024-02-01,NE,East & Northeast India,26.13,93.32,3,35.03,24.52,1013.32,52.58,3.24,844.5,16.7,fair_weather
FC_0000001,2024-12-30,NW,Northwest India,29.06,68.29,6,0.0,32.01,1003.14,45.04,6.09,771.9,9.52,post_monsoon
FC_0000002,2023-05-11,NE,East & Northeast India,28.91,96.39,6,4.19,30.76,1009.39,63.47,0.94,688.5,9.38,pre_monsoon
FC_0000003,2024-07-18,NW,Northwest India,36.34,77.44,1,11.75,30.35,1008.44,43.34,5.54,1066.0,3.69,normal_monsoon
FC_0000004,2024-02-05,NW,Northwest India,34.6,74.85,4,40.98,13.13,1007.05,71.99,7.65,443.3,20.07,western_disturbance
FC_0000005,2024-01-01,CI,Central India,24.76,80.01,1,0.59,30.24,1012.42,48.98,6.3,1004.0,3.36,fair_weather
FC_0000006,2023-11-11,WG,Western Ghats & West Coast,9.61,74.26,7,26.09,32.88,1012.91,64.44,6.8,1787.0,13.68,post_monsoon
FC_0000007,2021-05-02,EC,Bay of Bengal & East Coast,21.68,83.16,7,165.38,24.45,991.82,95.26,45.87,3942.4,13.98,cyclone
FC_0000008,2022-04-12,NW,Northwest India,35.28,68.93,6,0.0,22.31,999.75,61.83,8.36,2046.8,29.36,pre_monsoon
FC_0000009,2024-05-23,SP,Southern Peninsula,10.67,76.93,2,13.52,27.49,1006.86,55.38,7.38,829.9,6.41,pre_monsoon
FC_0000010,2021-11-27,WG,Western Ghats & West Coast,8.62,73.04,4,3.25,20.03,1011.56,73.09,5.81,862.9,9.1,post_monsoon
FC_0000011,2021-03-29,EC,Bay of Bengal & East Coast,13.12,87.54,3,35.72,29.34,1015.97,63.12,3.42,727.2,5.7,fair_weather
FC_0000012,2024-10-28,SP,Southern Peninsula,8.51,76.64,8,5.97,25.63,1010.44,45.47,10.73,626.2,14.8,post_monsoon
FC_0000013,2024-01-29,NE,East & Northeast India,21.09,93.35,2,4.17,33.24,1012.66,72.22,8.66,793.1,5.53,fair_weather
FC_0000014,2023-05-22,WG,Western Ghats & West Coast,15.44,75.4,10,0.0,31.75,1001.3,89.63,0.5,50.0,14.12,pre_monsoon
FC_0000015,2021-05-11,SP,Southern Peninsula,11.0,76.15,2,10.15,34.1,1007.36,70.48,5.06,398.5,5.48,pre_monsoon
FC_0000016,2024-08-25,WG,Western Ghats & West Coast,16.64,76.15,1,22.64,29.66,1001.71,98.62,18.43,1792.0,5.11,heavy_rainfall
FC_0000017,2023-02-09,WG,Western Ghats & West Coast,9.66,74.69,9,5.94,24.73,1011.96,100.0,7.36,702.4,13.58,fair_weather
FC_0000018,2021-12-10,NE,East & Northeast India,23.11,87.02,3,4.9,28.53,1006.97,45.17,7.45,1341.3,7.52,post_monsoon
FC_0000019,2024-12-08,NE,East & Northeast India,27.24,91.46,8,31.39,27.79,1005.05,34.45,1.99,531.1,37.92,post_monsoon
FC_0000020,2023-03-17,WG,Western Ghats & West Coast,10.59,73.9,7,0.0,27.81,1006.74,46.67,8.24,605.1,10.45,fair_weather
FC_0000021,2022-01-21,SP,Southern Peninsula,15.73,79.67,1,9.67,31.15,1008.26,45.51,7.32,343.9,8.27,fair_weather
FC_0000022,2024-04-30,CI,Central India,25.04,78.6,6,0.0,37.35,996.29,17.33,7.02,668.1,23.86,heat_wave
FC_0000023,2023-08-14,NW,Northwest India,32.11,71.77,8,0.0,29.51,1010.28,46.53,2.61,2120.1,12.8,normal_monsoon
FC_0000024,2021-10-04,NE,East & Northeast India,21.66,89.81,6,20.94,23.78,1012.76,87.52,4.95,615.1,9.95,post_monsoon
FC_0000025,2024-03-30,CI,Central India,22.75,76.87,9,152.08,38.01,1013.73,72.14,1.59,1238.6,44.68,fair_weather
FC_0000026,2022-04-05,NE,East & Northeast India,28.21,86.81,10,11.69,28.23,1002.67,25.5,3.27,1449.2,14.43,pre_monsoon
FC_0000027,2024-08-30,WG,Western Ghats & West Coast,12.41,73.06,3,24.44,28.07,998.85,98.78,20.15,3392.8,7.09,heavy_rainfall
FC_0000028,2021-01-22,CI,Central India,21.24,74.4,6,0.0,28.74,1005.66,63.44,10.93,622.3,9.61,fair_weather
FC_0000029,2021-09-10,SP,Southern Peninsula,10.18,77.2,10,179.82,32.23,1014.28,25.78,5.03,3164.2,41.89,normal_monsoon
FC_0000030,2023-01-18,SP,Southern Peninsula,11.83,77.99,4,12.54,24.02,1006.74,84.96,5.58,195.1,6.81,fair_weather
FC_0000031,2023-05-07,EC,Bay of Bengal & East Coast,14.02,84.71,10,58.35,35.3,1003.81,32.17,0.5,1523.9,48.13,pre_monsoon
FC_0000032,2022-04-20,NW,Northwest India,30.62,71.16,3,23.69,37.26,1004.81,16.78,7.35,1642.5,14.43,heat_wave
FC_0000033,2023-12-19,NW,Northwest India,34.79,73.46,8,16.16,4.47,1001.94,64.54,13.65,906.0,14.73,western_disturbance
FC_0000034,2022-05-26,NE,East & Northeast India,23.82,96.37,7,0.0,12.73,1000.91,53.61,3.24,810.3,34.45,pre_monsoon
FC_0000035,2022-12-01,NW,Northwest India,34.99,77.83,7,0.0,22.2,1013.4,79.81,3.29,155.5,11.42,post_monsoon
FC_0000036,2023-09-03,EC,Bay of Bengal & East Coast,18.61,83.4,5,0.0,24.99,1008.5,68.47,1.35,50.0,8.49,normal_monsoon
FC_0000037,2021-07-09,SP,Southern Peninsula,10.25,78.65,1,48.4,21.61,1012.1,72.61,4.42,964.2,9.91,normal_monsoon
FC_0000038,2023-08-16,CI,Central India,25.85,80.27,6,158.93,18.74,995.88,96.44,22.16,2309.5,10.98,monsoon_depression
FC_0000039,2022-11-18,CI,Central India,25.05,77.29,6,26.18,27.34,1012.32,63.55,6.96,1078.1,10.58,post_monsoon
FC_0000040,2023-08-16,SP,Southern Peninsula,11.26,79.98,3,7.06,23.16,1008.42,70.6,6.69,879.9,6.31,normal_monsoon
FC_0000041,2022-07-17,WG,Western Ghats & West Coast,17.08,76.92,5,12.07,22.63,1014.08,68.53,6.96,324.7,8.67,normal_monsoon
FC_0000042,2024-06-21,SP,Southern Peninsula,14.2,77.47,9,0.0,33.87,1004.94,57.36,8.48,1098.8,13.35,normal_monsoon
FC_0000043,2023-04-12,CI,Central India,22.25,83.01,7,12.75,25.31,1010.13,88.14,10.47,813.4,17.16,pre_monsoon
FC_0000044,2024-02-29,NE,East & Northeast India,25.69,88.06,8,10.08,24.96,1013.92,60.59,10.84,1185.7,15.38,fair_weather
FC_0000045,2022-10-09,EC,Bay of Bengal & East Coast,15.79,84.65,9,0.0,15.59,1006.96,50.37,6.68,947.8,34.92,post_monsoon
FC_0000046,2021-01-21,SP,Southern Peninsula,8.77,79.09,6,0.0,16.0,1019.77,70.67,8.03,1567.2,23.56,fair_weather
FC_0000047,2023-04-21,WG,Western Ghats & West Coast,9.31,74.32,5,0.0,22.12,1015.05,62.86,8.38,374.9,12.0,pre_monsoon
FC_0000048,2021-06-16,NE,East & Northeast India,27.84,90.61,10,0.0,25.38,1011.05,74.54,7.68,50.0,16.33,normal_monsoon
FC_0000049,2024-07-21,SP,Southern Peninsula,14.74,76.88,5,10.45,18.81,1008.48,50.88,8.68,418.2,8.53,normal_monsoon
FC_0000050,2022-01-23,NE,East & Northeast India,29.14,87.51,5,1.71,25.6,1009.01,54.96,4.28,1660.5,9.04,fair_weather
FC_0000051,2022-08-24,SP,Southern Peninsula,8.31,79.8,4,1.73,33.5,1001.08,63.83,8.61,2363.7,7.91,active_break_monsoon
FC_0000052,2021-11-12,NE,East & Northeast India,27.39,87.78,2,11.1,20.59,1006.43,66.58,4.99,951.9,5.24,post_monsoon
FC_0000053,2021-01-14,NW,Northwest India,36.8,73.02,7,47.79,10.56,1016.97,70.84,6.67,685.0,14.96,western_disturbance
FC_0000054,2021-08-30,NE,East & Northeast India,29.08,91.06,7,0.0,22.73,1000.21,49.36,6.43,2303.2,11.32,active_break_monsoon
FC_0000055,2023-02-16,NW,Northwest India,30.13,72.49,8,0.0,47.92,1019.42,33.91,4.21,590.1,42.42,fair_weather
FC_0000056,2024-10-01,CI,Central India,20.68,79.34,8,0.0,11.15,1009.33,45.96,13.09,50.0,36.74,post_monsoon
FC_0000057,2022-07-19,NW,Northwest India,29.88,68.37,8,0.0,25.35,1013.35,97.18,2.88,1332.6,12.14,normal_monsoon
FC_0000058,2023-06-17,NE,East & Northeast India,23.21,87.56,9,0.0,39.04,1014.37,40.78,0.5,2367.5,13.56,normal_monsoon
FC_0000059,2024-09-25,EC,Bay of Bengal & East Coast,20.54,85.39,6,0.0,19.07,1008.65,46.79,5.43,985.6,9.36,normal_monsoon
FC_0000060,2021-04-02,EC,Bay of Bengal & East Coast,19.4,88.61,4,0.0,28.12,1013.29,67.49,5.05,1374.7,11.07,pre_monsoon
FC_0000061,2024-10-22,CI,Central India,23.15,83.83,2,4.98,25.69,1009.74,82.99,8.92,843.5,4.76,post_monsoon
FC_0000062,2023-08-14,NE,East & Northeast India,23.65,87.24,5,0.0,17.51,1013.82,56.37,1.05,858.5,23.4,normal_monsoon
FC_0000063,2024-12-22,NW,Northwest India,29.24,72.71,6,15.04,13.8,1004.01,61.45,18.0,377.5,11.8,western_disturbance
FC_0000064,2022-05-24,EC,Bay of Bengal & East Coast,20.85,85.04,7,217.03,23.99,997.11,79.08,12.96,2522.7,30.16,cyclone
FC_0000065,2023-02-15,SP,Southern Peninsula,10.34,79.08,6,9.24,27.38,1007.15,100.0,2.96,716.5,9.54,fair_weather
FC_0000066,2021-02-04,WG,Western Ghats & West Coast,14.07,73.23,4,0.0,32.14,1007.22,66.53,12.32,1464.5,6.99,fair_weather
FC_0000067,2021-07-25,NE,East & Northeast India,25.9,95.94,4,15.56,31.74,1004.74,71.41,9.22,1050.4,8.44,active_break_monsoon
FC_0000068,2024-01-10,SP,Southern Peninsula,14.74,78.23,7,0.0,44.73,1014.65,30.03,7.76,1180.5,31.15,fair_weather
FC_0000069,2024-11-12,SP,Southern Peninsula,11.02,75.48,1,133.21,26.93,969.41,100.0,47.82,3837.1,5.25,cyclone
FC_0000070,2023-10-23,NE,East & Northeast India,24.99,94.02,3,14.0,30.31,1013.63,52.66,5.96,427.7,7.32,post_monsoon
FC_0000071,2023-10-19,WG,Western Ghats & West Coast,12.32,73.56,10,21.46,27.41,1003.54,53.07,1.14,1473.0,14.45,post_monsoon
FC_0000072,2024-11-14,EC,Bay of Bengal & East Coast,21.25,87.39,2,4.13,25.16,1005.96,67.54,3.33,1258.4,6.95,post_monsoon
FC_0000073,2022-07-20,WG,Western Ghats & West Coast,15.66,73.12,2,22.85,32.01,1007.97,70.24,5.78,1043.0,4.49,normal_monsoon
FC_0000074,2024-02-04,CI,Central India,19.16,75.03,7,0.0,41.0,1012.39,86.8,1.8,737.2,36.11,fair_weather
FC_0000075,2022-12-04,NW,Northwest India,32.01,69.16,5,6.86,26.3,1005.29,53.73,5.31,1522.0,9.18,post_monsoon
FC_0000076,2022-02-06,NW,Northwest India,34.95,77.93,3,168.21,19.78,1005.52,62.43,11.47,1033.5,18.39,western_disturbance
FC_0000077,2022-12-31,SP,Southern Peninsula,10.93,77.5,9,5.04,39.71,1012.08,65.13,0.93,50.0,36.02,post_monsoon
FC_0000078,2021-06-11,EC,Bay of Bengal & East Coast,18.83,88.43,9,50.72,20.09,1020.16,56.22,8.99,1757.8,14.07,normal_monsoon
FC_0000079,2021-07-21,WG,Western Ghats & West Coast,18.73,72.76,3,71.48,29.28,1006.23,100.0,3.14,2967.4,19.0,heavy_rainfall
FC_0000080,2023-09-23,SP,Southern Peninsula,9.35,79.15,2,14.93,29.44,1010.21,86.34,11.01,1015.0,5.74,active_break_monsoon
FC_0000081,2021-09-27,NE,East & Northeast India,26.86,86.6,3,23.44,29.12,1006.47,81.44,8.92,1600.3,6.52,active_break_monsoon
FC_0000082,2023-03-27,SP,Southern Peninsula,12.02,79.29,9,172.92,7.33,1011.5,74.64,3.09,1107.9,31.85,fair_weather
FC_0000083,2024-07-18,NE,East & Northeast India,22.86,95.46,8,14.27,32.51,1013.8,60.32,7.46,242.1,13.43,normal_monsoon
FC_0000084,2022-04-01,NE,East & Northeast India,21.45,94.39,3,20.09,31.9,1005.17,70.19,6.96,1272.8,6.82,pre_monsoon
FC_0000085,2024-06-29,CI,Central India,22.93,77.15,4,7.09,21.09,1013.44,80.6,0.5,575.5,7.13,normal_monsoon
FC_0000086,2023-10-14,CI,Central India,23.77,81.82,5,46.62,29.59,1012.13,54.02,2.39,581.4,21.42,post_monsoon
FC_0000087,2021-10-23,NE,East & Northeast India,28.94,89.41,4,12.17,24.78,1012.43,33.16,9.63,568.3,9.63,post_monsoon
FC_0000088,2022-12-21,EC,Bay of Bengal & East Coast,18.55,85.42,2,121.53,27.06,1006.1,89.39,23.84,3601.3,8.87,cyclone
FC_0000089,2021-12-04,CI,Central India,22.2,82.9,9,0.0,3.26,1007.49,77.6,1.62,50.0,39.73,post_monsoon
FC_0000090,2023-05-29,CI,Central India,18.03,76.82,2,5.75,23.67,1007.91,65.24,9.47,1464.5,6.62,pre_monsoon
FC_0000091,2023-12-13,NW,Northwest India,31.0,69.78,5,21.91,22.93,1005.32,39.17,3.16,909.1,8.72,post_monsoon
FC_0000092,2023-03-03,SP,Southern Peninsula,15.26,78.56,9,233.88,23.56,1003.0,17.03,2.55,50.0,41.15,fair_weather
FC_0000093,2021-08-05,NW,Northwest India,30.21,76.15,8,0.0,29.72,1010.11,73.05,10.47,573.4,12.15,normal_monsoon
FC_0000094,2023-02-03,EC,Bay of Bengal & East Coast,15.96,85.03,1,7.52,27.16,1007.55,79.63,6.15,471.3,3.7,fair_weather
FC_0000095,2021-07-07,CI,Central India,18.02,77.66,3,0.0,29.89,1013.88,45.1,2.68,1224.9,6.9,normal_monsoon
FC_0000096,2022-01-15,CI,Central India,19.11,80.9,10,11.83,25.73,1007.43,85.88,7.77,1426.3,14.34,fair_weather
FC_0000097,2022-05-08,WG,Western Ghats & West Coast,13.75,73.86,9,0.0,26.12,1007.56,61.1,3.29,938.0,14.61,pre_monsoon
FC_0000098,2023-12-01,EC,Bay of Bengal & East Coast,16.15,81.89,3,232.22,30.39,973.89,97.49,27.24,3720.2,6.0,cyclone
FC_0000099,2024-03-26,SP,Southern Peninsula,15.4,75.3,4,7.41,25.59,1009.99,45.89,8.81,281.1,10.72,fair_weather
FC_0000100,2021-01-15,SP,Southern Peninsula,14.92,77.81,3,0.0,26.65,1014.17,64.06,7.53,461.3,5.63,fair_weather
FC_0000101,2021-03-06,SP,Southern Peninsula,12.95,76.66,7,0.0,28.01,1014.01,47.01,7.76,1337.8,12.16,fair_weather
FC_0000102,2022-06-05,EC,Bay of Bengal & East Coast,21.63,82.54,9,33.49,58.13,1012.6,50.59,11.06,1503.9,27.26,normal_monsoon
FC_0000103,2024-09-29,WG,Western Ghats & West Coast,15.07,76.97,4,0.0,37.4,1008.18,48.27,1.95,661.6,16.8,normal_monsoon
FC_0000104,2024-02-27,WG,Western Ghats & West Coast,18.57,74.91,9,12.25,18.84,1013.88,25.07,8.18,624.7,13.52,fair_weather
FC_0000105,2022-10-10,NW,Northwest India,36.87,75.01,2,20.53,29.88,1009.7,59.23,7.16,524.8,6.34,post_monsoon
FC_0000106,2023-12-23,EC,Bay of Bengal & East Coast,13.3,83.65,2,19.76,31.08,1004.98,56.27,0.97,1147.5,7.16,post_monsoon
FC_0000107,2024-03-08,EC,Bay of Bengal & East Coast,14.68,83.1,9,113.67,44.4,1016.93,53.29,5.28,1829.3,41.05,fair_weather
FC_0000108,2022-08-16,WG,Western Ghats & West Coast,17.13,75.13,7,16.98,28.47,1002.9,52.15,6.99,73.4,13.28,normal_monsoon
FC_0000109,2022-01-27,NE,East & Northeast India,21.32,95.53,5,23.41,20.88,1014.06,74.67,5.85,617.2,8.83,fair_weather
FC_0000110,2022-02-23,NE,East & Northeast India,23.52,96.96,5,0.0,22.83,1007.14,52.98,5.31,237.3,9.1,fair_weather
FC_0000111,2021-10-16,NW,Northwest India,36.4,77.41,9,6.02,28.02,1006.14,5.0,12.54,340.1,14.44,post_monsoon
FC_0000112,2022-01-14,NE,East & Northeast India,27.89,87.65,4,0.0,24.44,1010.7,66.57,8.09,419.1,10.15,fair_weather
FC_0000113,2021-08-19,NE,East & Northeast India,25.53,87.69,1,0.0,21.96,1012.0,76.69,1.51,286.3,4.38,normal_monsoon
FC_0000114,2023-10-15,NE,East & Northeast India,23.21,92.33,6,16.83,30.4,1012.61,60.96,1.87,1202.6,11.31,post_monsoon
FC_0000115,2021-02-10,CI,Central India,18.33,83.69,3,75.54,20.04,1011.76,51.61,2.66,1552.8,19.69,fair_weather
FC_0000116,2023-11-18,NW,Northwest India,35.94,71.81,2,25.94,33.39,1011.04,53.49,2.86,594.8,4.99,post_monsoon
FC_0000117,2021-05-15,WG,Western Ghats & West Coast,14.19,74.6,4,21.52,21.86,1011.1,77.47,6.4,1111.6,20.86,pre_monsoon
FC_0000118,2021-07-20,NE,East & Northeast India,28.5,93.26,9,0.0,30.44,1006.43,39.9,7.19,365.0,33.64,normal_monsoon
FC_0000119,2023-02-19,SP,Southern Peninsula,10.22,77.46,8,0.0,18.33,1014.84,92.74,0.59,271.7,13.09,fair_weather
FC_0000120,2023-07-19,CI,Central India,21.43,83.59,7,0.0,15.45,1005.12,57.48,6.84,1643.3,27.25,normal_monsoon
FC_0000121,2023-11-23,NE,East & Northeast India,22.49,86.07,2,0.0,29.86,1011.45,62.86,4.16,552.7,6.11,post_monsoon
FC_0000122,2023-12-08,CI,Central India,25.04,82.97,1,0.0,30.25,1010.08,59.12,6.39,1234.8,4.26,post_monsoon
FC_0000123,2022-05-18,NW,Northwest India,35.33,73.11,7,49.34,11.85,1004.89,65.11,6.73,507.4,37.2,pre_monsoon
FC_0000124,2022-02-11,SP,Southern Peninsula,13.28,78.1,10,67.84,19.78,1010.72,38.17,2.59,256.0,28.64,fair_weather
FC_0000125,2023-03-16,SP,Southern Peninsula,8.56,78.28,5,0.0,24.27,1015.06,25.33,10.03,822.4,8.08,fair_weather
FC_0000126,2021-04-09,SP,Southern Peninsula,8.11,76.79,8,0.0,35.61,999.51,74.19,3.58,147.3,24.85,pre_monsoon
FC_0000127,2022-11-15,NE,East & Northeast India,28.92,88.65,5,0.0,27.01,1016.47,46.48,7.05,50.0,9.38,post_monsoon
FC_0000128,2022-12-27,CI,Central India,25.52,76.5,10,3.59,14.35,1019.75,59.5,8.91,997.3,17.99,post_monsoon
FC_0000129,2023-08-19,SP,Southern Peninsula,10.52,78.46,5,2.42,26.17,1007.62,75.33,3.62,907.0,8.19,normal_monsoon
FC_0000130,2022-09-05,EC,Bay of Bengal & East Coast,19.38,84.51,8,18.88,33.17,996.63,76.86,8.6,1891.3,24.55,monsoon_depression
FC_0000131,2022-10-05,EC,Bay of Bengal & East Coast,20.7,80.36,9,22.25,36.23,1000.47,38.32,5.46,751.9,13.24,post_monsoon
FC_0000132,2023-10-26,CI,Central India,25.38,75.96,2,0.5,26.08,1011.96,62.68,5.92,1290.9,4.71,post_monsoon
FC_0000133,2024-05-26,NE,East & Northeast India,28.52,89.81,8,0.0,32.46,1018.87,52.58,9.32,200.0,14.35,pre_monsoon
FC_0000134,2022-05-18,NE,East & Northeast India,28.08,93.06,7,20.17,28.05,1019.65,27.29,7.3,50.0,10.91,pre_monsoon
FC_0000135,2023-02-06,NW,Northwest India,26.29,77.18,8,0.0,26.7,1001.76,54.5,6.18,1575.3,11.63,fair_weather
FC_0000136,2022-02-02,NW,Northwest India,27.19,70.44,3,14.78,25.02,1013.51,55.1,4.45,989.7,19.23,fair_weather
FC_0000137,2023-05-21,SP,Southern Peninsula,14.51,75.58,4,6.26,27.42,1013.27,58.23,5.33,1228.2,8.96,pre_monsoon
FC_0000138,2023-03-06,WG,Western Ghats & West Coast,10.66,74.77,7,30.62,22.06,1010.04,62.33,3.54,356.4,22.03,fair_weather
FC_0000139,2022-01-28,NW,Northwest India,34.8,69.47,5,0.0,28.72,1016.86,64.45,9.25,50.0,9.8,fair_weather
FC_0000140,2021-07-26,NE,East & Northeast India,25.66,93.53,7,5.07,28.41,1012.37,54.52,12.06,105.6,10.7,normal_monsoon
FC_0000141,2023-11-05,WG,Western Ghats & West Coast,18.33,76.71,6,0.0,27.56,1007.56,58.67,3.99,550.8,11.0,post_monsoon
FC_0000142,2023-06-11,NW,Northwest India,34.2,74.53,4,0.0,19.49,1014.29,46.7,5.49,1501.3,17.87,normal_monsoon
FC_0000143,2023-05-14,CI,Central India,21.47,75.12,2,0.0,46.43,1003.99,17.34,7.06,489.8,4.43,heat_wave
FC_0000144,2023-01-13,EC,Bay of Bengal & East Coast,18.81,88.93,6,13.54,33.33,1006.35,50.46,4.4,1123.5,9.31,fair_weather
FC_0000145,2024-06-18,NW,Northwest India,33.58,68.17,6,21.33,31.23,1003.62,79.06,3.41,1055.0,15.18,normal_monsoon
FC_0000146,2022-07-18,NW,Northwest India,30.45,74.15,6,3.76,35.15,1012.92,69.77,13.58,2310.7,12.53,active_break_monsoon
FC_0000147,2023-10-18,CI,Central India,23.52,81.2,1,11.48,31.8,1007.61,71.59,5.52,194.2,4.26,post_monsoon
FC_0000148,2021-04-06,NE,East & Northeast India,25.74,87.68,6,0.0,18.57,1010.71,40.62,1.19,1098.6,9.93,pre_monsoon
FC_0000149,2022-04-30,SP,Southern Peninsula,15.54,78.83,2,22.05,22.08,1011.69,70.88,3.23,1095.8,5.29,pre_monsoon
FC_0000150,2024-12-01,CI,Central India,19.89,77.22,10,0.0,65.92,1023.6,72.12,4.14,1503.1,46.62,post_monsoon
FC_0000151,2021-08-19,SP,Southern Peninsula,15.38,79.88,5,0.0,22.57,1010.82,68.43,4.51,1637.5,9.74,normal_monsoon
FC_0000152,2023-01-19,NW,Northwest India,29.27,68.38,7,22.51,11.85,1006.98,99.22,16.21,50.0,11.72,western_disturbance
FC_0000153,2024-04-09,NE,East & Northeast India,21.41,88.41,10,35.93,42.07,1007.62,92.01,9.33,3270.8,44.35,pre_monsoon
FC_0000154,2022-06-25,WG,Western Ghats & West Coast,15.55,75.13,1,12.29,28.91,1009.3,75.5,6.03,974.7,3.69,normal_monsoon
FC_0000155,2023-11-26,NW,Northwest India,32.24,75.17,5,4.28,18.35,1006.29,88.23,15.54,1724.4,19.69,western_disturbance
FC_0000156,2022-06-09,CI,Central India,18.15,75.05,9,0.0,31.89,1002.45,100.0,14.92,2898.3,42.63,monsoon_depression
FC_0000157,2024-03-29,WG,Western Ghats & West Coast,12.31,73.2,3,3.22,29.67,1012.31,66.5,3.74,50.0,6.43,fair_weather
FC_0000158,2024-06-20,EC,Bay of Bengal & East Coast,11.83,85.77,2,0.0,31.91,1016.75,69.21,4.87,681.0,4.75,normal_monsoon
FC_0000159,2024-01-15,WG,Western Ghats & West Coast,17.78,75.89,10,26.45,29.3,1013.3,68.07,2.35,925.9,17.78,fair_weather
FC_0000160,2022-08-01,CI,Central India,24.54,80.66,2,0.0,28.46,1009.94,57.51,6.27,527.6,11.25,normal_monsoon
FC_0000161,2022-11-13,WG,Western Ghats & West Coast,16.82,73.72,3,16.13,20.8,1010.86,77.8,5.32,789.0,20.2,post_monsoon
FC_0000162,2022-07-11,CI,Central India,25.94,75.83,1,17.99,27.76,989.06,94.02,17.44,3632.7,5.65,monsoon_depression
FC_0000163,2023-10-10,NW,Northwest India,26.79,70.89,2,17.31,30.22,1007.3,66.33,6.35,455.7,4.47,post_monsoon
FC_0000164,2022-10-08,NE,East & Northeast India,29.29,96.86,6,7.73,34.59,1012.25,52.93,3.44,1982.3,17.51,post_monsoon
FC_0000165,2023-03-07,EC,Bay of Bengal & East Coast,19.74,85.66,8,59.14,0.47,1002.58,41.4,2.55,202.2,35.86,fair_weather
FC_0000166,2023-11-18,NE,East & Northeast India,25.42,96.65,4,4.85,26.35,1013.08,46.34,5.75,1194.9,11.68,post_monsoon
FC_0000167,2024-09-25,NE,East & Northeast India,26.91,96.34,2,33.74,27.9,1013.81,61.5,4.02,1262.6,5.04,normal_monsoon
FC_0000168,2024-09-16,NE,East & Northeast India,23.69,89.01,5,0.0,31.73,1003.57,100.0,9.83,1451.9,10.53,active_break_monsoon
FC_0000169,2024-10-03,CI,Central India,24.84,75.5,3,29.38,22.05,1009.52,60.26,6.21,1068.1,6.14,post_monsoon
FC_0000170,2024-06-08,CI,Central India,25.57,79.07,5,0.16,24.42,1006.9,76.99,5.24,161.9,11.46,normal_monsoon
FC_0000171,2021-07-09,EC,Bay of Bengal & East Coast,21.19,83.03,3,112.83,27.07,994.93,100.0,18.0,3456.8,5.75,monsoon_depression
FC_0000172,2024-06-02,CI,Central India,23.73,78.83,4,0.0,31.74,1010.05,80.97,8.36,1678.0,17.52,normal_monsoon
FC_0000173,2024-11-09,SP,Southern Peninsula,13.01,77.77,5,4.58,25.78,1004.9,69.36,5.54,153.4,8.59,post_monsoon
FC_0000174,2024-11-01,CI,Central India,25.74,80.92,7,0.0,20.87,1009.63,68.35,5.93,1961.8,15.86,post_monsoon
FC_0000175,2024-07-30,CI,Central India,20.01,83.1,2,8.01,27.82,1001.52,100.0,8.24,2255.0,9.69,monsoon_depression
FC_0000176,2022-09-25,CI,Central India,20.35,77.72,6,0.0,23.93,1008.09,65.08,7.28,1321.9,10.17,normal_monsoon
FC_0000177,2022-09-20,NW,Northwest India,25.33,77.0,6,4.83,40.23,1010.97,66.03,6.93,1269.1,21.29,normal_monsoon
FC_0000178,2023-08-31,EC,Bay of Bengal & East Coast,14.15,82.33,6,35.04,30.67,997.75,100.0,10.89,2826.9,17.76,monsoon_depression
FC_0000179,2024-07-06,SP,Southern Peninsula,15.36,79.43,7,95.78,26.65,1000.56,71.5,4.37,2532.9,37.58,active_break_monsoon
FC_0000180,2024-10-14,CI,Central India,19.13,81.69,3,4.04,27.62,1012.38,67.7,6.5,687.2,6.67,post_monsoon
FC_0000181,2022-12-11,EC,Bay of Bengal & East Coast,21.04,80.71,5,6.76,29.88,1008.57,81.39,3.14,843.9,9.51,post_monsoon
FC_0000182,2024-12-05,WG,Western Ghats & West Coast,17.9,74.96,9,0.0,11.86,1016.16,33.21,9.12,439.7,46.74,post_monsoon
FC_0000183,2022-10-11,NW,Northwest India,32.7,72.93,9,0.0,32.45,1007.18,30.62,8.47,1717.3,15.15,post_monsoon
FC_0000184,2021-11-14,CI,Central India,23.58,74.34,7,49.69,30.27,1010.19,79.92,7.85,50.0,33.97,post_monsoon
FC_0000185,2024-06-02,SP,Southern Peninsula,14.1,75.18,9,13.98,30.0,1012.18,47.86,3.05,649.6,17.95,normal_monsoon
FC_0000186,2024-06-11,NW,Northwest India,29.92,69.51,3,9.08,27.26,1014.81,60.32,5.54,1375.3,11.01,normal_monsoon
FC_0000187,2022-11-15,SP,Southern Peninsula,14.59,76.73,7,86.44,38.37,1016.79,84.91,12.39,1526.5,35.13,post_monsoon
FC_0000188,2022-10-26,NW,Northwest India,29.9,72.29,1,11.37,23.96,1013.62,64.14,8.98,1069.5,3.54,post_monsoon
FC_0000189,2024-10-29,WG,Western Ghats & West Coast,17.27,74.67,7,24.98,24.51,1007.34,56.39,2.77,50.0,13.15,post_monsoon
FC_0000190,2024-06-10,EC,Bay of Bengal & East Coast,19.68,80.66,3,0.0,32.94,1007.32,56.01,3.54,1079.2,17.0,normal_monsoon
FC_0000191,2024-02-11,NW,Northwest India,26.49,73.52,3,55.92,11.31,1001.22,82.5,15.13,1164.6,5.83,western_disturbance
FC_0000192,2022-03-18,NE,East & Northeast India,29.05,85.9,7,12.86,26.36,1005.42,76.76,2.73,1900.2,10.97,fair_weather
FC_0000193,2022-07-18,WG,Western Ghats & West Coast,8.52,73.2,8,188.74,25.1,1004.32,87.45,18.71,4460.4,12.89,heavy_rainfall
FC_0000194,2024-07-15,NE,East & Northeast India,26.45,89.79,4,9.44,28.74,1013.43,66.85,9.55,1538.8,9.76,normal_monsoon
FC_0000195,2024-11-10,WG,Western Ghats & West Coast,17.91,72.82,1,19.78,21.5,1010.97,69.16,4.14,1071.5,6.0,post_monsoon
FC_0000196,2024-11-11,NE,East & Northeast India,22.67,88.6,5,0.0,33.98,1018.08,50.62,7.89,2061.5,18.8,post_monsoon
FC_0000197,2024-02-11,NE,East & Northeast India,26.33,93.22,10,8.3,25.03,1011.87,59.92,3.54,348.6,21.96,fair_weather
FC_0000198,2023-08-10,SP,Southern Peninsula,8.99,80.19,4,90.05,24.52,1014.12,57.66,3.41,677.3,19.48,normal_monsoon
FC_0000199,2024-01-10,NW,Northwest India,28.43,75.13,9,22.55,26.46,1016.48,50.67,6.96,746.3,12.92,fair_weather
FC_0000200,2022-11-30,NW,Northwest India,30.81,70.23,3,4.23,24.2,1014.5,64.45,5.83,404.1,5.93,post_monsoon
FC_0000201,2021-04-23,WG,Western Ghats & West Coast,18.15,76.18,4,6.33,26.81,1009.98,70.44,6.06,697.9,7.41,pre_monsoon
FC_0000202,2021-01-02,EC,Bay of Bengal & East Coast,15.36,85.3,10,6.86,29.07,1024.52,100.0,0.5,522.9,15.79,fair_weather
FC_0000203,2022-10-04,SP,Southern Peninsula,10.06,78.79,3,11.37,31.44,1012.27,67.91,8.69,448.8,8.95,post_monsoon
FC_0000204,2021-08-08,NW,Northwest India,28.02,76.44,3,29.84,21.28,1011.72,59.28,7.9,1252.8,20.86,normal_monsoon
FC_0000205,2023-05-05,NW,Northwest India,26.83,68.15,7,0.0,17.63,1008.46,58.0,7.49,50.0,11.73,pre_monsoon
FC_0000206,2024-06-02,SP,Southern Peninsula,10.15,76.05,5,8.64,29.66,1007.37,81.24,0.87,857.0,9.12,normal_monsoon
FC_0000207,2022-01-20,CI,Central India,22.07,76.04,5,28.94,25.9,1008.9,69.99,3.21,727.1,10.09,fair_weather
FC_0000208,2024-11-27,SP,Southern Peninsula,14.11,76.33,4,0.0,27.38,1006.78,64.42,4.56,50.0,7.22,post_monsoon
FC_0000209,2024-02-28,NW,Northwest India,33.19,73.78,10,0.0,20.0,1002.63,59.81,2.5,2403.8,42.39,fair_weather
FC_0000210,2023-12-13,EC,Bay of Bengal & East Coast,21.85,89.0,8,0.0,25.53,1019.39,20.91,5.98,524.0,15.16,post_monsoon
FC_0000211,2022-12-31,CI,Central India,24.96,81.6,1,7.03,30.14,1007.14,59.38,5.81,925.4,3.32,post_monsoon
FC_0000212,2024-12-10,NE,East & Northeast India,24.28,94.04,9,16.24,22.05,1019.97,76.55,2.53,850.5,16.44,post_monsoon
FC_0000213,2021-09-04,SP,Southern Peninsula,15.65,75.13,9,12.83,21.7,1006.27,78.53,0.58,2983.1,13.62,normal_monsoon
FC_0000214,2023-04-16,NE,East & Northeast India,25.57,87.62,5,5.89,29.64,1014.43,86.61,9.18,213.0,8.53,pre_monsoon
FC_0000215,2021-07-22,CI,Central India,22.46,78.66,1,157.64,29.78,994.69,100.0,15.0,2729.5,10.69,monsoon_depression
FC_0000216,2024-04-22,CI,Central India,22.61,79.51,2,2.08,45.94,998.47,24.45,6.99,1189.5,5.93,heat_wave
FC_0000217,2021-05-03,CI,Central India,25.68,79.52,2,3.1,28.39,1009.99,53.37,4.67,1303.4,4.66,pre_monsoon
FC_0000218,2022-02-05,WG,Western Ghats & West Coast,18.15,73.94,6,33.09,22.19,1013.7,49.86,0.58,50.0,9.42,fair_weather
FC_0000219,2023-02-06,SP,Southern Peninsula,11.5,77.59,10,64.15,25.17,1009.62,19.9,2.54,1135.0,41.89,fair_weather
FC_0000220,2021-10-21,EC,Bay of Bengal & East Coast,14.07,83.42,9,0.0,20.85,1003.22,53.83,7.3,50.0,26.42,post_monsoon
FC_0000221,2021-10-07,EC,Bay of Bengal & East Coast,17.58,85.22,3,136.38,22.97,971.84,100.0,40.5,3873.4,6.51,cyclone
FC_0000222,2023-06-03,NE,East & Northeast India,26.41,89.22,8,0.0,25.88,1010.34,40.73,2.18,691.8,39.83,normal_monsoon
FC_0000223,2021-07-17,NE,East & Northeast India,23.68,92.34,2,4.05,32.78,1013.39,58.02,2.38,1034.0,8.87,normal_monsoon
FC_0000224,2023-09-09,NE,East & Northeast India,22.13,88.04,5,32.22,28.26,1005.96,56.7,6.92,2504.7,8.75,active_break_monsoon
FC_0000225,2023-01-22,SP,Southern Peninsula,8.34,75.4,4,115.5,25.58,1012.42,37.91,5.59,352.4,27.22,fair_weather
FC_0000226,2021-05-24,NW,Northwest India,27.16,68.2,5,2.41,46.71,1010.79,28.56,8.24,795.6,12.35,heat_wave
FC_0000227,2022-09-01,NE,East & Northeast India,23.09,92.86,4,11.6,26.43,1009.16,45.0,6.35,726.9,16.34,normal_monsoon
FC_0000228,2024-05-09,CI,Central India,18.49,78.37,1,12.48,46.29,1005.9,25.18,7.71,751.6,4.61,heat_wave
FC_0000229,2024-02-22,NE,East & Northeast India,28.76,94.5,1,12.15,25.41,1011.48,83.06,1.99,859.4,3.31,fair_weather
FC_0000230,2021-07-06,CI,Central India,20.44,83.25,6,1.35,23.78,1013.71,49.7,12.75,680.8,9.24,normal_monsoon
FC_0000231,2024-09-11,WG,Western Ghats & West Coast,11.96,72.83,8,0.0,28.86,1011.69,87.76,5.02,951.7,36.33,normal_monsoon
FC_0000232,2022-04-09,NW,Northwest India,36.92,76.7,7,0.0,38.32,1007.33,76.96,6.76,723.6,19.81,pre_monsoon
FC_0000233,2024-10-04,NW,Northwest India,30.06,74.66,4,18.74,26.45,1010.34,23.11,5.82,1278.8,9.3,post_monsoon
FC_0000234,2022-10-22,SP,Southern Peninsula,13.37,76.07,5,130.13,27.49,1003.09,100.0,9.18,4116.7,29.71,cyclone
FC_0000235,2023-02-03,SP,Southern Peninsula,9.6,77.58,8,165.66,23.95,1000.37,89.84,0.5,1088.4,38.8,fair_weather
FC_0000236,2023-08-13,EC,Bay of Bengal & East Coast,21.03,80.09,6,27.5,23.93,1007.96,40.0,2.37,1189.6,23.87,normal_monsoon
FC_0000237,2022-02-07,WG,Western Ghats & West Coast,17.39,72.76,8,0.0,40.93,1011.28,46.59,8.04,283.1,35.04,fair_weather
FC_0000238,2024-10-01,SP,Southern Peninsula,11.83,78.51,6,56.47,22.15,1009.98,51.19,0.68,311.4,30.78,post_monsoon
FC_0000239,2021-05-27,CI,Central India,23.49,74.58,8,9.9,41.57,994.51,29.05,11.55,382.8,31.32,heat_wave
FC_0000240,2024-03-17,WG,Western Ghats & West Coast,13.02,75.13,4,12.53,25.82,1006.62,86.44,6.95,814.0,11.56,fair_weather
FC_0000241,2023-05-14,NW,Northwest India,24.86,69.35,10,0.0,33.18,1004.1,57.19,2.99,50.0,41.95,pre_monsoon
FC_0000242,2022-05-04,CI,Central India,23.31,79.22,2,11.77,27.9,1003.02,43.4,3.68,898.5,5.64,pre_monsoon
FC_0000243,2023-07-18,WG,Western Ghats & West Coast,9.94,74.91,3,79.74,26.08,1000.01,93.6,13.14,3871.4,5.73,heavy_rainfall
FC_0000244,2022-07-05,NW,Northwest India,35.87,68.16,5,22.22,32.34,1007.02,52.01,3.62,1084.4,11.6,normal_monsoon
FC_0000245,2021-12-04,SP,Southern Peninsula,13.14,75.41,4,22.75,26.03,1013.86,35.86,3.42,817.1,11.05,post_monsoon
FC_0000246,2023-05-22,CI,Central India,18.05,75.51,5,39.29,32.9,1012.21,73.79,5.0,485.0,8.37,pre_monsoon
FC_0000247,2022-10-03,CI,Central India,21.38,82.02,1,10.38,29.27,1011.57,48.92,8.13,970.0,8.01,post_monsoon
FC_0000248,2022-04-18,NW,Northwest India,27.66,74.26,1,9.37,43.55,1000.18,27.47,6.09,1281.3,3.28,heat_wave
FC_0000249,2021-05-31,CI,Central India,21.29,76.34,2,4.04,41.92,1001.97,22.1,9.42,910.1,9.58,heat_wave
FC_0000250,2024-12-09,SP,Southern Peninsula,12.11,79.39,2,165.34,27.85,986.21,88.71,32.75,2514.6,5.05,cyclone
FC_0000251,2024-08-14,SP,Southern Peninsula,14.66,79.66,8,40.08,26.32,1006.62,89.52,8.41,739.7,12.18,normal_monsoon
FC_0000252,2021-09-20,SP,Southern Peninsula,10.71,79.36,10,10.29,32.38,1006.22,94.74,2.25,280.8,14.12,normal_monsoon
FC_0000253,2021-05-24,NW,Northwest India,26.76,75.38,4,12.53,27.86,1014.85,53.87,8.59,50.0,17.92,pre_monsoon
FC_0000254,2021-12-12,NE,East & Northeast India,29.06,85.16,6,21.94,30.84,1011.06,61.15,8.88,769.5,9.28,post_monsoon
FC_0000255,2022-09-16,NE,East & Northeast India,24.74,92.77,2,0.0,27.57,1008.3,61.99,4.18,1051.8,12.92,normal_monsoon
FC_0000256,2023-10-14,CI,Central India,23.61,75.76,1,0.0,21.59,1007.48,47.92,4.57,1729.1,4.36,post_monsoon
FC_0000257,2023-05-31,SP,Southern Peninsula,15.78,78.38,7,16.04,21.44,1008.45,44.47,10.37,835.7,12.53,pre_monsoon
FC_0000258,2021-01-02,CI,Central India,19.31,74.21,4,0.0,33.0,1007.12,75.72,5.68,460.2,20.43,fair_weather
FC_0000259,2023-06-16,NW,Northwest India,34.18,68.8,4,16.59,31.51,1011.82,58.42,4.66,400.7,8.83,normal_monsoon
FC_0000260,2024-08-20,CI,Central India,19.13,79.75,2,23.04,20.72,1006.53,74.63,4.84,1533.8,9.31,normal_monsoon
FC_0000261,2021-09-11,EC,Bay of Bengal & East Coast,17.64,86.18,9,17.51,32.84,1002.71,100.0,8.06,2926.4,38.2,monsoon_depression
FC_0000262,2022-03-29,NE,East & Northeast India,24.34,94.29,2,12.48,28.62,1014.21,61.34,4.38,50.0,22.41,fair_weather
FC_0000263,2023-11-27,CI,Central India,25.79,76.71,5,14.34,15.81,1008.52,59.42,7.27,877.4,18.33,post_monsoon
FC_0000264,2024-03-29,CI,Central India,23.62,83.28,6,0.0,16.75,1009.88,74.44,6.59,1369.7,17.85,fair_weather
FC_0000265,2023-10-12,WG,Western Ghats & West Coast,16.24,75.56,3,5.72,26.35,1011.16,55.27,2.3,982.3,9.1,post_monsoon
FC_0000266,2021-01-09,CI,Central India,19.79,79.35,3,7.43,29.06,1012.31,42.66,4.6,1055.9,6.35,fair_weather
FC_0000267,2024-06-10,EC,Bay of Bengal & East Coast,17.19,86.3,6,0.0,27.1,1010.5,64.09,5.5,532.2,12.33,normal_monsoon
FC_0000268,2024-01-28,NE,East & Northeast India,29.47,85.4,5,96.35,42.38,1008.27,73.43,7.99,209.2,23.48,fair_weather
FC_0000269,2023-03-27,WG,Western Ghats & West Coast,8.78,72.85,5,0.0,25.04,1010.12,77.8,6.44,537.8,11.51,fair_weather
FC_0000270,2021-07-27,NW,Northwest India,33.66,69.36,5,0.0,23.77,1010.02,79.51,7.15,2418.0,26.89,active_break_monsoon
FC_0000271,2024-02-29,NW,Northwest India,32.09,71.25,9,7.85,31.17,1010.87,57.09,0.5,1316.9,13.34,fair_weather
FC_0000272,2022-02-08,NE,East & Northeast India,24.89,87.59,8,0.0,25.21,1010.54,64.65,8.79,655.2,14.17,fair_weather
FC_0000273,2021-06-01,NW,Northwest India,35.26,73.86,4,4.35,29.64,1010.52,78.51,11.32,1224.8,9.39,active_break_monsoon
FC_0000274,2021-02-23,EC,Bay of Bengal & East Coast,21.39,85.17,6,0.0,21.74,1006.79,46.77,10.39,172.5,9.22,fair_weather
FC_0000275,2024-02-18,CI,Central India,18.99,75.71,5,1.59,30.57,1009.51,71.26,7.75,189.0,8.87,fair_weather
FC_0000276,2022-09-20,NE,East & Northeast India,29.41,93.71,6,1.6,23.01,1009.83,53.23,8.75,315.0,11.01,normal_monsoon
FC_0000277,2022-08-10,WG,Western Ghats & West Coast,8.59,75.67,8,111.04,27.33,1001.63,70.23,19.88,3257.6,14.89,heavy_rainfall
FC_0000278,2024-12-14,CI,Central India,21.3,77.07,6,0.44,24.84,1014.04,54.15,5.18,1011.4,10.76,post_monsoon
FC_0000279,2024-12-16,NW,Northwest India,26.0,76.4,6,2.08,24.07,1008.81,87.35,0.5,50.0,10.69,post_monsoon
FC_0000280,2021-04-14,NW,Northwest India,24.83,70.9,2,27.31,21.69,1010.93,50.52,3.35,869.5,7.26,pre_monsoon
FC_0000281,2021-09-11,WG,Western Ghats & West Coast,11.68,73.22,7,0.0,17.72,1021.3,43.29,4.93,636.7,25.65,normal_monsoon
FC_0000282,2024-06-04,EC,Bay of Bengal & East Coast,16.59,80.11,3,89.8,27.08,991.84,86.44,20.43,2521.8,5.86,monsoon_depression
FC_0000283,2024-02-10,WG,Western Ghats & West Coast,11.61,76.7,7,0.0,40.37,1010.66,10.4,1.77,1143.4,11.97,fair_weather
FC_0000284,2022-05-25,NE,East & Northeast India,23.64,89.33,5,31.09,26.6,1012.7,42.58,4.25,440.3,8.05,pre_monsoon
FC_0000285,2021-04-09,WG,Western Ghats & West Coast,13.68,75.03,4,0.84,31.5,1002.04,36.24,10.96,196.1,21.68,pre_monsoon
FC_0000286,2021-06-02,NW,Northwest India,34.51,69.9,10,0.0,29.21,1009.18,71.94,14.03,1137.0,14.58,normal_monsoon
FC_0000287,2023-07-03,EC,Bay of Bengal & East Coast,20.59,86.82,1,60.76,30.19,988.7,100.0,11.88,1762.3,3.93,monsoon_depression
FC_0000288,2023-05-28,EC,Bay of Bengal & East Coast,18.95,80.78,8,25.97,30.1,1006.5,79.98,6.96,67.1,14.54,pre_monsoon
FC_0000289,2021-12-04,SP,Southern Peninsula,8.17,78.27,2,7.42,28.2,1011.92,51.56,4.56,576.9,4.6,post_monsoon
FC_0000290,2023-04-02,WG,Western Ghats & West Coast,18.36,75.13,10,187.83,15.1,1005.66,100.0,0.5,788.9,49.97,pre_monsoon
FC_0000291,2024-04-01,NE,East & Northeast India,22.81,86.09,8,17.01,25.77,1018.96,57.75,4.29,50.0,34.02,pre_monsoon
FC_0000292,2023-08-15,NW,Northwest India,33.09,75.22,7,17.4,54.32,1016.53,84.94,6.9,1128.9,28.72,normal_monsoon
FC_0000293,2021-06-10,CI,Central India,19.38,74.28,3,27.12,26.76,1013.49,96.62,2.96,545.3,5.88,normal_monsoon
FC_0000294,2023-03-12,EC,Bay of Bengal & East Coast,15.49,85.24,7,17.27,25.15,1003.88,100.0,8.77,811.6,11.18,fair_weather
FC_0000295,2022-02-02,WG,Western Ghats & West Coast,16.47,76.14,1,8.28,31.63,1014.22,60.29,8.28,716.6,3.93,fair_weather
FC_0000296,2024-07-24,SP,Southern Peninsula,12.88,75.61,5,9.65,26.4,1007.25,82.9,15.04,2919.7,8.6,active_break_monsoon
FC_0000297,2023-03-27,NE,East & Northeast India,26.8,96.81,2,14.29,23.67,1015.51,72.04,5.38,296.0,6.7,fair_weather
FC_0000298,2024-11-16,NE,East & Northeast India,28.7,95.46,2,20.2,26.24,1006.87,74.23,7.19,743.4,6.2,post_monsoon
FC_0000299,2024-03-04,NW,Northwest India,27.93,75.51,3,4.25,28.0,1007.32,69.32,4.43,50.0,11.44,fair_weather
FC_0000300,2024-05-03,EC,Bay of Bengal & East Coast,20.36,86.1,7,0.0,31.24,1015.11,86.89,7.93,1497.7,13.57,pre_monsoon
FC_0000301,2022-02-05,NW,Northwest India,27.26,77.54,2,9.17,28.91,1011.81,43.6,5.38,371.1,7.34,fair_weather
FC_0000302,2022-10-02,SP,Southern Peninsula,11.61,75.71,4,20.19,25.38,1010.97,59.66,1.85,452.2,7.36,post_monsoon
FC_0000303,2023-11-23,CI,Central India,18.88,80.48,4,0.0,29.98,1014.09,67.81,6.4,1269.2,7.14,post_monsoon
FC_0000304,2022-11-19,CI,Central India,21.5,74.94,1,1.6,31.65,1011.69,74.13,8.44,484.8,4.75,post_monsoon
FC_0000305,2022-04-05,CI,Central India,23.92,81.99,7,14.69,28.1,1010.99,57.05,0.82,50.0,11.03,pre_monsoon
FC_0000306,2023-08-13,NE,East & Northeast India,27.17,87.43,4,9.5,28.34,1014.99,48.64,4.76,845.7,7.59,normal_monsoon
FC_0000307,2022-04-15,EC,Bay of Bengal & East Coast,18.59,80.1,1,28.16,25.68,1015.83,53.22,8.64,175.2,6.42,pre_monsoon
FC_0000308,2024-10-30,NW,Northwest India,27.97,71.99,3,18.42,12.78,1010.8,73.55,13.39,758.5,5.95,western_disturbance
FC_0000309,2023-11-12,NW,Northwest India,34.86,71.9,8,0.0,34.78,1003.0,87.35,10.26,50.0,39.31,post_monsoon
FC_0000310,2023-01-20,SP,Southern Peninsula,8.09,76.94,4,0.0,33.12,1004.05,44.35,11.72,1393.2,7.02,fair_weather
FC_0000311,2021-02-07,CI,Central India,21.99,83.49,1,0.0,23.28,1012.45,54.31,8.3,860.4,14.46,fair_weather
FC_0000312,2021-08-18,EC,Bay of Bengal & East Coast,21.35,81.63,7,0.0,26.93,1002.22,83.96,6.95,50.0,10.57,normal_monsoon
FC_0000313,2024-10-20,EC,Bay of Bengal & East Coast,13.04,81.47,8,186.65,25.69,1006.23,89.84,10.37,5826.4,28.41,cyclone
FC_0000314,2022-07-17,SP,Southern Peninsula,14.31,75.03,5,0.0,25.07,1004.63,72.68,14.64,1481.4,17.16,active_break_monsoon
FC_0000315,2022-03-14,WG,Western Ghats & West Coast,9.53,74.92,9,271.42,48.1,1009.63,50.6,7.91,607.7,30.51,fair_weather
FC_0000316,2024-07-30,EC,Bay of Bengal & East Coast,13.72,80.83,7,0.0,47.4,1017.6,46.21,0.5,2239.1,34.19,normal_monsoon
FC_0000317,2021-01-27,EC,Bay of Bengal & East Coast,14.96,82.47,4,0.0,36.88,1006.32,43.84,5.36,869.6,16.29,fair_weather
FC_0000318,2021-08-14,NW,Northwest India,30.64,77.79,9,0.0,37.48,998.68,90.68,15.69,1761.9,13.21,active_break_monsoon
FC_0000319,2024-07-24,SP,Southern Peninsula,8.99,77.05,6,0.0,41.32,1007.09,60.87,6.4,967.3,22.48,normal_monsoon
FC_0000320,2023-03-09,EC,Bay of Bengal & East Coast,21.25,87.89,8,5.54,33.95,1015.04,82.44,8.0,50.0,12.61,fair_weather
FC_0000321,2021-10-11,EC,Bay of Bengal & East Coast,15.34,86.29,2,9.45,21.61,1014.22,60.96,5.34,459.4,5.74,post_monsoon
FC_0000322,2023-05-29,NW,Northwest India,25.14,75.13,5,19.24,25.26,1016.16,71.75,6.93,1557.8,8.21,pre_monsoon
FC_0000323,2023-08-18,EC,Bay of Bengal & East Coast,21.7,84.84,3,136.21,28.3,997.44,92.9,17.07,1904.8,7.98,monsoon_depression
FC_0000324,2022-03-29,NW,Northwest India,30.48,69.87,5,0.0,23.17,1004.41,64.39,7.07,861.4,8.03,fair_weather
FC_0000325,2023-10-17,WG,Western Ghats & West Coast,15.61,75.16,8,0.0,24.98,1012.61,68.43,6.14,50.0,11.73,post_monsoon
FC_0000326,2023-03-27,NE,East & Northeast India,26.54,85.31,6,0.0,25.43,1009.25,77.1,9.48,972.5,9.52,fair_weather
FC_0000327,2022-10-21,NW,Northwest India,31.13,73.95,1,32.45,16.72,1007.68,60.12,9.45,954.4,4.31,western_disturbance
FC_0000328,2022-07-01,NW,Northwest India,26.7,70.08,7,0.0,26.4,1011.22,77.89,4.43,1646.3,14.02,normal_monsoon
FC_0000329,2024-04-30,EC,Bay of Bengal & East Coast,14.04,86.41,10,0.0,32.96,1008.32,44.52,7.23,75.5,30.45,pre_monsoon
FC_0000330,2023-12-09,NW,Northwest India,31.88,76.46,1,4.44,29.4,1010.59,42.96,3.35,413.0,3.67,post_monsoon
FC_0000331,2021-01-17,SP,Southern Peninsula,10.37,80.02,1,2.99,25.34,1015.19,70.52,7.58,941.9,4.46,fair_weather
FC_0000332,2024-04-10,CI,Central India,23.95,77.95,4,0.0,29.69,1013.18,63.01,7.9,1980.6,10.66,pre_monsoon
FC_0000333,2024-05-28,CI,Central India,18.76,76.57,9,0.0,-8.01,1008.29,80.01,11.95,50.0,38.22,pre_monsoon
FC_0000334,2021-06-07,WG,Western Ghats & West Coast,19.48,73.9,8,58.02,30.17,1012.24,95.5,7.16,4828.9,27.42,heavy_rainfall
FC_0000335,2022-04-22,NW,Northwest India,28.29,69.9,10,1.5,23.15,1004.02,57.8,8.89,1011.2,14.49,pre_monsoon
FC_0000336,2023-12-06,SP,Southern Peninsula,14.45,76.52,3,4.09,24.47,1007.63,46.02,4.89,1139.9,6.38,post_monsoon
FC_0000337,2024-10-28,EC,Bay of Bengal & East Coast,14.63,83.73,6,0.0,28.23,1006.64,64.83,0.5,711.0,25.24,post_monsoon
FC_0000338,2022-06-02,EC,Bay of Bengal & East Coast,15.77,83.7,1,10.06,23.53,1008.36,57.17,6.94,409.3,4.84,normal_monsoon
FC_0000339,2021-04-09,NE,East & Northeast India,25.28,94.77,10,5.86,32.03,1016.74,68.38,7.33,212.7,16.0,pre_monsoon
FC_0000340,2023-11-27,WG,Western Ghats & West Coast,17.83,76.09,1,35.35,33.33,1015.66,67.21,4.8,984.5,9.22,post_monsoon
FC_0000341,2021-10-07,SP,Southern Peninsula,8.81,79.4,6,17.54,30.1,1014.75,65.72,6.54,1280.4,10.62,post_monsoon
FC_0000342,2024-10-04,SP,Southern Peninsula,8.96,75.69,5,13.57,31.57,1004.93,89.85,1.77,999.8,10.66,post_monsoon
FC_0000343,2022-05-12,EC,Bay of Bengal & East Coast,21.43,87.37,6,150.16,25.64,999.59,100.0,13.38,3966.8,21.76,cyclone
FC_0000344,2021-10-29,NE,East & Northeast India,25.7,95.5,9,1.75,28.88,1002.17,75.0,6.65,50.0,14.18,post_monsoon
FC_0000345,2021-06-30,EC,Bay of Bengal & East Coast,21.88,85.5,5,42.86,28.28,993.52,74.34,13.72,2890.8,8.95,monsoon_depression
FC_0000346,2022-08-30,NE,East & Northeast India,26.21,94.05,2,23.99,21.66,1013.54,62.67,4.05,1043.3,13.55,normal_monsoon
FC_0000347,2024-01-28,CI,Central India,19.86,75.67,1,13.92,32.03,1011.69,54.76,4.16,342.9,4.15,fair_weather
FC_0000348,2022-12-01,SP,Southern Peninsula,14.08,76.9,2,0.0,22.44,1009.87,61.55,8.42,1090.7,5.15,post_monsoon
FC_0000349,2023-09-20,CI,Central India,19.08,77.15,8,0.0,28.05,1001.94,65.96,1.03,2357.8,30.07,monsoon_depression
FC_0000350,2024-02-14,EC,Bay of Bengal & East Coast,14.95,88.69,1,27.74,30.56,1013.76,71.01,5.71,594.5,3.94,fair_weather
FC_0000351,2021-07-10,WG,Western Ghats & West Coast,16.38,74.89,6,15.52,30.11,1011.16,95.94,13.62,2486.9,29.61,heavy_rainfall
FC_0000352,2021-09-10,NW,Northwest India,36.6,77.03,5,1.35,25.78,1008.56,54.1,8.82,715.1,12.31,normal_monsoon
FC_0000353,2023-09-08,WG,Western Ghats & West Coast,14.14,76.58,10,57.75,27.89,1015.51,50.48,0.5,247.1,15.8,normal_monsoon
FC_0000354,2023-07-17,WG,Western Ghats & West Coast,12.85,73.54,9,0.0,31.32,1004.14,51.09,14.91,840.7,37.63,normal_monsoon
FC_0000355,2024-03-30,NW,Northwest India,27.02,74.62,4,0.0,24.65,1012.17,41.79,5.85,384.9,6.8,fair_weather
FC_0000356,2024-07-03,SP,Southern Peninsula,12.01,78.62,5,21.52,28.39,1013.89,70.29,13.43,2412.3,8.39,active_break_monsoon
FC_0000357,2024-09-08,CI,Central India,23.49,74.22,5,49.31,27.95,998.42,79.02,20.75,3056.1,9.21,monsoon_depression
FC_0000358,2021-05-08,CI,Central India,18.43,79.33,2,11.67,22.24,1011.93,56.94,8.47,1208.7,5.09,pre_monsoon
FC_0000359,2021-01-18,SP,Southern Peninsula,9.53,78.48,2,42.3,29.44,1007.68,68.18,3.78,776.5,5.12,fair_weather
FC_0000360,2022-07-20,NW,Northwest India,31.18,73.86,9,15.63,23.97,1014.02,31.23,3.36,2539.6,14.17,normal_monsoon
FC_0000361,2022-07-24,NE,East & Northeast India,23.57,92.68,3,17.53,31.98,1008.37,95.25,10.06,2160.1,5.92,active_break_monsoon
FC_0000362,2024-09-08,WG,Western Ghats & West Coast,17.95,76.99,6,41.55,22.41,1011.81,84.09,0.5,2398.4,27.8,heavy_rainfall
FC_0000363,2022-11-17,EC,Bay of Bengal & East Coast,20.22,85.02,4,103.23,26.75,981.96,100.0,4.76,3823.7,17.81,cyclone
FC_0000364,2022-09-18,CI,Central India,19.55,80.81,4,12.23,28.21,1016.31,65.36,4.39,698.0,6.87,normal_monsoon
FC_0000365,2024-08-04,SP,Southern Peninsula,15.5,76.17,5,4.68,22.35,1010.81,45.34,8.29,263.2,20.02,normal_monsoon
FC_0000366,2023-05-04,EC,Bay of Bengal & East Coast,13.82,81.34,5,13.73,28.23,1009.7,57.89,5.76,973.8,8.67,pre_monsoon
FC_0000367,2023-08-20,NW,Northwest India,33.58,72.07,7,0.0,36.7,1010.69,75.54,3.91,1855.7,29.18,normal_monsoon
FC_0000368,2021-06-04,EC,Bay of Bengal & East Coast,11.69,87.87,7,33.62,32.97,1006.59,100.0,7.23,2782.2,33.89,monsoon_depression
FC_0000369,2022-05-05,EC,Bay of Bengal & East Coast,17.13,82.98,1,238.04,28.0,984.25,99.77,43.2,2536.0,4.18,cyclone
FC_0000370,2024-11-10,WG,Western Ghats & West Coast,12.13,73.81,6,0.0,29.74,1007.39,82.63,5.61,1090.3,9.77,post_monsoon
FC_0000371,2023-02-24,NW,Northwest India,29.92,71.37,4,126.8,22.0,1012.86,78.09,9.65,869.4,19.24,fair_weather
FC_0000372,2024-02-02,EC,Bay of Bengal & East Coast,17.03,86.96,2,4.41,22.81,1009.16,61.76,8.51,1371.6,4.47,fair_weather
FC_0000373,2024-11-17,CI,Central India,23.4,76.94,6,24.7,22.17,1008.76,52.05,5.25,2424.8,9.22,post_monsoon
FC_0000374,2021-09-03,NW,Northwest India,30.87,76.4,7,0.0,25.24,1013.39,37.79,11.38,1540.0,11.48,normal_monsoon
FC_0000375,2024-04-14,CI,Central India,18.55,74.78,2,90.31,24.18,1009.5,66.57,7.03,246.2,14.18,pre_monsoon
FC_0000376,2023-11-29,SP,Southern Peninsula,12.45,78.52,2,0.0,26.49,1012.85,46.16,6.52,839.8,6.39,post_monsoon
FC_0000377,2023-01-29,SP,Southern Peninsula,9.69,79.1,10,0.0,19.61,1007.14,75.09,0.5,927.5,14.01,fair_weather
FC_0000378,2022-06-22,NE,East & Northeast India,26.49,96.08,7,0.0,-5.75,1011.75,59.19,6.03,50.0,25.49,normal_monsoon
FC_0000379,2023-07-10,SP,Southern Peninsula,9.35,79.13,9,6.11,33.76,1018.88,80.25,0.5,769.8,14.84,normal_monsoon
FC_0000380,2022-02-12,EC,Bay of Bengal & East Coast,11.92,85.09,3,11.71,30.02,1019.1,74.0,6.95,1172.0,6.54,fair_weather
FC_0000381,2022-06-09,NW,Northwest India,31.17,71.88,3,2.48,26.92,1011.16,53.44,5.68,50.0,5.61,normal_monsoon
FC_0000382,2023-04-08,SP,Southern Peninsula,14.76,75.02,8,151.82,47.66,1011.51,27.06,13.77,1535.0,37.2,pre_monsoon
FC_0000383,2023-06-22,CI,Central India,22.16,76.17,2,7.6,25.48,1013.53,58.79,6.03,1119.6,7.45,normal_monsoon
FC_0000384,2021-02-05,EC,Bay of Bengal & East Coast,19.18,80.39,9,5.7,24.07,1011.95,45.38,1.51,1578.5,12.95,fair_weather
FC_0000385,2022-11-16,SP,Southern Peninsula,14.65,79.61,7,0.0,8.43,1014.25,12.41,8.29,1266.1,29.14,post_monsoon
FC_0000386,2021-01-20,WG,Western Ghats & West Coast,17.99,73.19,8,0.0,25.82,1012.59,44.06,5.57,1224.4,12.08,fair_weather
FC_0000387,2021-11-17,CI,Central India,23.04,74.14,9,0.0,31.52,1015.23,35.1,4.78,1769.3,13.17,post_monsoon
FC_0000388,2022-05-27,CI,Central India,24.78,81.23,3,14.43,25.22,1004.28,54.73,7.21,906.0,8.59,pre_monsoon
FC_0000389,2022-02-04,NE,East & Northeast India,25.51,93.77,6,0.0,14.58,1010.31,43.92,4.4,2083.7,24.93,fair_weather
FC_0000390,2022-10-16,WG,Western Ghats & West Coast,9.13,74.88,8,0.0,27.55,1007.63,62.38,0.5,735.6,13.06,post_monsoon
FC_0000391,2023-08-30,NE,East & Northeast India,23.48,96.67,1,0.0,22.12,1009.17,56.77,4.63,525.4,10.21,normal_monsoon
FC_0000392,2022-04-16,SP,Southern Peninsula,14.86,79.03,6,11.8,22.05,1004.28,40.77,10.51,362.2,13.54,pre_monsoon
FC_0000393,2024-03-12,WG,Western Ghats & West Coast,19.2,74.06,3,137.08,16.65,1017.37,74.57,5.75,1229.7,20.65,fair_weather
FC_0000394,2024-01-21,CI,Central India,25.21,77.25,8,27.52,29.8,1004.84,57.48,4.45,1072.6,11.68,fair_weather
FC_0000395,2024-10-09,NE,East & Northeast India,27.23,93.84,9,0.0,44.84,1009.02,21.06,3.37,225.2,38.17,post_monsoon
FC_0000396,2023-04-14,EC,Bay of Bengal & East Coast,11.2,83.25,5,4.19,30.14,1007.68,60.81,7.29,934.9,8.33,pre_monsoon
FC_0000397,2022-12-28,WG,Western Ghats & West Coast,8.23,76.99,2,0.0,23.26,1013.7,58.95,7.3,531.1,7.62,post_monsoon
FC_0000398,2023-05-04,CI,Central India,18.98,79.43,7,21.82,19.41,1014.8,43.91,7.06,965.2,13.98,pre_monsoon
FC_0000399,2021-02-20,NW,Northwest India,34.28,70.01,6,10.82,17.83,1013.16,58.42,16.37,1093.8,9.72,western_disturbance
FC_0000400,2022-07-29,WG,Western Ghats & West Coast,13.82,75.23,6,12.76,29.8,1015.66,79.05,1.69,1065.9,9.52,normal_monsoon
FC_0000401,2024-04-28,WG,Western Ghats & West Coast,9.92,76.0,1,5.78,32.58,1010.57,60.87,5.31,665.1,4.54,pre_monsoon
FC_0000402,2024-02-23,SP,Southern Peninsula,10.39,76.16,1,0.0,33.32,1014.2,47.6,7.54,769.2,8.37,fair_weather
FC_0000403,2021-05-30,EC,Bay of Bengal & East Coast,17.14,83.69,6,254.96,26.06,986.77,80.28,40.01,3367.4,9.87,cyclone
FC_0000404,2021-11-10,SP,Southern Peninsula,15.36,79.84,6,5.21,27.14,1016.28,45.11,5.98,1101.2,11.99,post_monsoon
FC_0000405,2022-07-24,WG,Western Ghats & West Coast,13.8,74.12,4,103.31,23.48,1008.31,100.0,20.39,2649.1,7.55,heavy_rainfall
FC_0000406,2024-09-27,WG,Western Ghats & West Coast,11.91,73.7,8,21.28,21.02,1007.22,100.0,12.83,4157.6,35.68,heavy_rainfall
FC_0000407,2021-11-01,EC,Bay of Bengal & East Coast,16.99,87.24,9,0.0,38.29,1013.86,45.3,12.46,1463.4,12.96,post_monsoon
FC_0000408,2022-11-13,EC,Bay of Bengal & East Coast,14.42,81.71,6,83.5,21.97,1002.23,94.61,23.9,2944.6,16.66,cyclone
FC_0000409,2023-04-18,NE,East & Northeast India,25.04,85.83,10,13.11,50.61,1014.81,45.75,7.31,1969.8,36.81,pre_monsoon
FC_0000410,2023-12-14,CI,Central India,23.61,79.18,8,31.2,33.05,1014.46,67.06,3.55,1050.0,13.78,post_monsoon
FC_0000411,2023-09-30,CI,Central India,21.97,77.0,8,1.46,27.68,1008.65,77.04,4.34,50.0,13.68,normal_monsoon
FC_0000412,2022-03-20,NE,East & Northeast India,28.69,86.09,2,7.9,24.77,1013.88,56.9,2.83,85.3,5.14,fair_weather
FC_0000413,2022-09-05,CI,Central India,24.96,77.77,4,40.07,27.43,1004.43,82.56,5.38,3814.2,18.07,monsoon_depression
FC_0000414,2023-09-20,WG,Western Ghats & West Coast,18.57,75.78,1,177.06,27.6,1005.59,97.73,12.78,2081.3,3.28,heavy_rainfall
FC_0000415,2021-09-21,NE,East & Northeast India,21.89,94.98,1,0.0,24.34,1011.25,72.87,6.15,1176.2,3.77,normal_monsoon
FC_0000416,2023-12-13,NE,East & Northeast India,26.8,85.39,6,17.16,28.47,1013.78,78.23,2.37,360.9,9.89,post_monsoon
FC_0000417,2023-10-01,CI,Central India,19.07,80.36,7,32.1,27.24,1013.22,37.34,6.02,1642.6,13.14,post_monsoon
FC_0000418,2021-01-05,NW,Northwest India,32.61,75.47,5,2.24,31.18,1015.04,28.12,4.62,488.1,11.36,fair_weather
FC_0000419,2024-02-01,CI,Central India,23.76,80.6,8,86.4,10.15,1015.73,80.29,3.29,419.9,23.53,fair_weather
FC_0000420,2024-05-04,SP,Southern Peninsula,14.13,78.16,9,10.09,28.86,1012.33,67.13,3.05,567.5,13.08,pre_monsoon
FC_0000421,2023-02-13,NW,Northwest India,27.39,77.12,4,0.21,34.46,1008.2,76.61,6.11,705.5,17.9,fair_weather
FC_0000422,2023-05-27,NE,East & Northeast India,21.15,89.4,1,9.99,33.36,1012.82,37.49,4.99,880.2,3.3,pre_monsoon
FC_0000423,2023-09-19,NW,Northwest India,33.48,72.27,6,0.2,27.59,1008.12,51.15,4.35,50.0,10.05,normal_monsoon
FC_0000424,2023-06-03,WG,Western Ghats & West Coast,8.3,72.8,1,85.38,24.39,1005.28,89.02,19.89,3600.7,4.17,heavy_rainfall
FC_0000425,2024-10-05,EC,Bay of Bengal & East Coast,18.14,88.68,2,283.06,28.1,991.15,98.96,13.29,3389.0,16.7,cyclone
FC_0000426,2021-02-16,NW,Northwest India,31.17,73.07,4,11.48,14.27,1003.71,93.73,11.04,903.9,22.07,western_disturbance
FC_0000427,2023-05-17,SP,Southern Peninsula,10.55,76.41,4,12.91,29.4,1011.16,57.24,2.55,366.8,7.77,pre_monsoon
FC_0000428,2023-04-03,EC,Bay of Bengal & East Coast,11.23,82.46,6,0.0,30.86,1011.93,51.81,6.39,375.3,10.11,pre_monsoon
FC_0000429,2023-07-25,WG,Western Ghats & West Coast,13.39,73.39,8,52.84,26.69,1009.45,85.89,1.78,2783.0,37.78,heavy_rainfall
FC_0000430,2022-10-18,SP,Southern Peninsula,8.7,78.95,3,3.48,32.81,1010.98,46.87,3.79,810.7,6.88,post_monsoon
FC_0000431,2021-09-26,EC,Bay of Bengal & East Coast,20.84,88.43,6,0.0,31.7,1004.06,74.64,14.86,1166.9,21.46,normal_monsoon
FC_0000432,2022-01-05,WG,Western Ghats & West Coast,15.42,72.74,3,15.67,32.78,1008.8,59.83,4.77,1487.0,16.35,fair_weather
FC_0000433,2022-09-28,EC,Bay of Bengal & East Coast,19.15,80.99,2,31.29,31.21,991.58,99.81,23.27,3664.2,4.47,monsoon_depression
FC_0000434,2024-02-04,EC,Bay of Bengal & East Coast,18.37,87.01,4,5.21,25.72,1011.12,87.19,0.5,1504.2,7.22,fair_weather
FC_0000435,2022-10-19,CI,Central India,23.81,83.52,4,27.75,21.51,1014.6,69.42,5.7,1708.6,11.52,post_monsoon
FC_0000436,2021-04-30,SP,Southern Peninsula,13.91,78.81,2,0.0,17.6,1012.08,68.05,6.83,1419.4,16.62,pre_monsoon
FC_0000437,2023-04-11,SP,Southern Peninsula,10.09,80.09,3,0.0,24.19,1008.5,38.44,2.17,1085.6,6.35,pre_monsoon
FC_0000438,2023-12-18,NW,Northwest India,26.33,77.05,9,0.0,28.64,1009.0,70.65,4.42,1585.6,12.98,post_monsoon
FC_0000439,2024-10-01,SP,Southern Peninsula,10.5,75.72,10,0.0,28.02,1001.34,30.65,11.65,379.8,14.68,post_monsoon
FC_0000440,2023-01-11,SP,Southern Peninsula,14.61,75.01,9,290.52,35.06,1010.7,100.0,8.39,1144.7,23.73,fair_weather
FC_0000441,2021-04-27,EC,Bay of Bengal & East Coast,20.15,82.36,10,42.56,31.29,1009.76,67.92,7.89,650.2,16.16,pre_monsoon
FC_0000442,2023-03-02,NE,East & Northeast India,28.52,93.3,7,0.0,21.37,1010.16,64.49,11.74,50.0,12.36,fair_weather
FC_0000443,2024-02-25,CI,Central India,23.33,77.65,2,0.0,24.49,1012.98,74.71,6.31,875.4,9.4,fair_weather
FC_0000444,2024-11-17,NW,Northwest India,24.77,76.3,5,7.31,26.58,1021.02,65.73,10.31,263.3,8.52,post_monsoon
FC_0000445,2023-10-10,CI,Central India,19.37,77.72,8,0.0,26.21,1015.26,47.34,2.13,393.1,12.77,post_monsoon
FC_0000446,2023-12-18,NW,Northwest India,31.8,72.82,1,1.36,25.74,1015.07,50.05,5.23,1054.5,3.62,post_monsoon
FC_0000447,2022-09-26,WG,Western Ghats & West Coast,10.38,73.13,1,210.48,23.65,1004.28,100.0,20.78,2138.8,5.83,heavy_rainfall
FC_0000448,2022-05-28,EC,Bay of Bengal & East Coast,12.36,87.77,6,197.64,28.04,985.07,94.56,44.11,4471.8,13.59,cyclone
FC_0000449,2023-03-13,SP,Southern Peninsula,8.25,80.37,7,38.62,30.82,1007.27,36.57,3.36,1075.0,11.98,fair_weather
FC_0000450,2024-01-25,SP,Southern Peninsula,9.59,75.61,7,106.1,20.26,1015.46,65.85,7.81,736.8,29.42,fair_weather
FC_0000451,2024-02-16,NE,East & Northeast India,25.9,85.96,3,33.29,24.63,1014.37,81.95,6.39,188.0,6.09,fair_weather
FC_0000452,2022-07-14,CI,Central India,22.82,82.51,10,0.0,18.68,1014.43,76.02,4.94,949.4,14.01,normal_monsoon
FC_0000453,2022-05-03,CI,Central India,18.38,82.0,4,0.0,35.2,1014.48,76.12,8.66,548.9,15.12,pre_monsoon
FC_0000454,2024-06-14,CI,Central India,21.16,75.59,9,19.67,22.88,1005.33,43.48,0.5,989.2,17.02,normal_monsoon
FC_0000455,2023-06-16,SP,Southern Peninsula,9.41,80.05,10,0.0,34.09,1023.61,68.58,10.82,1110.3,28.42,normal_monsoon
FC_0000456,2024-07-19,CI,Central India,18.88,82.67,4,0.0,30.32,1010.78,78.13,4.49,165.8,7.65,normal_monsoon
FC_0000457,2024-04-27,EC,Bay of Bengal & East Coast,16.99,80.35,5,57.64,29.04,1011.12,55.98,4.49,670.5,9.85,pre_monsoon
FC_0000458,2022-12-05,NW,Northwest India,30.04,76.17,6,6.39,27.03,1008.28,66.92,2.77,718.3,9.24,post_monsoon
FC_0000459,2022-08-04,SP,Southern Peninsula,13.81,77.69,7,25.64,23.67,1003.79,90.79,11.55,3490.1,11.73,active_break_monsoon
FC_0000460,2023-03-01,EC,Bay of Bengal & East Coast,20.46,81.08,5,11.83,32.02,1012.67,55.8,4.48,308.4,11.95,fair_weather
FC_0000461,2023-05-11,WG,Western Ghats & West Coast,18.92,76.31,7,31.22,28.63,1016.71,95.2,4.92,409.2,10.42,pre_monsoon
FC_0000462,2021-09-04,EC,Bay of Bengal & East Coast,18.79,87.36,2,0.0,27.41,1006.54,44.89,0.81,775.3,7.0,normal_monsoon
FC_0000463,2024-01-05,EC,Bay of Bengal & East Coast,16.98,86.08,7,0.0,25.56,1019.38,75.48,6.31,1084.3,10.61,fair_weather
FC_0000464,2021-06-03,WG,Western Ghats & West Coast,14.73,74.1,5,27.52,32.55,1008.19,47.46,5.48,721.8,10.09,normal_monsoon
FC_0000465,2024-12-29,EC,Bay of Bengal & East Coast,17.26,82.32,10,3.86,23.02,1021.69,49.95,2.17,898.5,14.82,post_monsoon
FC_0000466,2023-09-24,NW,Northwest India,29.72,70.81,5,41.35,31.7,1015.79,49.2,5.38,698.1,28.04,normal_monsoon
FC_0000467,2024-01-15,SP,Southern Peninsula,8.98,76.77,6,0.0,29.79,1013.68,57.73,2.96,183.3,10.87,fair_weather
FC_0000468,2022-11-28,NE,East & Northeast India,28.24,89.57,9,0.0,27.29,1016.67,64.11,0.5,369.2,38.3,post_monsoon
FC_0000469,2024-08-01,WG,Western Ghats & West Coast,16.98,73.29,4,55.29,29.18,1002.12,100.0,17.25,1867.1,9.72,heavy_rainfall
FC_0000470,2024-05-28,SP,Southern Peninsula,11.4,75.63,5,0.0,29.35,1007.13,37.54,3.93,863.0,9.64,pre_monsoon
FC_0000471,2023-12-29,CI,Central India,19.11,80.17,5,4.02,20.63,1011.89,44.33,3.48,605.1,12.17,post_monsoon
FC_0000472,2023-12-07,NW,Northwest India,31.9,70.13,3,14.94,27.75,1013.38,54.22,6.4,617.1,6.2,post_monsoon
FC_0000473,2023-10-06,NE,East & Northeast India,25.03,95.36,3,13.72,30.67,1011.71,67.01,3.58,1209.7,7.7,post_monsoon
FC_0000474,2021-04-04,NW,Northwest India,26.26,68.19,1,0.0,28.78,1010.92,48.14,5.8,892.0,4.67,pre_monsoon
FC_0000475,2023-08-16,NW,Northwest India,32.48,68.53,4,2.13,24.81,1012.42,53.72,2.38,1277.6,8.41,normal_monsoon
FC_0000476,2023-10-09,CI,Central India,25.84,80.1,9,5.46,33.61,996.62,64.49,2.51,3197.8,12.94,post_monsoon
FC_0000477,2022-03-29,NE,East & Northeast India,25.0,90.16,2,0.0,27.48,1015.05,67.31,8.92,657.1,12.99,fair_weather
FC_0000478,2024-05-12,NW,Northwest India,31.45,68.91,10,0.0,26.56,1009.15,24.95,6.49,1879.1,15.96,pre_monsoon
FC_0000479,2023-07-01,CI,Central India,25.44,80.26,4,38.54,29.08,1001.86,91.41,10.55,2361.6,15.43,monsoon_depression
FC_0000480,2021-08-06,WG,Western Ghats & West Coast,10.21,75.03,9,18.02,23.32,1011.34,88.67,0.5,50.0,15.25,normal_monsoon
FC_0000481,2022-04-19,CI,Central India,19.07,74.18,9,19.93,22.04,1002.48,88.72,1.07,844.8,13.52,pre_monsoon
FC_0000482,2022-03-08,EC,Bay of Bengal & East Coast,17.94,85.84,8,39.02,32.11,1009.27,62.89,1.67,209.0,11.66,fair_weather
FC_0000483,2021-12-07,SP,Southern Peninsula,12.67,76.01,2,6.11,27.78,1009.65,72.33,4.32,176.8,6.1,post_monsoon
FC_0000484,2022-07-05,CI,Central India,22.83,74.57,3,120.17,31.98,995.02,99.53,16.88,2173.7,8.54,monsoon_depression
FC_0000485,2024-08-05,CI,Central India,22.87,79.54,6,139.57,27.72,991.39,94.27,18.2,1434.9,10.84,monsoon_depression
FC_0000486,2024-07-01,CI,Central India,23.24,82.95,2,7.46,25.74,1007.82,74.93,3.94,83.2,4.45,normal_monsoon
FC_0000487,2021-12-23,NW,Northwest India,35.05,77.81,3,7.22,26.7,1012.02,81.48,1.94,584.0,6.34,post_monsoon
FC_0000488,2021-01-23,NE,East & Northeast India,29.3,94.27,1,7.24,23.1,1010.46,75.91,6.84,1203.5,6.26,fair_weather
FC_0000489,2022-06-06,CI,Central India,25.65,82.67,4,14.21,29.38,1000.49,94.3,5.69,3567.9,24.18,monsoon_depression
FC_0000490,2024-01-29,CI,Central India,23.82,74.75,6,32.78,27.79,1011.39,72.49,6.0,1185.0,9.31,fair_weather
FC_0000491,2023-03-13,EC,Bay of Bengal & East Coast,11.54,87.54,1,4.8,33.96,1009.99,74.24,6.22,684.2,3.53,fair_weather
FC_0000492,2024-04-18,EC,Bay of Bengal & East Coast,16.39,87.33,1,9.81,30.14,1011.71,50.28,4.58,1038.9,5.37,pre_monsoon
FC_0000493,2024-05-31,WG,Western Ghats & West Coast,11.76,74.29,8,5.88,29.9,1010.93,60.86,0.5,541.3,12.25,pre_monsoon
FC_0000494,2023-02-01,WG,Western Ghats & West Coast,16.4,76.62,7,74.32,47.37,1011.07,54.21,5.74,1073.9,38.11,fair_weather
FC_0000495,2022-03-18,EC,Bay of Bengal & East Coast,11.97,87.75,7,0.0,26.43,1021.43,52.67,8.45,695.5,12.02,fair_weather
FC_0000496,2023-02-08,NE,East & Northeast India,27.74,88.79,7,16.36,31.6,1002.51,70.7,11.13,758.9,10.69,fair_weather
FC_0000497,2023-10-13,WG,Western Ghats & West Coast,12.26,72.71,5,22.53,23.22,1012.79,60.6,5.14,1894.2,8.2,post_monsoon
FC_0000498,2024-09-10,SP,Southern Peninsula,8.13,77.62,4,49.01,21.2,1009.73,59.62,7.95,544.0,13.13,normal_monsoon
FC_0000499,2022-05-31,SP,Southern Peninsula,8.76,76.07,7,13.13,25.59,1015.03,60.4,7.28,516.6,10.58,pre_monsoon
FC_0000500,2023-11-06,NE,East & Northeast India,28.2,91.85,3,0.0,36.61,1008.17,64.0,4.93,1258.8,19.58,post_monsoon
FC_0000501,2023-03-03,EC,Bay of Bengal & East Coast,17.97,81.69,9,249.36,10.45,1013.45,79.41,0.5,734.0,24.06,fair_weather
FC_0000502,2021-12-02,WG,Western Ghats & West Coast,17.94,76.41,2,11.53,26.41,1014.77,50.71,2.6,1127.0,11.23,post_monsoon
FC_0000503,2021-09-15,CI,Central India,22.19,83.13,1,9.08,29.08,1007.44,85.43,13.4,3612.5,9.09,monsoon_depression
FC_0000504,2022-05-12,EC,Bay of Bengal & East Coast,20.29,86.58,8,7.1,27.44,1005.26,61.06,2.7,1331.3,15.56,pre_monsoon
FC_0000505,2023-06-15,WG,Western Ghats & West Coast,16.81,72.97,6,0.0,24.63,1021.5,31.45,4.15,1340.4,10.33,normal_monsoon
FC_0000506,2021-06-09,NE,East & Northeast India,23.3,85.8,4,0.0,28.56,1006.35,56.47,5.28,681.4,9.57,normal_monsoon
FC_0000507,2023-05-02,SP,Southern Peninsula,8.07,75.87,10,3.67,34.04,1007.34,32.93,6.25,2400.2,14.76,pre_monsoon
FC_0000508,2022-11-21,NE,East & Northeast India,28.48,87.88,9,12.84,28.78,1009.77,100.0,13.86,1018.7,13.3,post_monsoon
FC_0000509,2022-01-15,WG,Western Ghats & West Coast,19.64,75.19,5,18.36,31.01,1015.92,73.69,1.82,813.9,8.16,fair_weather
FC_0000510,2023-08-15,NE,East & Northeast India,23.02,90.97,1,2.17,27.99,1006.1,58.91,4.46,838.9,3.31,normal_monsoon
FC_0000511,2022-11-22,WG,Western Ghats & West Coast,10.63,76.93,1,10.48,31.71,1015.13,31.37,2.9,669.3,3.36,post_monsoon
FC_0000512,2024-12-21,WG,Western Ghats & West Coast,18.17,72.62,7,0.0,27.82,1009.55,42.36,16.03,1003.0,29.09,post_monsoon
FC_0000513,2024-07-15,NE,East & Northeast India,29.06,93.65,1,8.8,30.26,1014.66,56.06,4.14,841.6,4.64,normal_monsoon
FC_0000514,2024-12-11,NW,Northwest India,25.07,74.71,6,27.15,18.14,1001.24,39.75,4.69,1358.2,29.83,post_monsoon
FC_0000515,2024-04-06,CI,Central India,23.18,76.19,7,43.62,36.95,1009.47,77.42,11.28,1269.7,10.49,pre_monsoon
FC_0000516,2023-12-03,EC,Bay of Bengal & East Coast,19.34,80.78,10,15.72,16.72,1006.68,62.85,7.08,50.0,14.67,post_monsoon
FC_0000517,2021-10-12,SP,Southern Peninsula,11.92,75.05,5,213.82,27.39,971.02,93.6,35.95,3495.5,12.3,cyclone
FC_0000518,2022-02-01,CI,Central India,25.75,81.52,3,22.66,29.27,1009.86,69.42,11.77,197.7,5.93,fair_weather
FC_0000519,2021-01-12,EC,Bay of Bengal & East Coast,12.75,83.08,3,0.0,30.39,1013.1,74.15,4.43,883.7,18.77,fair_weather
FC_0000520,2024-08-18,EC,Bay of Bengal & East Coast,12.77,86.9,2,0.0,24.1,1014.47,69.66,6.18,845.8,5.63,normal_monsoon
FC_0000521,2024-06-30,SP,Southern Peninsula,8.47,79.62,1,18.31,30.66,1006.98,71.77,10.91,2307.0,4.19,active_break_monsoon
FC_0000522,2022-05-14,CI,Central India,25.54,80.77,8,0.0,40.06,998.79,27.65,12.89,50.0,30.59,heat_wave
FC_0000523,2023-01-24,SP,Southern Peninsula,9.7,76.98,9,0.0,25.19,1012.26,96.34,0.5,1438.6,15.6,fair_weather
FC_0000524,2021-02-04,WG,Western Ghats & West Coast,13.73,75.22,2,9.46,31.84,1007.82,59.5,5.47,673.5,7.0,fair_weather
FC_0000525,2022-12-28,SP,Southern Peninsula,13.35,78.05,4,0.0,30.49,1013.76,54.04,6.42,931.5,10.75,post_monsoon
FC_0000526,2023-04-29,NE,East & Northeast India,23.99,95.69,3,0.0,26.39,1010.77,68.62,4.02,326.0,15.86,pre_monsoon
FC_0000527,2021-03-31,NW,Northwest India,25.06,72.66,4,2.86,24.48,1013.9,71.85,5.25,1258.2,14.0,fair_weather
FC_0000528,2023-02-15,NW,Northwest India,34.08,68.61,4,40.45,17.34,1004.79,77.49,12.51,894.1,7.39,western_disturbance
FC_0000529,2022-08-28,NW,Northwest India,33.17,76.2,8,17.04,28.2,1010.25,66.69,4.9,50.0,12.73,normal_monsoon
FC_0000530,2023-08-28,CI,Central India,23.29,74.13,3,127.35,27.6,990.68,94.56,14.41,3006.8,5.66,monsoon_depression
FC_0000531,2023-10-19,CI,Central India,19.44,77.42,3,0.0,21.05,1010.99,49.82,5.73,485.7,6.29,post_monsoon
FC_0000532,2022-02-22,WG,Western Ghats & West Coast,10.8,76.83,6,23.59,21.53,1016.44,74.95,8.87,1127.5,11.6,fair_weather
FC_0000533,2021-04-25,NW,Northwest India,32.47,70.97,3,5.67,21.57,1007.74,53.62,1.59,1207.1,7.25,pre_monsoon
FC_0000534,2022-09-09,WG,Western Ghats & West Coast,19.16,75.83,5,0.0,5.73,1013.67,29.84,4.14,698.7,20.79,normal_monsoon
FC_0000535,2024-05-04,NW,Northwest India,27.7,71.79,4,13.78,30.09,1005.05,59.54,4.8,1537.6,6.93,pre_monsoon
FC_0000536,2023-04-06,CI,Central India,19.6,83.71,4,0.0,19.75,1013.6,56.31,11.13,812.2,9.88,pre_monsoon
FC_0000537,2024-01-04,NE,East & Northeast India,25.4,95.75,2,8.28,20.57,1005.11,59.56,6.25,613.9,8.83,fair_weather
FC_0000538,2022-02-17,NE,East & Northeast India,23.95,95.33,9,0.0,52.02,1020.03,73.7,2.38,1199.7,43.92,fair_weather
FC_0000539,2024-10-31,NE,East & Northeast India,21.46,96.79,5,44.07,20.77,1012.96,65.22,4.19,1365.9,8.87,post_monsoon
FC_0000540,2024-12-14,SP,Southern Peninsula,15.3,77.0,5,105.68,30.3,965.12,93.87,47.79,3214.7,9.29,cyclone
FC_0000541,2022-12-30,NE,East & Northeast India,27.59,94.03,7,0.0,30.41,1008.49,75.93,0.7,73.2,12.79,post_monsoon
FC_0000542,2024-07-24,EC,Bay of Bengal & East Coast,20.91,82.77,3,17.13,32.15,1005.2,45.81,7.06,1396.8,17.49,normal_monsoon
FC_0000543,2023-10-18,NW,Northwest India,30.05,76.65,6,1.76,30.58,1013.53,50.43,8.84,208.1,11.16,post_monsoon
FC_0000544,2023-01-31,NE,East & Northeast India,27.62,89.72,1,13.25,26.37,1010.1,69.81,7.46,763.2,4.43,fair_weather
FC_0000545,2022-11-07,EC,Bay of Bengal & East Coast,20.3,80.42,5,0.0,34.21,1013.7,56.67,3.03,670.3,8.1,post_monsoon
FC_0000546,2024-11-18,EC,Bay of Bengal & East Coast,19.6,81.86,5,381.74,29.16,991.54,97.21,37.86,3820.8,8.84,cyclone
FC_0000547,2022-04-02,EC,Bay of Bengal & East Coast,14.15,84.44,9,30.62,27.44,1010.35,49.15,4.87,301.3,16.03,pre_monsoon
FC_0000548,2023-07-09,WG,Western Ghats & West Coast,13.4,74.84,5,23.97,27.2,1006.42,56.5,8.38,184.7,10.44,normal_monsoon
FC_0000549,2021-07-11,WG,Western Ghats & West Coast,14.54,73.99,8,22.5,23.45,1011.21,67.07,7.23,50.0,13.79,normal_monsoon
FC_0000550,2023-01-09,EC,Bay of Bengal & East Coast,12.93,86.92,3,16.27,31.08,1011.71,51.87,8.65,994.8,6.73,fair_weather
FC_0000551,2024-01-28,SP,Southern Peninsula,11.2,77.78,6,42.4,39.15,1010.69,65.0,2.15,157.4,19.5,fair_weather
FC_0000552,2023-09-05,NE,East & Northeast India,26.48,95.92,2,13.1,33.38,1008.68,81.09,7.46,1742.2,5.04,active_break_monsoon
FC_0000553,2023-10-06,NW,Northwest India,33.2,68.45,9,19.73,5.53,1001.88,97.13,11.95,1031.3,15.81,western_disturbance
FC_0000554,2021-04-06,SP,Southern Peninsula,14.71,80.44,6,3.76,23.82,1015.17,70.54,5.84,1294.7,9.71,pre_monsoon
FC_0000555,2022-10-25,CI,Central India,21.78,83.7,5,103.21,21.36,1009.2,42.7,4.18,961.4,22.65,post_monsoon
FC_0000556,2024-04-28,WG,Western Ghats & West Coast,14.57,74.57,9,0.0,15.5,1016.24,72.09,0.5,574.8,36.93,pre_monsoon
FC_0000557,2021-02-06,NE,East & Northeast India,23.82,92.89,1,0.0,22.44,1011.22,43.61,4.39,526.9,4.47,fair_weather
FC_0000558,2024-10-24,NE,East & Northeast India,22.95,86.26,3,12.62,26.57,1013.15,69.96,3.66,478.5,5.84,post_monsoon
FC_0000559,2021-10-06,CI,Central India,18.22,76.92,2,20.72,21.62,1009.7,56.97,4.37,665.5,14.97,post_monsoon
FC_0000560,2021-08-05,CI,Central India,21.17,79.52,9,0.0,32.65,999.28,16.9,4.2,821.1,13.82,normal_monsoon
FC_0000561,2023-05-17,NE,East & Northeast India,23.49,96.81,6,0.0,55.62,1008.69,29.09,2.95,1422.8,22.38,pre_monsoon
FC_0000562,2023-05-23,CI,Central India,20.33,78.41,6,74.48,15.9,1010.94,59.45,8.5,336.0,30.05,pre_monsoon
FC_0000563,2024-07-20,NE,East & Northeast India,21.88,88.13,5,0.57,29.01,1009.1,50.28,10.66,392.6,9.26,normal_monsoon
FC_0000564,2021-03-03,SP,Southern Peninsula,8.39,78.08,4,14.17,31.62,1015.67,41.15,1.26,2125.7,9.14,fair_weather
FC_0000565,2022-08-19,CI,Central India,24.01,75.96,4,33.23,26.12,1003.83,95.99,12.4,2323.6,18.49,monsoon_depression
FC_0000566,2022-12-30,SP,Southern Peninsula,10.94,75.09,2,13.25,31.02,1009.77,61.26,4.63,731.0,4.49,post_monsoon
FC_0000567,2024-09-27,SP,Southern Peninsula,14.72,79.29,7,0.0,31.59,1004.39,81.5,16.67,975.9,12.72,active_break_monsoon
FC_0000568,2022-02-01,CI,Central India,18.51,77.65,6,12.17,27.27,1013.46,76.52,7.16,763.2,11.29,fair_weather
FC_0000569,2022-11-30,NE,East & Northeast India,29.12,89.7,3,5.19,30.21,1007.9,75.11,2.96,1307.8,7.67,post_monsoon
FC_0000570,2023-11-09,EC,Bay of Bengal & East Coast,16.79,83.2,7,250.23,26.04,983.83,92.51,45.37,3107.5,13.71,cyclone
FC_0000571,2021-06-26,NE,East & Northeast India,26.07,96.74,9,0.0,38.49,1009.23,68.01,0.5,1264.1,44.91,normal_monsoon
FC_0000572,2022-01-31,NW,Northwest India,36.97,75.75,10,4.55,19.62,1011.68,97.03,14.33,936.9,33.05,western_disturbance
FC_0000573,2022-03-21,CI,Central India,21.23,78.94,1,6.65,32.75,1012.25,40.56,7.84,1026.6,3.24,fair_weather
FC_0000574,2024-06-10,WG,Western Ghats & West Coast,12.28,76.94,10,243.12,35.91,1008.78,100.0,18.43,4405.8,15.65,heavy_rainfall
FC_0000575,2021-03-17,CI,Central India,23.66,78.49,8,15.26,23.32,1010.59,38.9,9.56,623.5,13.03,fair_weather
FC_0000576,2021-09-22,NW,Northwest India,24.16,73.2,2,0.0,32.72,1011.38,55.59,4.18,355.4,5.73,normal_monsoon
FC_0000577,2022-03-31,SP,Southern Peninsula,15.87,77.88,1,0.0,25.55,1008.13,50.31,6.63,419.9,7.86,fair_weather
FC_0000578,2022-12-19,WG,Western Ghats & West Coast,10.19,72.6,9,16.7,26.11,1005.34,62.7,0.5,933.1,13.02,post_monsoon
FC_0000579,2023-01-05,WG,Western Ghats & West Coast,12.26,76.63,2,2.54,28.58,1014.57,60.64,7.14,383.2,4.5,fair_weather
FC_0000580,2024-11-08,NE,East & Northeast India,29.47,96.34,7,27.69,35.23,1012.56,61.72,0.5,1310.4,12.95,post_monsoon
FC_0000581,2023-05-01,EC,Bay of Bengal & East Coast,19.02,85.02,7,68.76,29.89,1013.17,65.27,4.94,1058.8,24.7,pre_monsoon
FC_0000582,2024-10-22,NE,East & Northeast India,26.02,91.47,1,9.65,31.42,1009.91,50.69,5.52,834.0,3.53,post_monsoon
FC_0000583,2021-05-24,WG,Western Ghats & West Coast,16.48,74.38,10,0.0,31.94,1007.6,39.78,9.69,429.9,40.08,pre_monsoon
FC_0000584,2023-06-04,WG,Western Ghats & West Coast,16.03,73.05,1,2.93,28.17,1008.22,43.51,6.72,454.8,5.02,normal_monsoon
FC_0000585,2023-12-29,EC,Bay of Bengal & East Coast,13.92,87.52,7,12.48,21.93,1005.07,47.67,4.91,568.5,11.92,post_monsoon
FC_0000586,2024-01-28,CI,Central India,25.23,79.39,6,4.98,23.24,1015.16,56.7,2.89,154.2,11.14,fair_weather
FC_0000587,2022-01-31,EC,Bay of Bengal & East Coast,11.35,88.34,4,0.0,33.83,1011.02,35.36,6.28,320.9,6.82,fair_weather
FC_0000588,2023-11-15,SP,Southern Peninsula,13.62,77.28,3,1.34,32.55,1011.96,70.46,2.92,417.5,6.45,post_monsoon
FC_0000589,2023-08-06,NE,East & Northeast India,26.09,90.16,5,29.43,45.06,1000.49,81.26,5.15,2913.8,24.27,active_break_monsoon
FC_0000590,2023-06-10,CI,Central India,21.72,82.87,5,160.27,30.14,997.18,89.34,27.23,3726.8,9.6,monsoon_depression
FC_0000591,2024-03-20,NE,East & Northeast India,22.37,86.24,3,8.12,21.57,1011.97,58.23,4.03,50.0,5.64,fair_weather
FC_0000592,2024-03-13,EC,Bay of Bengal & East Coast,11.03,82.83,6,122.54,30.74,1012.07,70.5,4.7,166.7,27.8,fair_weather
FC_0000593,2022-07-23,CI,Central India,19.18,76.2,3,67.7,26.05,989.19,89.02,18.61,2991.4,5.88,monsoon_depression
FC_0000594,2023-11-29,EC,Bay of Bengal & East Coast,11.12,82.04,4,0.23,25.87,1008.96,44.88,7.49,126.1,8.15,post_monsoon
FC_0000595,2021-04-19,SP,Southern Peninsula,10.66,75.17,3,8.01,25.58,1005.63,66.21,8.39,387.8,8.66,pre_monsoon
FC_0000596,2023-12-02,NW,Northwest India,31.9,73.69,6,11.0,14.11,1010.92,71.29,8.11,854.0,9.41,western_disturbance
FC_0000597,2024-04-24,WG,Western Ghats & West Coast,9.16,75.18,9,0.0,32.06,1012.62,72.79,2.08,1274.9,13.38,pre_monsoon
FC_0000598,2023-07-24,CI,Central India,25.99,83.44,3,0.0,27.59,1010.66,50.85,7.07,1622.4,7.43,normal_monsoon
FC_0000599,2022-02-02,WG,Western Ghats & West Coast,8.03,76.08,1,4.91,28.42,1008.96,49.51,1.51,587.6,6.8,fair_weather
FC_0000600,2024-05-31,NW,Northwest India,28.6,68.64,7,29.59,21.57,1010.13,47.97,0.5,191.6,11.05,pre_monsoon
FC_0000601,2022-09-26,CI,Central India,20.37,77.22,5,0.0,33.68,1016.24,44.88,0.5,699.5,21.15,normal_monsoon
FC_0000602,2024-03-02,WG,Western Ghats & West Coast,14.28,75.47,4,0.4,25.56,1013.67,53.47,0.85,83.7,7.03,fair_weather
FC_0000603,2024-04-01,WG,Western Ghats & West Coast,16.99,73.61,3,0.0,22.63,1006.54,55.32,3.84,822.9,5.74,pre_monsoon
FC_0000604,2024-05-23,CI,Central India,20.57,77.08,7,23.43,20.48,1012.81,73.41,7.84,1418.1,10.7,pre_monsoon
FC_0000605,2023-01-03,WG,Western Ghats & West Coast,12.35,77.0,2,18.49,27.17,1007.37,54.52,2.45,2110.4,5.92,fair_weather
FC_0000606,2021-08-23,WG,Western Ghats & West Coast,17.34,76.89,4,0.0,25.85,1010.27,81.72,0.5,588.9,7.27,normal_monsoon
FC_0000607,2022-10-20,CI,Central India,23.54,78.06,2,0.0,28.06,1013.26,45.02,5.66,675.0,13.47,post_monsoon
FC_0000608,2023-01-21,WG,Western Ghats & West Coast,12.68,74.7,10,35.25,28.84,1018.82,45.6,0.5,1523.6,14.44,fair_weather
FC_0000609,2022-08-11,WG,Western Ghats & West Coast,13.0,76.23,8,0.0,23.68,1006.72,72.73,0.5,789.7,12.35,normal_monsoon
FC_0000610,2023-10-30,NE,East & Northeast India,24.95,88.55,3,13.57,32.77,1012.4,43.65,8.66,755.4,6.88,post_monsoon
FC_0000611,2024-01-03,SP,Southern Peninsula,14.2,79.7,5,17.1,30.07,1009.86,50.76,6.69,50.0,8.91,fair_weather
FC_0000612,2023-08-12,NE,East & Northeast India,24.57,93.01,4,0.2,25.05,1012.6,68.86,5.31,551.7,7.8,normal_monsoon
FC_0000613,2022-05-07,NW,Northwest India,24.76,73.29,5,0.0,43.17,1003.91,38.42,5.2,999.8,8.1,heat_wave
FC_0000614,2023-07-02,NE,East & Northeast India,21.38,85.35,4,36.3,21.14,1008.19,44.42,8.07,399.4,19.24,normal_monsoon
FC_0000615,2024-06-30,NE,East & Northeast India,26.21,88.64,8,13.8,14.94,1006.54,15.65,11.98,988.2,11.97,normal_monsoon
FC_0000616,2024-06-07,NW,Northwest India,33.65,76.96,6,1.72,25.98,1013.72,49.42,9.33,749.0,9.23,normal_monsoon
FC_0000617,2024-04-12,WG,Western Ghats & West Coast,9.67,75.76,1,10.0,27.26,1010.1,55.85,8.53,746.9,4.13,pre_monsoon
FC_0000618,2024-04-06,WG,Western Ghats & West Coast,14.17,73.0,5,0.0,28.21,1011.19,45.07,2.58,964.2,8.16,pre_monsoon
FC_0000619,2021-06-19,NE,East & Northeast India,26.54,92.31,1,3.4,24.73,1012.24,77.15,3.66,1186.7,4.6,normal_monsoon
FC_0000620,2024-11-17,NW,Northwest India,30.7,77.26,3,0.0,33.2,1018.88,61.22,5.49,680.5,7.14,post_monsoon
FC_0000621,2023-08-04,WG,Western Ghats & West Coast,14.25,76.96,6,44.55,21.11,1009.36,100.0,4.73,2235.9,23.01,heavy_rainfall
FC_0000622,2023-03-06,EC,Bay of Bengal & East Coast,16.6,81.04,9,0.0,30.29,1007.11,70.63,7.07,266.8,12.88,fair_weather
FC_0000623,2022-09-26,CI,Central India,21.76,75.82,3,72.12,28.32,999.03,95.63,20.73,2113.2,6.2,monsoon_depression
FC_0000624,2024-05-02,CI,Central India,22.78,80.93,4,0.0,48.61,1000.81,15.53,11.55,1011.6,7.12,heat_wave
FC_0000625,2021-01-29,SP,Southern Peninsula,11.75,75.54,10,14.43,28.53,1012.81,11.35,7.72,2359.2,15.36,fair_weather
FC_0000626,2024-04-03,CI,Central India,21.75,74.81,1,7.38,26.75,1012.16,36.63,6.13,363.7,6.28,pre_monsoon
FC_0000627,2024-12-16,NE,East & Northeast India,26.8,94.48,10,93.26,11.23,1009.04,52.51,0.5,50.0,34.36,post_monsoon
FC_0000628,2021-12-05,CI,Central India,25.7,75.49,2,10.24,26.27,1012.58,60.72,7.38,693.3,4.68,post_monsoon
FC_0000629,2024-10-20,CI,Central India,22.26,79.68,7,0.0,30.97,1013.79,48.31,1.14,536.8,36.37,post_monsoon
FC_0000630,2024-09-27,EC,Bay of Bengal & East Coast,21.15,85.65,8,7.34,26.23,1008.64,77.61,0.5,4076.6,25.23,monsoon_depression
FC_0000631,2022-05-15,WG,Western Ghats & West Coast,9.75,74.46,1,8.14,32.25,1007.76,56.85,8.22,519.4,4.48,pre_monsoon
FC_0000632,2022-05-26,EC,Bay of Bengal & East Coast,18.2,86.3,9,89.85,50.86,1009.09,74.56,0.5,1554.2,24.6,pre_monsoon
FC_0000633,2024-09-12,NE,East & Northeast India,28.34,87.17,6,25.75,27.86,1009.96,57.65,7.56,1005.4,12.19,normal_monsoon
FC_0000634,2021-08-05,CI,Central India,25.61,74.59,1,13.63,25.97,1010.52,70.52,8.46,868.1,4.02,normal_monsoon
FC_0000635,2024-08-17,WG,Western Ghats & West Coast,19.81,76.36,4,0.0,18.0,1010.78,61.48,8.25,1385.5,21.44,normal_monsoon
FC_0000636,2024-03-01,SP,Southern Peninsula,13.28,79.04,4,8.58,24.4,1016.1,58.75,2.93,248.1,10.1,fair_weather
FC_0000637,2023-12-30,SP,Southern Peninsula,8.58,75.23,7,59.25,27.98,981.24,82.13,9.66,3445.4,29.02,cyclone
FC_0000638,2024-06-29,CI,Central India,18.81,74.87,1,69.72,29.19,998.94,97.1,12.32,2076.5,11.52,monsoon_depression
FC_0000639,2024-12-09,CI,Central India,22.38,76.15,10,0.0,24.47,1021.38,72.3,0.5,1411.7,17.27,post_monsoon
FC_0000640,2022-03-21,SP,Southern Peninsula,14.88,77.45,9,7.64,27.87,1012.33,51.42,12.14,1616.4,14.99,fair_weather
FC_0000641,2023-05-26,SP,Southern Peninsula,13.56,78.59,1,2.55,25.55,1015.76,59.95,2.08,379.9,3.97,pre_monsoon
FC_0000642,2024-04-20,NE,East & Northeast India,23.72,87.92,10,0.0,59.48,1007.9,40.2,4.44,1435.5,37.31,pre_monsoon
FC_0000643,2021-06-16,CI,Central India,20.74,81.97,3,0.0,25.37,1011.98,54.75,5.05,1040.2,10.5,normal_monsoon
FC_0000644,2021-04-01,SP,Southern Peninsula,12.69,76.39,1,27.55,23.17,1006.43,57.49,3.84,975.4,11.66,pre_monsoon
FC_0000645,2022-12-15,NW,Northwest India,34.63,68.55,1,15.78,32.05,1012.85,52.91,7.61,601.4,5.07,post_monsoon
FC_0000646,2021-02-08,SP,Southern Peninsula,13.59,77.42,4,3.75,29.19,1015.71,54.74,6.22,440.9,7.97,fair_weather
FC_0000647,2024-02-24,WG,Western Ghats & West Coast,16.78,76.67,2,10.5,24.01,1010.14,71.79,5.45,770.2,6.87,fair_weather
FC_0000648,2021-06-22,WG,Western Ghats & West Coast,17.0,74.49,9,116.34,25.16,1003.33,100.0,17.79,2577.4,13.26,heavy_rainfall
FC_0000649,2022-10-15,NW,Northwest India,25.96,76.06,1,12.49,26.19,1008.39,74.87,5.01,114.1,4.21,post_monsoon
FC_0000650,2023-01-24,NE,East & Northeast India,24.92,85.9,3,6.92,21.56,1005.56,42.17,4.43,342.1,7.04,fair_weather
FC_0000651,2024-05-28,CI,Central India,23.75,76.92,2,32.34,36.37,1018.47,35.18,2.9,1434.9,11.82,pre_monsoon
FC_0000652,2023-12-18,CI,Central India,18.39,83.03,1,4.13,29.05,1009.83,74.91,6.17,694.8,4.87,post_monsoon
FC_0000653,2022-04-21,SP,Southern Peninsula,11.86,76.55,9,20.4,18.48,1022.11,54.25,3.2,50.0,14.81,pre_monsoon
FC_0000654,2022-04-01,WG,Western Ghats & West Coast,16.6,76.49,5,0.0,28.22,1014.31,81.32,9.41,704.7,8.39,pre_monsoon
FC_0000655,2023-04-09,NE,East & Northeast India,21.0,93.25,6,0.0,34.55,1015.67,68.24,11.19,945.2,15.66,pre_monsoon
FC_0000656,2023-06-14,NE,East & Northeast India,27.52,87.52,8,27.89,21.01,1012.8,35.81,1.37,1650.2,13.06,normal_monsoon
FC_0000657,2024-10-16,NE,East & Northeast India,25.16,86.07,7,3.31,21.37,1013.34,62.87,5.6,136.3,12.32,post_monsoon
FC_0000658,2023-10-22,SP,Southern Peninsula,13.97,79.66,7,79.75,27.02,972.79,85.8,29.41,2580.8,11.22,cyclone
FC_0000659,2022-01-22,CI,Central India,18.87,82.16,9,0.0,30.4,1011.89,92.8,0.5,627.8,15.03,fair_weather
FC_0000660,2021-12-14,NE,East & Northeast India,27.56,89.16,3,50.19,11.87,1009.45,81.9,3.77,1213.7,14.67,post_monsoon
FC_0000661,2021-07-09,SP,Southern Peninsula,13.52,75.0,10,0.0,44.41,1005.14,52.27,6.55,956.1,47.91,normal_monsoon
FC_0000662,2022-05-20,SP,Southern Peninsula,15.45,78.03,8,20.08,18.58,1014.99,67.36,0.5,1108.0,11.96,pre_monsoon
FC_0000663,2024-04-29,NW,Northwest India,32.06,74.65,6,0.0,20.16,1004.29,50.45,9.88,1153.6,26.87,pre_monsoon
FC_0000664,2024-10-24,EC,Bay of Bengal & East Coast,17.18,87.71,8,0.0,18.14,1009.52,50.21,5.0,1147.1,39.68,post_monsoon
FC_0000665,2024-12-03,NE,East & Northeast India,26.18,95.89,4,2.32,27.66,1009.71,47.94,11.85,50.0,8.76,post_monsoon
FC_0000666,2023-04-04,EC,Bay of Bengal & East Coast,17.41,81.54,1,7.39,22.17,1011.36,62.91,4.81,618.3,3.26,pre_monsoon
FC_0000667,2023-07-18,CI,Central India,25.31,80.82,3,5.1,29.34,994.82,99.48,2.62,3530.0,19.75,monsoon_depression
FC_0000668,2023-07-23,SP,Southern Peninsula,13.59,80.42,10,0.0,29.88,1021.32,46.03,6.16,1186.8,32.22,normal_monsoon
FC_0000669,2024-02-15,NE,East & Northeast India,21.64,90.14,3,18.34,24.92,1013.18,73.11,7.16,820.8,5.86,fair_weather
FC_0000670,2021-05-14,WG,Western Ghats & West Coast,10.87,75.34,1,2.62,25.17,1014.18,46.07,3.25,434.1,6.5,pre_monsoon
FC_0000671,2021-02-27,CI,Central India,24.45,83.66,5,17.17,5.09,1011.93,53.87,0.5,268.3,25.87,fair_weather
FC_0000672,2022-11-16,NW,Northwest India,29.91,75.86,6,54.74,16.05,1012.43,74.67,10.76,590.9,18.15,western_disturbance
FC_0000673,2022-11-03,NW,Northwest India,35.92,74.83,9,83.5,13.76,1012.28,85.39,23.5,601.1,13.81,western_disturbance
FC_0000674,2021-06-22,EC,Bay of Bengal & East Coast,13.67,85.47,8,0.0,38.67,1006.63,64.84,0.5,656.5,30.44,normal_monsoon
FC_0000675,2023-03-26,SP,Southern Peninsula,15.76,80.43,4,6.01,20.2,1009.04,89.55,7.32,1150.9,7.52,fair_weather
FC_0000676,2024-03-18,EC,Bay of Bengal & East Coast,18.07,87.98,6,19.93,25.86,1015.61,70.89,8.43,507.8,9.84,fair_weather
FC_0000677,2021-03-21,WG,Western Ghats & West Coast,10.4,73.61,3,6.49,21.93,1009.42,65.69,2.7,1195.7,6.07,fair_weather
FC_0000678,2023-06-05,WG,Western Ghats & West Coast,19.43,73.11,1,43.19,27.37,1012.32,91.97,7.19,2663.6,9.07,heavy_rainfall
FC_0000679,2024-05-21,NW,Northwest India,26.48,72.21,9,16.19,26.11,1018.73,46.8,3.3,2102.2,13.73,pre_monsoon
FC_0000680,2021-07-22,NE,East & Northeast India,26.01,92.25,8,0.0,25.11,1002.76,76.9,9.87,2058.7,13.61,normal_monsoon
FC_0000681,2023-02-03,NW,Northwest India,27.8,77.21,6,0.0,21.75,1007.99,74.58,4.39,1165.8,10.21,fair_weather
FC_0000682,2024-06-06,NW,Northwest India,35.9,71.92,3,11.65,31.79,1010.31,82.24,7.71,2293.0,6.09,active_break_monsoon
FC_0000683,2024-06-04,WG,Western Ghats & West Coast,13.21,75.66,5,0.0,27.73,1010.24,33.03,10.66,1345.3,10.1,normal_monsoon
FC_0000684,2024-11-26,EC,Bay of Bengal & East Coast,18.29,83.44,9,15.52,32.53,1000.81,82.44,0.5,370.4,13.92,post_monsoon
FC_0000685,2021-02-16,WG,Western Ghats & West Coast,12.97,74.07,7,25.61,24.17,1014.89,61.01,9.91,50.0,13.05,fair_weather
FC_0000686,2024-06-10,SP,Southern Peninsula,9.88,77.52,2,8.35,23.94,1010.5,70.1,5.51,359.2,5.96,normal_monsoon
FC_0000687,2024-08-21,WG,Western Ghats & West Coast,16.24,75.84,6,27.65,20.31,1010.54,54.38,4.5,591.9,11.22,normal_monsoon
FC_0000688,2024-03-12,WG,Western Ghats & West Coast,17.35,74.19,9,0.0,32.69,1008.77,61.3,0.5,217.6,16.82,fair_weather
FC_0000689,2024-12-09,NW,Northwest India,33.94,68.07,10,51.09,15.52,1015.88,67.12,8.7,1011.5,27.95,western_disturbance
FC_0000690,2024-10-28,NE,East & Northeast India,25.05,94.53,1,0.0,19.35,1010.85,67.65,5.58,1142.5,10.11,post_monsoon
FC_0000691,2024-07-06,NW,Northwest India,32.19,72.74,5,6.43,36.27,1007.59,68.94,7.15,2393.5,9.39,active_break_monsoon
FC_0000692,2022-10-18,CI,Central India,23.16,83.07,9,0.0,29.77,999.65,70.33,8.43,1802.6,13.12,post_monsoon
FC_0000693,2022-04-16,WG,Western Ghats & West Coast,14.8,76.1,3,3.37,26.79,1011.56,60.66,4.2,50.0,5.84,pre_monsoon
FC_0000694,2023-08-29,WG,Western Ghats & West Coast,19.77,75.68,3,26.97,28.93,1011.3,100.0,0.5,3205.0,15.3,heavy_rainfall
FC_0000695,2023-11-02,CI,Central India,22.59,74.37,10,0.0,20.66,1001.62,54.72,6.63,2510.4,43.71,post_monsoon
FC_0000696,2024-09-15,WG,Western Ghats & West Coast,12.49,75.04,9,35.46,29.06,1013.97,89.32,4.0,2880.6,13.67,normal_monsoon
FC_0000697,2023-01-06,WG,Western Ghats & West Coast,17.57,74.47,3,0.0,20.47,1010.32,45.78,5.15,50.0,15.98,fair_weather
FC_0000698,2023-02-23,SP,Southern Peninsula,15.68,76.49,9,28.0,27.5,1004.2,46.91,0.58,1324.4,14.6,fair_weather
FC_0000699,2023-08-26,WG,Western Ghats & West Coast,16.93,74.39,10,165.06,32.64,1011.05,40.48,16.14,916.6,25.84,normal_monsoon
FC_0000700,2021-12-24,CI,Central India,21.89,82.03,3,10.51,32.83,1006.49,24.23,7.2,670.3,6.24,post_monsoon
FC_0000701,2023-08-30,NW,Northwest India,27.85,68.97,8,0.0,21.92,1009.88,68.76,4.85,1356.6,12.98,normal_monsoon
FC_0000702,2024-12-02,WG,Western Ghats & West Coast,14.24,74.88,10,34.5,-11.1,1013.52,97.55,2.13,2092.1,32.47,post_monsoon
FC_0000703,2022-10-30,NE,East & Northeast India,27.78,96.62,9,0.0,36.41,1013.58,41.78,2.79,659.5,43.62,post_monsoon
FC_0000704,2022-01-08,CI,Central India,18.44,79.92,3,0.0,24.44,1019.07,69.03,6.23,1021.3,5.6,fair_weather
FC_0000705,2023-10-29,EC,Bay of Bengal & East Coast,18.49,88.87,1,21.73,22.93,1009.1,60.98,5.04,1010.8,4.78,post_monsoon
FC_0000706,2024-02-20,SP,Southern Peninsula,15.54,78.92,9,0.0,36.27,1009.17,87.13,1.49,50.0,13.1,fair_weather
FC_0000707,2024-10-03,CI,Central India,22.17,75.62,7,0.0,18.79,1009.21,33.27,0.68,1671.8,29.8,post_monsoon
FC_0000708,2022-11-07,NW,Northwest India,28.99,73.85,6,10.38,33.92,1012.31,22.12,6.65,463.5,11.16,post_monsoon
FC_0000709,2021-03-31,CI,Central India,23.8,80.35,4,0.0,21.26,1010.8,47.05,1.35,999.2,17.98,fair_weather
FC_0000710,2022-11-29,EC,Bay of Bengal & East Coast,18.86,83.86,5,455.33,26.09,989.23,90.05,19.2,4378.9,20.17,cyclone
FC_0000711,2024-09-01,SP,Southern Peninsula,13.82,75.79,7,64.7,32.11,1004.32,61.79,13.97,3037.3,11.0,active_break_monsoon
FC_0000712,2024-04-16,NE,East & Northeast India,22.38,86.95,9,4.99,31.78,1009.88,71.95,18.86,272.2,13.24,pre_monsoon
FC_0000713,2022-06-24,EC,Bay of Bengal & East Coast,20.8,80.68,6,20.96,26.32,1010.53,89.38,8.46,1518.3,11.62,normal_monsoon
FC_0000714,2023-01-02,CI,Central India,24.41,76.34,4,67.26,33.66,1014.83,55.65,7.78,935.5,23.98,fair_weather
FC_0000715,2023-05-19,EC,Bay of Bengal & East Coast,16.15,88.24,4,108.89,23.94,971.03,87.17,53.98,2911.6,8.13,cyclone
FC_0000716,2021-02-10,CI,Central India,22.69,76.1,10,0.0,28.45,1009.55,70.41,3.15,862.6,40.91,fair_weather
FC_0000717,2023-01-10,NE,East & Northeast India,23.41,96.05,3,0.0,26.09,1012.98,73.69,4.4,712.4,13.66,fair_weather
FC_0000718,2022-05-17,NE,East & Northeast India,24.63,92.04,2,0.0,26.47,1013.74,60.86,4.24,1130.8,12.58,pre_monsoon
FC_0000719,2023-08-17,NW,Northwest India,29.98,71.78,4,0.0,28.98,1006.46,77.05,10.89,1938.9,14.52,active_break_monsoon
FC_0000720,2024-03-14,NE,East & Northeast India,22.9,93.23,6,1.55,24.48,1009.49,51.62,1.53,787.7,12.53,fair_weather
FC_0000721,2024-05-09,WG,Western Ghats & West Coast,16.62,73.74,1,0.0,32.19,1016.81,71.55,5.62,563.9,5.39,pre_monsoon
FC_0000722,2023-07-18,EC,Bay of Bengal & East Coast,19.68,87.69,2,21.8,31.8,994.69,78.83,23.28,3616.4,5.86,monsoon_depression
FC_0000723,2022-04-06,EC,Bay of Bengal & East Coast,21.13,81.45,8,0.0,31.42,1001.99,84.98,7.04,454.0,12.64,pre_monsoon
FC_0000724,2023-01-02,CI,Central India,20.43,82.6,3,0.0,30.81,1016.09,55.71,5.08,490.6,5.9,fair_weather
FC_0000725,2023-01-22,NE,East & Northeast India,22.69,85.04,1,14.09,30.06,1009.19,47.98,5.25,1224.7,4.94,fair_weather
FC_0000726,2023-07-14,NW,Northwest India,35.32,71.26,2,1.38,23.4,1007.76,41.89,7.04,1197.7,5.72,normal_monsoon
FC_0000727,2023-06-28,NW,Northwest India,29.39,72.46,3,0.0,33.45,1007.87,67.49,8.05,2734.1,14.81,active_break_monsoon
FC_0000728,2024-06-30,NW,Northwest India,35.03,71.38,2,1.93,32.34,1013.06,70.75,5.74,1560.7,4.56,normal_monsoon
FC_0000729,2022-01-25,SP,Southern Peninsula,15.14,78.39,4,9.81,26.62,1013.1,45.12,5.42,744.6,7.75,fair_weather
FC_0000730,2023-06-02,WG,Western Ghats & West Coast,14.33,73.97,4,0.0,27.23,1019.68,79.82,3.57,323.1,8.19,normal_monsoon
FC_0000731,2021-09-13,NE,East & Northeast India,23.07,92.49,10,0.0,24.14,1003.99,68.09,4.35,1024.4,16.23,normal_monsoon
FC_0000732,2022-12-10,NW,Northwest India,29.81,77.11,2,2.92,27.99,1015.52,74.51,5.47,1229.7,8.28,post_monsoon
FC_0000733,2022-03-26,WG,Western Ghats & West Coast,13.9,74.8,1,0.0,25.09,1004.93,49.11,4.26,951.1,3.28,fair_weather
FC_0000734,2021-01-10,EC,Bay of Bengal & East Coast,15.58,87.1,3,10.88,27.56,1006.6,38.88,4.54,852.6,6.02,fair_weather
FC_0000735,2023-04-04,CI,Central India,21.4,76.69,4,4.52,27.1,1019.66,71.77,4.62,988.2,6.84,pre_monsoon
FC_0000736,2023-03-09,NE,East & Northeast India,28.33,92.16,6,0.0,28.9,1018.07,82.88,2.06,1840.2,9.61,fair_weather
FC_0000737,2024-06-19,NE,East & Northeast India,26.03,92.33,5,18.72,19.77,1016.27,68.23,2.95,131.3,8.46,normal_monsoon
FC_0000738,2024-06-28,SP,Southern Peninsula,13.75,76.72,2,0.0,25.29,1007.36,71.41,6.19,1343.9,4.63,normal_monsoon
FC_0000739,2023-05-27,EC,Bay of Bengal & East Coast,11.37,87.3,4,0.0,28.16,1007.85,72.4,2.65,999.8,18.42,pre_monsoon
FC_0000740,2023-10-26,NE,East & Northeast India,22.1,93.66,6,22.59,33.38,1013.32,67.2,1.74,1247.4,10.73,post_monsoon
FC_0000741,2024-02-17,SP,Southern Peninsula,8.66,77.06,4,34.66,22.42,1010.26,66.99,6.45,983.1,25.36,fair_weather
FC_0000742,2023-10-13,SP,Southern Peninsula,8.5,77.87,7,0.0,25.53,1011.83,53.72,0.5,518.6,12.79,post_monsoon
FC_0000743,2022-01-09,SP,Southern Peninsula,13.23,75.94,6,0.0,30.77,1013.09,63.2,14.28,491.4,9.51,fair_weather
FC_0000744,2023-12-25,NE,East & Northeast India,24.16,96.16,6,0.0,32.35,1008.5,51.96,5.37,1181.1,9.28,post_monsoon
FC_0000745,2021-05-26,NE,East & Northeast India,24.76,94.63,10,61.78,28.05,1009.24,78.85,0.5,701.4,14.84,pre_monsoon
FC_0000746,2021-08-12,NE,East & Northeast India,28.88,96.69,2,7.75,27.5,1015.5,77.56,4.26,1132.4,4.76,normal_monsoon
FC_0000747,2024-06-16,WG,Western Ghats & West Coast,18.78,73.93,7,8.31,24.03,1007.14,36.7,4.46,2047.6,10.5,normal_monsoon
FC_0000748,2021-06-26,SP,Southern Peninsula,15.7,79.47,9,122.28,59.8,1006.94,76.69,0.5,505.9,26.25,normal_monsoon
FC_0000749,2023-05-03,WG,Western Ghats & West Coast,18.05,72.57,6,38.53,32.23,1008.55,43.77,2.77,249.0,10.22,pre_monsoon
FC_0000750,2024-07-29,CI,Central India,25.63,81.78,8,0.0,30.66,1010.43,88.13,2.57,2315.6,22.05,normal_monsoon
FC_0000751,2021-03-04,NE,East & Northeast India,27.53,85.98,6,0.0,16.83,1012.83,76.27,3.58,50.0,24.52,fair_weather
FC_0000752,2024-05-25,EC,Bay of Bengal & East Coast,13.56,88.66,6,76.33,46.18,1012.99,64.04,8.92,1277.5,35.81,pre_monsoon
FC_0000753,2023-04-07,NW,Northwest India,30.51,71.98,4,0.0,38.7,1003.77,16.24,9.68,2781.0,23.46,heat_wave
FC_0000754,2023-03-06,CI,Central India,24.72,74.87,6,13.73,26.97,1007.05,44.8,8.46,1914.2,9.54,fair_weather
FC_0000755,2022-11-20,NW,Northwest India,29.42,71.76,10,16.76,19.11,1010.83,47.19,0.5,1126.7,18.79,post_monsoon
FC_0000756,2021-04-15,NW,Northwest India,28.55,71.08,4,79.28,27.54,1009.9,44.32,9.21,472.3,22.2,pre_monsoon
FC_0000757,2024-01-28,NE,East & Northeast India,22.79,87.07,10,0.0,23.37,1025.98,28.48,0.5,839.1,18.02,fair_weather
FC_0000758,2022-05-26,EC,Bay of Bengal & East Coast,18.04,88.27,6,95.77,25.86,988.7,60.85,25.52,2474.6,27.91,cyclone
FC_0000759,2022-01-20,NW,Northwest India,30.62,70.98,1,56.78,11.99,1010.2,80.19,15.96,50.0,7.5,western_disturbance
FC_0000760,2022-02-09,SP,Southern Peninsula,9.27,79.57,7,0.0,15.32,1012.88,69.81,5.28,1496.6,34.42,fair_weather
FC_0000761,2023-04-03,NW,Northwest India,36.63,71.49,2,18.98,32.03,1006.99,61.22,8.62,500.7,6.79,pre_monsoon
FC_0000762,2022-06-02,CI,Central India,20.33,80.01,6,21.09,27.93,1003.84,39.3,8.71,1666.0,9.24,normal_monsoon
FC_0000763,2022-04-21,EC,Bay of Bengal & East Coast,19.53,84.1,9,5.28,33.71,1009.68,60.59,5.05,50.0,13.43,pre_monsoon
FC_0000764,2022-12-10,EC,Bay of Bengal & East Coast,17.93,86.45,10,0.0,62.03,1010.95,84.62,5.09,50.0,50.19,post_monsoon
FC_0000765,2023-02-10,NW,Northwest India,36.49,69.65,3,11.39,27.7,1013.34,45.53,4.71,1189.6,7.0,fair_weather
FC_0000766,2024-12-31,EC,Bay of Bengal & East Coast,21.97,83.53,4,11.02,23.84,1005.45,41.6,4.78,1051.3,10.58,post_monsoon
FC_0000767,2023-11-13,CI,Central India,23.79,79.72,5,0.0,23.19,1005.54,40.46,3.11,874.1,27.49,post_monsoon
FC_0000768,2023-09-24,CI,Central India,21.89,80.98,8,0.0,51.39,1014.7,49.58,5.71,1522.8,34.32,normal_monsoon
FC_0000769,2022-11-08,CI,Central India,21.17,75.26,10,0.0,28.55,1010.65,66.42,0.5,1052.5,14.19,post_monsoon
FC_0000770,2022-12-15,SP,Southern Peninsula,11.91,77.87,6,150.6,27.68,1003.51,100.0,8.11,3517.3,34.87,cyclone
FC_0000771,2021-03-24,NE,East & Northeast India,22.72,96.23,8,0.0,22.13,1017.56,42.93,0.5,1048.5,12.06,fair_weather
FC_0000772,2024-03-14,NW,Northwest India,26.96,72.09,3,0.0,29.77,1010.39,50.18,5.65,50.0,6.27,fair_weather
FC_0000773,2024-01-14,EC,Bay of Bengal & East Coast,12.7,84.82,3,10.26,19.78,1007.98,64.54,7.19,493.4,13.96,fair_weather
FC_0000774,2024-01-07,CI,Central India,20.46,78.89,9,36.18,19.63,1009.83,36.88,14.35,50.0,19.07,fair_weather
FC_0000775,2022-04-02,NW,Northwest India,26.92,68.54,6,15.43,33.62,1006.1,41.84,10.14,521.5,14.74,pre_monsoon
FC_0000776,2021-01-01,NW,Northwest India,34.13,74.41,8,2.83,18.85,1007.28,51.31,3.8,342.5,28.29,western_disturbance
FC_0000777,2021-02-20,NE,East & Northeast India,23.9,85.57,4,21.71,27.59,1014.87,67.21,3.8,917.6,7.37,fair_weather
FC_0000778,2022-11-16,SP,Southern Peninsula,14.92,75.93,5,87.92,29.54,1008.82,100.0,6.39,4490.5,26.22,cyclone
FC_0000779,2022-12-18,EC,Bay of Bengal & East Coast,21.24,84.31,9,82.12,37.73,1011.94,83.25,1.14,448.9,30.49,post_monsoon
FC_0000780,2022-03-25,SP,Southern Peninsula,10.72,79.08,7,24.77,22.52,1009.37,45.54,11.39,1459.7,12.42,fair_weather
FC_0000781,2023-05-31,EC,Bay of Bengal & East Coast,20.65,83.34,5,610.92,30.62,989.83,79.33,13.66,4570.4,36.29,cyclone
FC_0000782,2022-05-03,CI,Central India,21.26,78.33,7,10.92,32.93,1011.24,38.4,3.15,1128.2,10.8,pre_monsoon
FC_0000783,2021-02-03,CI,Central India,25.38,80.93,9,35.88,27.6,1009.94,36.29,7.39,846.1,13.11,fair_weather
FC_0000784,2024-10-03,NW,Northwest India,27.22,69.85,3,55.32,24.69,1004.48,71.76,4.03,1048.5,8.37,post_monsoon
FC_0000785,2021-04-05,EC,Bay of Bengal & East Coast,13.53,82.37,3,11.58,31.01,1012.78,46.49,4.17,502.5,8.87,pre_monsoon
FC_0000786,2024-01-01,EC,Bay of Bengal & East Coast,13.53,85.93,4,41.78,20.62,1014.06,42.28,4.35,356.4,11.19,fair_weather
FC_0000787,2021-06-03,SP,Southern Peninsula,8.93,77.13,10,38.86,20.42,1009.46,40.85,0.5,718.6,46.23,normal_monsoon
FC_0000788,2021-09-07,CI,Central India,23.0,76.91,7,29.62,5.51,1005.55,38.85,4.72,50.0,28.58,normal_monsoon
FC_0000789,2022-11-05,WG,Western Ghats & West Coast,8.78,72.87,5,5.68,21.9,1011.06,57.71,1.51,1874.8,9.26,post_monsoon
FC_0000790,2022-03-14,NW,Northwest India,25.64,76.36,5,20.44,30.63,1008.41,42.56,0.5,50.0,13.71,fair_weather
FC_0000791,2021-04-28,EC,Bay of Bengal & East Coast,18.24,80.58,4,26.13,27.51,1011.42,86.54,3.12,1479.2,8.49,pre_monsoon
FC_0000792,2023-02-10,NE,East & Northeast India,24.32,88.34,8,0.0,33.8,1020.1,78.96,5.48,1365.7,29.07,fair_weather
FC_0000793,2024-08-22,NE,East & Northeast India,25.91,91.27,3,0.0,30.84,1007.68,68.1,5.98,1811.6,19.64,normal_monsoon
FC_0000794,2021-09-25,WG,Western Ghats & West Coast,13.77,73.92,2,63.33,25.74,1012.63,94.43,2.5,3418.2,9.3,heavy_rainfall
FC_0000795,2023-12-14,CI,Central India,19.1,81.42,4,10.15,21.89,1015.54,53.13,9.44,937.5,10.26,post_monsoon
FC_0000796,2021-08-24,CI,Central India,25.04,83.44,8,12.79,25.56,1010.73,69.24,6.36,360.6,35.64,normal_monsoon
FC_0000797,2022-01-24,CI,Central India,18.47,81.4,4,4.01,29.92,1010.24,54.84,2.93,1619.4,8.25,fair_weather
FC_0000798,2023-09-17,SP,Southern Peninsula,13.81,80.21,8,48.28,23.17,1012.82,63.16,5.28,1178.1,11.9,normal_monsoon
FC_0000799,2023-02-02,NE,East & Northeast India,23.15,93.91,5,0.84,28.03,1009.4,40.31,6.06,795.9,9.07,fair_weather
FC_0000800,2022-02-05,CI,Central India,18.44,80.31,9,46.11,58.56,1009.75,67.57,5.23,1079.9,32.01,fair_weather
FC_0000801,2022-09-16,NE,East & Northeast India,23.98,94.23,2,0.0,30.65,1009.2,68.93,4.72,992.8,4.69,normal_monsoon
FC_0000802,2023-02-06,WG,Western Ghats & West Coast,18.36,74.14,8,51.26,26.95,1017.61,64.18,5.57,1383.0,13.16,fair_weather
FC_0000803,2024-08-19,NW,Northwest India,30.83,69.17,7,3.35,29.75,1002.76,73.46,9.04,874.9,10.94,normal_monsoon
FC_0000804,2023-07-08,SP,Southern Peninsula,11.34,76.98,2,9.0,27.8,1014.57,54.16,4.24,733.4,8.09,normal_monsoon
FC_0000805,2024-05-15,EC,Bay of Bengal & East Coast,13.01,88.05,5,2.72,23.94,1013.01,49.1,2.84,706.6,28.52,pre_monsoon
FC_0000806,2024-06-06,WG,Western Ghats & West Coast,9.78,75.36,6,0.0,25.29,1011.58,43.79,2.37,50.0,10.55,normal_monsoon
FC_0000807,2023-05-03,NE,East & Northeast India,28.57,95.94,9,0.0,30.12,1012.06,59.16,4.66,1494.5,41.92,pre_monsoon
FC_0000808,2022-08-01,WG,Western Ghats & West Coast,17.52,73.29,8,40.67,32.08,1011.93,96.71,3.66,2285.6,42.78,heavy_rainfall
FC_0000809,2021-03-16,EC,Bay of Bengal & East Coast,19.99,82.49,7,0.0,31.85,999.01,34.1,3.49,640.6,11.61,fair_weather
FC_0000810,2022-03-11,SP,Southern Peninsula,15.38,78.9,1,2.71,27.17,1014.88,76.25,9.17,1024.2,7.96,fair_weather
FC_0000811,2021-04-13,NW,Northwest India,34.21,68.85,10,17.09,49.12,1001.95,34.87,4.41,2418.4,18.19,heat_wave
FC_0000812,2024-12-16,EC,Bay of Bengal & East Coast,17.41,87.39,3,103.21,28.15,973.25,99.4,28.84,4872.3,5.94,cyclone
FC_0000813,2023-02-03,SP,Southern Peninsula,14.89,75.16,1,7.87,29.24,1008.31,73.61,7.39,331.2,3.58,fair_weather
FC_0000814,2023-01-08,NE,East & Northeast India,28.98,85.52,10,11.24,26.1,1003.71,53.08,7.15,50.0,15.44,fair_weather
FC_0000815,2023-03-17,EC,Bay of Bengal & East Coast,17.76,86.24,6,8.0,17.25,1005.37,35.42,10.2,1559.0,28.71,fair_weather
FC_0000816,2024-08-22,WG,Western Ghats & West Coast,9.29,72.72,3,112.35,25.66,995.58,86.73,9.25,2586.0,5.79,heavy_rainfall
FC_0000817,2021-04-08,CI,Central India,24.28,77.85,2,0.0,20.96,1012.58,76.08,3.09,540.0,18.17,pre_monsoon
FC_0000818,2023-03-09,WG,Western Ghats & West Coast,9.29,75.93,10,0.0,32.46,1009.97,59.38,8.78,483.0,15.29,fair_weather
FC_0000819,2024-09-20,NE,East & Northeast India,28.22,92.05,2,0.0,34.08,1006.4,62.74,7.07,206.9,8.14,normal_monsoon
FC_0000820,2023-05-09,NW,Northwest India,26.1,68.15,8,171.21,20.52,1002.85,72.88,2.74,664.0,28.81,pre_monsoon
FC_0000821,2022-03-11,EC,Bay of Bengal & East Coast,18.71,84.95,1,5.34,27.96,1007.75,35.42,8.02,166.5,3.44,fair_weather
FC_0000822,2022-03-23,NW,Northwest India,32.46,76.13,9,8.64,19.38,1006.55,53.67,3.06,471.3,40.11,fair_weather
FC_0000823,2024-08-24,NE,East & Northeast India,24.69,86.49,7,37.43,36.24,1009.88,25.29,6.18,50.0,18.05,normal_monsoon
FC_0000824,2021-09-06,EC,Bay of Bengal & East Coast,21.34,84.91,1,0.0,29.51,1012.71,41.08,7.94,463.9,6.91,normal_monsoon
FC_0000825,2021-06-15,SP,Southern Peninsula,12.92,80.13,5,6.34,22.65,1005.02,61.57,4.48,1022.4,8.24,normal_monsoon
FC_0000826,2023-09-11,SP,Southern Peninsula,15.45,78.15,5,0.91,24.23,1007.64,32.9,11.98,1065.7,8.24,normal_monsoon
FC_0000827,2024-09-20,WG,Western Ghats & West Coast,11.57,76.99,2,0.0,25.74,1005.39,35.0,5.3,1164.1,5.49,normal_monsoon
FC_0000828,2023-10-17,WG,Western Ghats & West Coast,16.17,74.34,1,3.58,30.97,1012.62,74.18,2.26,535.5,3.66,post_monsoon
FC_0000829,2022-06-26,NE,East & Northeast India,25.76,89.99,7,45.85,28.34,999.36,97.61,8.96,1503.0,10.92,active_break_monsoon
FC_0000830,2023-01-29,SP,Southern Peninsula,15.11,77.65,9,17.1,24.61,1008.6,57.36,14.13,50.0,13.03,fair_weather
FC_0000831,2024-02-04,EC,Bay of Bengal & East Coast,20.06,87.56,8,13.72,16.13,1008.75,51.66,4.22,246.8,13.94,fair_weather
FC_0000832,2021-03-22,SP,Southern Peninsula,14.59,78.97,7,9.24,24.12,1006.52,70.32,2.76,1037.5,10.99,fair_weather
FC_0000833,2021-05-13,WG,Western Ghats & West Coast,18.26,74.24,4,21.96,30.39,1013.97,78.37,6.37,785.4,8.17,pre_monsoon
FC_0000834,2023-03-08,NE,East & Northeast India,21.97,95.11,10,0.0,54.13,1009.16,60.6,0.5,437.2,43.93,fair_weather
FC_0000835,2023-06-19,SP,Southern Peninsula,11.99,75.7,7,14.56,20.55,1010.09,53.32,2.18,572.1,11.1,normal_monsoon
FC_0000836,2021-05-18,NE,East & Northeast India,21.98,86.91,8,34.65,23.53,1016.16,55.14,1.09,1916.4,14.28,pre_monsoon
FC_0000837,2021-07-03,SP,Southern Peninsula,14.01,78.91,9,0.0,30.53,1000.73,50.69,3.46,50.0,13.04,normal_monsoon
FC_0000838,2024-11-25,NW,Northwest India,26.65,76.47,9,0.0,23.15,1008.21,47.44,0.5,50.0,40.37,post_monsoon
FC_0000839,2024-09-15,SP,Southern Peninsula,10.25,79.36,5,0.0,31.28,1006.48,61.79,7.06,1486.5,8.14,normal_monsoon
FC_0000840,2023-02-24,WG,Western Ghats & West Coast,13.87,75.79,5,104.99,9.23,1013.65,82.74,5.07,890.5,17.14,fair_weather
FC_0000841,2023-09-11,EC,Bay of Bengal & East Coast,15.2,83.12,6,0.0,33.42,1018.37,42.32,11.4,545.8,23.8,normal_monsoon
FC_0000842,2021-03-10,WG,Western Ghats & West Coast,18.1,72.66,8,0.0,36.14,1002.73,72.32,0.5,505.8,13.48,fair_weather
FC_0000843,2022-06-30,WG,Western Ghats & West Coast,19.7,75.42,3,0.0,32.99,1013.26,58.41,1.34,1253.8,5.79,normal_monsoon
FC_0000844,2021-02-22,WG,Western Ghats & West Coast,13.19,75.33,3,12.22,26.79,1016.01,45.96,6.67,855.6,7.37,fair_weather
FC_0000845,2021-07-24,NE,East & Northeast India,22.04,91.17,5,3.02,31.01,1003.18,69.5,12.62,1682.8,8.07,active_break_monsoon
FC_0000846,2021-05-06,CI,Central India,25.88,76.35,1,6.61,44.85,1004.67,22.21,10.32,1338.4,3.61,heat_wave
FC_0000847,2021-02-12,CI,Central India,23.78,78.35,5,89.48,41.21,1012.2,87.36,4.97,957.7,20.81,fair_weather
FC_0000848,2021-04-21,NW,Northwest India,32.48,70.05,9,16.81,38.35,999.33,32.96,11.66,1773.7,43.82,heat_wave
FC_0000849,2023-01-31,WG,Western Ghats & West Coast,13.65,76.91,5,0.0,26.49,1016.75,54.69,11.53,593.4,9.81,fair_weather
FC_0000850,2024-04-21,CI,Central India,19.56,80.36,7,102.83,21.46,1006.74,49.34,7.5,392.8,19.69,pre_monsoon
FC_0000851,2023-04-28,NW,Northwest India,31.48,73.65,10,9.4,39.97,1010.27,28.12,1.7,1546.7,27.33,heat_wave
FC_0000852,2021-04-05,NE,East & Northeast India,26.23,91.03,9,0.0,29.9,1007.07,19.45,8.21,469.4,13.8,pre_monsoon
FC_0000853,2024-10-29,WG,Western Ghats & West Coast,8.2,76.55,8,38.38,29.92,1013.19,43.37,8.79,992.0,12.99,post_monsoon
FC_0000854,2023-06-19,EC,Bay of Bengal & East Coast,20.1,81.57,5,126.02,26.4,986.94,84.12,24.52,3647.9,10.89,monsoon_depression
FC_0000855,2021-12-26,NE,East & Northeast India,24.51,94.25,2,5.2,21.17,1011.76,57.11,5.11,448.7,4.98,post_monsoon
FC_0000856,2023-06-19,NW,Northwest India,36.74,77.51,5,9.04,23.31,1016.6,73.35,7.12,669.5,8.23,normal_monsoon
FC_0000857,2021-10-08,NE,East & Northeast India,28.64,86.9,10,20.12,21.95,1006.08,38.44,0.5,1711.7,15.45,post_monsoon
FC_0000858,2024-05-03,EC,Bay of Bengal & East Coast,21.06,87.91,8,17.39,21.51,1008.36,39.33,15.76,744.4,11.99,pre_monsoon
FC_0000859,2024-05-03,NE,East & Northeast India,24.2,89.73,1,5.42,26.13,1006.96,69.01,2.81,1494.0,3.63,pre_monsoon
FC_0000860,2022-10-29,NW,Northwest India,29.98,74.56,10,25.18,20.85,1005.66,87.55,3.77,1099.7,16.41,post_monsoon
FC_0000861,2021-04-03,EC,Bay of Bengal & East Coast,13.87,80.21,4,157.81,24.22,974.61,92.9,47.64,3273.1,12.27,cyclone
FC_0000862,2022-11-03,EC,Bay of Bengal & East Coast,12.55,83.96,1,12.71,27.91,1015.97,52.02,8.14,1009.0,3.32,post_monsoon
FC_0000863,2021-03-02,NE,East & Northeast India,23.4,94.17,5,35.85,25.96,1012.93,81.28,3.77,775.1,17.51,fair_weather
FC_0000864,2022-09-26,EC,Bay of Bengal & East Coast,12.17,88.26,2,6.55,27.14,1011.03,41.57,7.4,658.4,7.83,normal_monsoon
FC_0000865,2023-12-11,NE,East & Northeast India,28.61,95.91,2,0.0,27.92,1010.17,35.23,5.57,918.4,5.13,post_monsoon
FC_0000866,2024-11-27,WG,Western Ghats & West Coast,16.88,72.98,7,0.0,28.28,1015.84,29.86,8.29,50.0,14.44,post_monsoon
FC_0000867,2023-10-26,EC,Bay of Bengal & East Coast,15.82,81.18,4,8.15,27.39,1009.0,45.84,2.29,1086.9,9.11,post_monsoon
FC_0000868,2022-08-27,NE,East & Northeast India,29.4,89.0,2,9.5,28.79,1007.94,54.37,5.92,631.2,4.44,normal_monsoon
FC_0000869,2022-11-13,WG,Western Ghats & West Coast,15.02,76.01,3,0.0,20.58,1013.58,33.48,5.92,467.5,14.02,post_monsoon
FC_0000870,2022-06-18,EC,Bay of Bengal & East Coast,21.13,86.8,3,56.06,31.07,993.44,93.99,18.12,2304.0,11.32,monsoon_depression
FC_0000871,2024-11-29,WG,Western Ghats & West Coast,16.09,74.6,2,60.68,25.16,1015.9,55.24,7.84,1368.2,10.81,post_monsoon
FC_0000872,2023-04-18,SP,Southern Peninsula,12.84,75.52,7,35.52,29.93,1019.89,58.73,8.76,1348.9,10.65,pre_monsoon
FC_0000873,2022-10-07,EC,Bay of Bengal & East Coast,20.72,84.89,1,2.95,30.48,1010.14,70.14,7.52,514.5,6.1,post_monsoon
FC_0000874,2021-08-21,SP,Southern Peninsula,8.32,80.06,9,32.48,29.72,1015.8,86.78,14.24,2395.8,13.09,active_break_monsoon
FC_0000875,2022-06-08,NW,Northwest India,30.36,76.69,5,5.66,23.11,1006.87,53.64,2.12,1677.7,14.46,normal_monsoon
FC_0000876,2021-12-12,NW,Northwest India,35.14,76.16,4,30.76,21.61,1012.51,81.43,4.02,740.2,7.11,post_monsoon
FC_0000877,2023-12-06,NE,East & Northeast India,21.52,87.96,3,3.14,25.61,1009.57,49.81,7.89,757.9,6.26,post_monsoon
FC_0000878,2022-06-30,CI,Central India,25.0,82.99,3,55.09,28.86,994.01,89.63,18.38,1987.0,6.06,monsoon_depression
FC_0000879,2024-01-07,SP,Southern Peninsula,11.66,77.42,3,12.77,24.04,1011.11,50.72,5.65,1130.8,10.96,fair_weather
FC_0000880,2024-01-02,SP,Southern Peninsula,9.4,80.33,1,1.8,34.1,1015.26,69.28,5.48,888.0,5.42,fair_weather
FC_0000881,2023-03-05,NW,Northwest India,26.77,69.91,2,0.0,32.69,1015.73,48.39,4.88,1868.3,13.12,fair_weather
FC_0000882,2021-09-06,SP,Southern Peninsula,13.29,76.34,7,33.53,23.64,1009.3,47.97,10.25,1067.9,11.29,normal_monsoon
FC_0000883,2021-02-16,CI,Central India,25.51,74.11,3,3.16,31.39,1010.03,93.5,4.77,881.4,12.45,fair_weather
FC_0000884,2024-02-19,WG,Western Ghats & West Coast,8.07,74.77,6,19.55,20.38,1002.69,47.68,0.5,1145.8,9.42,fair_weather
FC_0000885,2021-08-02,WG,Western Ghats & West Coast,13.86,73.24,4,3.02,26.33,1010.07,69.26,2.94,247.0,7.12,normal_monsoon
FC_0000886,2021-08-27,CI,Central India,21.96,78.12,10,86.29,25.58,992.57,95.65,13.61,3102.2,16.58,monsoon_depression
FC_0000887,2023-12-16,SP,Southern Peninsula,15.12,75.05,5,82.12,34.6,1006.53,61.5,10.88,50.0,26.15,post_monsoon
FC_0000888,2021-12-16,SP,Southern Peninsula,15.81,78.43,8,0.0,17.94,1010.38,41.33,0.5,825.0,31.98,post_monsoon
FC_0000889,2021-04-17,SP,Southern Peninsula,9.21,75.26,2,0.67,29.33,1009.21,50.91,5.43,1618.5,7.02,pre_monsoon
FC_0000890,2023-04-11,NE,East & Northeast India,25.57,87.82,10,0.0,25.95,1002.16,73.28,0.5,50.0,14.06,pre_monsoon
FC_0000891,2021-02-17,EC,Bay of Bengal & East Coast,14.31,82.21,5,0.0,20.29,1009.87,57.16,2.72,811.0,18.25,fair_weather
FC_0000892,2021-12-03,CI,Central India,23.2,79.54,2,11.48,20.69,1010.47,49.12,4.92,792.7,6.53,post_monsoon
FC_0000893,2023-11-16,CI,Central India,18.62,79.27,9,0.0,27.86,1010.12,48.88,9.21,2004.6,12.93,post_monsoon
FC_0000894,2023-03-15,CI,Central India,24.33,74.81,2,4.52,23.87,1011.79,41.85,1.52,909.1,6.74,fair_weather
FC_0000895,2024-07-04,CI,Central India,25.12,79.78,1,0.0,26.0,1012.8,47.83,7.74,906.1,4.44,normal_monsoon
FC_0000896,2021-01-08,CI,Central India,25.6,75.48,4,1.85,26.2,1008.57,55.81,4.41,1259.1,7.17,fair_weather
FC_0000897,2022-09-17,SP,Southern Peninsula,15.95,78.54,7,0.0,21.22,1007.5,40.3,18.08,986.3,10.96,normal_monsoon
FC_0000898,2024-06-30,NE,East & Northeast India,25.82,91.18,2,7.39,32.94,1010.29,61.12,7.48,488.0,5.13,normal_monsoon
FC_0000899,2022-12-20,NW,Northwest India,24.31,77.4,10,3.82,22.42,1010.53,63.03,8.59,636.3,14.53,post_monsoon
FC_0000900,2021-10-30,SP,Southern Peninsula,13.15,75.5,9,0.0,-9.11,1006.55,50.38,0.5,1967.8,36.75,post_monsoon
FC_0000901,2022-10-01,SP,Southern Peninsula,8.17,75.28,1,0.0,21.67,1009.5,58.28,5.07,1115.0,4.85,post_monsoon
FC_0000902,2021-02-25,EC,Bay of Bengal & East Coast,17.7,85.53,1,13.06,29.46,1006.58,75.62,2.74,279.7,3.38,fair_weather
FC_0000903,2022-12-27,NW,Northwest India,30.5,71.07,8,267.81,44.56,1010.34,56.74,0.5,50.0,40.81,post_monsoon
FC_0000904,2022-06-10,CI,Central India,22.25,79.16,5,0.0,27.13,1015.39,53.71,3.5,389.5,8.27,normal_monsoon
FC_0000905,2022-04-19,NW,Northwest India,24.25,70.82,9,9.49,37.3,1002.24,6.2,0.5,1511.0,29.65,heat_wave
FC_0000906,2021-01-28,NE,East & Northeast India,21.45,95.8,8,11.58,31.03,1015.91,47.78,4.83,1521.8,12.13,fair_weather
FC_0000907,2021-03-19,WG,Western Ghats & West Coast,16.7,76.98,6,71.7,34.04,1013.27,68.17,2.91,854.8,30.5,fair_weather
FC_0000908,2024-05-24,SP,Southern Peninsula,10.42,79.83,4,0.0,38.24,1013.82,48.49,2.82,88.0,19.65,pre_monsoon
FC_0000909,2024-11-10,NW,Northwest India,31.84,72.53,6,35.11,16.82,1011.78,100.0,12.2,823.4,26.88,western_disturbance
FC_0000910,2021-12-31,EC,Bay of Bengal & East Coast,13.45,86.65,2,5.15,22.6,1014.69,62.35,9.3,487.0,5.95,post_monsoon
FC_0000911,2022-10-28,NE,East & Northeast India,28.69,87.82,5,17.64,21.74,1009.47,52.26,3.0,629.0,8.37,post_monsoon
FC_0000912,2022-06-10,WG,Western Ghats & West Coast,10.1,75.63,10,30.93,27.73,1016.51,78.65,0.5,3802.2,28.26,heavy_rainfall
FC_0000913,2022-11-30,NE,East & Northeast India,29.3,94.0,3,3.82,24.0,1006.92,41.85,5.63,851.8,6.56,post_monsoon
FC_0000914,2024-08-28,CI,Central India,20.28,78.2,3,70.0,15.26,1009.66,68.83,8.44,1194.2,13.09,normal_monsoon
FC_0000915,2023-06-02,WG,Western Ghats & West Coast,12.61,76.33,1,191.99,24.36,1001.97,100.0,17.38,2727.0,4.75,heavy_rainfall
FC_0000916,2023-10-28,EC,Bay of Bengal & East Coast,19.49,85.3,8,0.0,28.6,1017.37,40.9,12.06,434.4,12.45,post_monsoon
FC_0000917,2023-10-24,WG,Western Ghats & West Coast,11.3,76.72,10,0.0,25.1,1003.93,13.86,0.5,1623.6,16.52,post_monsoon
FC_0000918,2023-07-08,EC,Bay of Bengal & East Coast,18.19,88.73,3,15.38,19.53,1014.83,56.93,6.79,660.2,6.14,normal_monsoon
FC_0000919,2023-01-20,CI,Central India,22.64,82.21,1,2.28,23.0,1013.42,38.12,4.74,1311.3,5.23,fair_weather
FC_0000920,2021-12-29,EC,Bay of Bengal & East Coast,19.94,83.04,4,50.34,33.31,1011.64,81.72,6.8,349.3,16.19,post_monsoon
FC_0000921,2024-07-21,NE,East & Northeast India,29.19,85.26,1,25.32,30.89,1009.81,61.98,5.38,2233.2,3.35,active_break_monsoon
FC_0000922,2023-03-17,NW,Northwest India,33.99,77.66,1,27.27,12.06,1007.38,66.18,15.88,1225.4,3.41,western_disturbance
FC_0000923,2023-01-09,NE,East & Northeast India,23.88,92.78,1,2.04,29.22,1007.72,59.15,1.34,524.3,3.35,fair_weather
FC_0000924,2023-11-05,SP,Southern Peninsula,12.5,79.19,2,10.04,32.63,1011.14,75.54,5.25,1257.8,6.56,post_monsoon
FC_0000925,2024-04-30,NE,East & Northeast India,28.36,92.24,1,0.0,20.54,1011.24,72.08,5.09,541.8,11.53,pre_monsoon
FC_0000926,2022-04-30,WG,Western Ghats & West Coast,17.79,73.91,6,0.0,20.51,1012.06,52.1,10.99,403.9,9.56,pre_monsoon
FC_0000927,2021-01-28,CI,Central India,19.83,78.31,7,198.78,39.67,1011.72,22.74,9.08,669.8,23.08,fair_weather
FC_0000928,2022-12-15,SP,Southern Peninsula,13.42,76.03,1,140.79,25.91,982.85,97.04,26.06,3038.9,3.83,cyclone
FC_0000929,2023-11-29,SP,Southern Peninsula,13.44,77.17,10,0.0,36.59,1007.08,82.03,5.43,50.0,37.96,post_monsoon
FC_0000930,2024-07-20,SP,Southern Peninsula,14.36,75.2,1,27.63,29.75,1007.86,67.81,8.47,444.6,3.9,normal_monsoon
FC_0000931,2024-06-08,NW,Northwest India,32.68,74.5,10,4.06,26.95,1004.63,85.03,16.36,1099.7,14.01,normal_monsoon
FC_0000932,2021-03-27,EC,Bay of Bengal & East Coast,21.35,86.42,9,192.46,38.73,1000.15,33.78,0.5,591.6,39.05,fair_weather
FC_0000933,2021-05-06,WG,Western Ghats & West Coast,17.56,76.57,9,0.0,29.71,1011.2,51.1,7.88,993.0,12.84,pre_monsoon
FC_0000934,2023-03-23,CI,Central India,23.4,76.9,1,10.46,24.09,1011.13,53.98,2.15,880.9,3.68,fair_weather
FC_0000935,2022-06-21,NW,Northwest India,35.31,75.48,8,40.66,20.2,1011.37,53.86,14.76,147.0,12.55,normal_monsoon
FC_0000936,2021-05-25,NE,East & Northeast India,24.61,93.53,3,19.84,27.35,1010.05,52.51,5.96,1017.5,10.93,pre_monsoon
FC_0000937,2024-05-20,CI,Central India,24.94,83.76,7,22.53,45.8,1006.49,59.16,8.73,1167.6,32.48,pre_monsoon
FC_0000938,2021-01-25,SP,Southern Peninsula,15.62,76.79,1,1.88,28.82,1014.58,75.46,5.11,830.6,3.34,fair_weather
FC_0000939,2024-11-18,CI,Central India,21.37,75.1,7,4.77,31.86,1010.98,65.07,4.78,854.1,11.84,post_monsoon
FC_0000940,2021-03-08,CI,Central India,19.98,82.82,1,3.58,25.7,1013.84,45.17,3.98,1176.5,3.4,fair_weather
FC_0000941,2021-08-21,NE,East & Northeast India,24.07,92.45,3,16.08,25.72,1013.49,56.62,6.4,683.9,5.7,normal_monsoon
FC_0000942,2021-04-19,EC,Bay of Bengal & East Coast,18.33,87.04,7,31.94,36.01,1016.62,58.04,3.36,50.0,15.58,pre_monsoon
FC_0000943,2024-03-15,WG,Western Ghats & West Coast,10.19,73.87,1,4.87,22.23,1005.64,56.25,5.0,446.4,5.76,fair_weather
FC_0000944,2021-04-21,SP,Southern Peninsula,11.59,77.01,9,16.51,27.08,1005.68,52.53,0.5,1292.2,13.27,pre_monsoon
FC_0000945,2021-08-16,EC,Bay of Bengal & East Coast,21.81,87.51,5,44.36,25.33,1008.01,97.66,0.5,1784.1,21.18,monsoon_depression
FC_0000946,2021-04-21,NW,Northwest India,30.24,76.79,2,0.0,48.89,1003.07,34.69,4.55,1249.9,4.8,heat_wave
FC_0000947,2021-02-03,SP,Southern Peninsula,10.78,79.32,4,3.4,21.43,1005.16,63.55,4.07,672.8,7.62,fair_weather
FC_0000948,2022-09-15,WG,Western Ghats & West Coast,10.68,75.98,8,30.27,23.48,1009.31,54.56,4.08,1260.0,13.71,normal_monsoon
FC_0000949,2024-10-24,NW,Northwest India,29.93,69.07,4,78.62,27.08,1012.28,37.69,4.11,1491.8,16.79,post_monsoon
FC_0000950,2023-01-18,NE,East & Northeast India,23.32,89.83,10,27.36,34.43,1010.88,67.84,14.74,50.0,15.41,fair_weather
FC_0000951,2022-08-18,EC,Bay of Bengal & East Coast,19.24,80.66,5,43.84,32.77,998.27,88.61,6.31,1878.7,17.82,monsoon_depression
FC_0000952,2022-03-01,SP,Southern Peninsula,13.28,78.94,2,0.0,22.73,1008.43,51.42,4.51,798.9,5.21,fair_weather
FC_0000953,2022-09-05,CI,Central India,23.23,81.61,5,79.59,27.43,997.06,95.39,18.53,3350.9,10.31,monsoon_depression
FC_0000954,2022-11-23,WG,Western Ghats & West Coast,10.14,75.14,7,24.22,39.11,1010.28,63.21,0.5,1524.0,28.8,post_monsoon
FC_0000955,2024-07-29,SP,Southern Peninsula,15.53,78.36,9,224.95,37.35,1023.05,58.76,2.39,804.0,44.34,normal_monsoon
FC_0000956,2024-09-05,CI,Central India,22.89,81.36,8,20.56,29.13,1008.3,84.4,0.5,708.4,12.61,normal_monsoon
FC_0000957,2021-11-11,SP,Southern Peninsula,10.67,78.85,10,0.0,22.93,1005.52,65.13,20.64,901.6,16.39,post_monsoon
FC_0000958,2023-05-27,NW,Northwest India,35.91,68.11,6,0.0,40.36,1001.39,21.59,4.5,1172.4,10.52,heat_wave
FC_0000959,2024-11-01,CI,Central India,24.96,76.19,9,0.0,21.77,1014.44,98.25,1.05,50.0,32.28,post_monsoon
FC_0000960,2024-08-05,CI,Central India,21.65,82.52,7,51.11,31.36,993.25,98.89,25.2,2787.1,12.5,monsoon_depression
FC_0000961,2024-12-31,SP,Southern Peninsula,14.59,79.91,3,2.48,26.64,1009.88,81.84,3.41,1509.8,6.3,post_monsoon
FC_0000962,2022-10-24,NE,East & Northeast India,28.99,90.37,1,7.57,26.46,1008.35,64.7,5.31,645.4,4.25,post_monsoon
FC_0000963,2021-10-04,NE,East & Northeast India,26.58,89.69,5,0.0,23.17,1015.11,57.58,1.13,80.7,10.02,post_monsoon
FC_0000964,2022-09-16,EC,Bay of Bengal & East Coast,14.86,83.88,9,0.0,0.32,1017.94,74.13,6.22,997.5,32.35,normal_monsoon
FC_0000965,2022-05-31,NW,Northwest India,33.66,73.01,8,4.08,43.57,997.34,8.31,3.14,1202.2,29.25,heat_wave
FC_0000966,2024-10-05,NE,East & Northeast India,27.92,93.94,6,0.0,37.75,1010.3,88.13,12.54,1608.1,11.91,post_monsoon
FC_0000967,2023-04-23,SP,Southern Peninsula,8.16,78.47,8,0.0,21.7,1014.77,66.22,4.01,596.1,18.35,pre_monsoon
FC_0000968,2021-12-16,NE,East & Northeast India,24.71,90.48,8,14.98,25.48,1003.64,60.97,2.12,50.0,15.6,post_monsoon
FC_0000969,2023-04-03,EC,Bay of Bengal & East Coast,20.0,84.93,3,3.59,22.53,1014.16,56.64,5.54,731.7,7.41,pre_monsoon
FC_0000970,2024-03-06,WG,Western Ghats & West Coast,18.63,75.71,6,129.5,14.39,1016.68,78.13,4.58,1004.5,17.76,fair_weather
FC_0000971,2023-01-29,EC,Bay of Bengal & East Coast,17.08,86.79,7,0.0,31.08,1005.19,34.28,8.27,1378.7,12.21,fair_weather
FC_0000972,2023-06-18,CI,Central India,18.31,74.27,2,16.86,22.38,1014.94,59.54,5.09,876.0,4.67,normal_monsoon
FC_0000973,2021-08-31,CI,Central India,18.67,78.38,7,0.0,35.91,1009.97,49.45,6.29,1768.5,29.53,normal_monsoon
FC_0000974,2022-06-27,NE,East & Northeast India,23.0,96.81,10,0.0,12.04,1015.17,61.84,8.52,3438.0,45.26,active_break_monsoon
FC_0000975,2023-11-30,NE,East & Northeast India,25.61,92.95,6,0.0,28.79,1010.15,93.62,4.91,919.3,9.32,post_monsoon
FC_0000976,2021-08-17,EC,Bay of Bengal & East Coast,14.07,82.9,2,42.82,25.22,1012.74,45.78,6.6,413.2,13.78,normal_monsoon
FC_0000977,2022-07-02,EC,Bay of Bengal & East Coast,14.69,86.29,2,2.36,28.29,1011.39,92.23,1.47,3195.4,10.14,monsoon_depression
FC_0000978,2023-07-09,SP,Southern Peninsula,11.79,77.85,6,133.71,28.79,1009.14,49.2,15.08,618.3,27.03,normal_monsoon
FC_0000979,2024-05-31,NW,Northwest India,31.7,75.69,3,61.29,22.14,1011.38,82.13,3.43,1059.3,19.81,pre_monsoon
FC_0000980,2021-01-06,SP,Southern Peninsula,8.72,79.27,6,13.65,25.95,1014.88,50.18,7.95,825.7,9.62,fair_weather
FC_0000981,2024-09-07,CI,Central India,22.51,80.69,9,0.0,26.03,1000.98,46.79,3.05,1493.9,32.56,normal_monsoon
FC_0000982,2022-04-13,SP,Southern Peninsula,10.62,77.25,10,0.0,50.35,1006.89,80.38,5.14,872.0,33.05,pre_monsoon
FC_0000983,2021-03-16,EC,Bay of Bengal & East Coast,13.54,88.81,1,2.52,26.32,1015.4,53.73,3.99,282.7,3.85,fair_weather
FC_0000984,2021-01-04,SP,Southern Peninsula,11.98,80.48,3,4.21,31.27,1008.46,52.3,3.11,50.0,16.67,fair_weather
FC_0000985,2022-10-08,WG,Western Ghats & West Coast,13.88,73.49,2,9.19,32.9,1013.2,45.45,7.23,950.7,5.33,post_monsoon
FC_0000986,2021-04-28,NW,Northwest India,30.6,68.4,3,0.0,23.14,1008.52,51.96,0.5,1248.4,6.02,pre_monsoon
FC_0000987,2023-05-31,EC,Bay of Bengal & East Coast,20.95,87.37,2,97.67,25.85,1013.36,61.36,7.7,173.8,16.63,pre_monsoon
FC_0000988,2022-05-19,NE,East & Northeast India,27.17,92.32,3,21.57,21.82,1010.24,60.77,6.41,1139.8,7.52,pre_monsoon
FC_0000989,2023-08-05,SP,Southern Peninsula,12.64,80.48,4,24.66,25.17,1005.5,66.08,5.44,191.5,7.11,normal_monsoon
FC_0000990,2022-07-28,EC,Bay of Bengal & East Coast,14.06,87.02,7,0.0,21.63,1013.71,56.25,2.31,1516.6,36.74,normal_monsoon
FC_0000991,2021-07-13,NE,East & Northeast India,25.94,96.71,2,2.76,34.06,1010.65,62.71,4.77,626.8,7.87,normal_monsoon
FC_0000992,2023-04-27,NE,East & Northeast India,28.04,96.98,2,16.67,30.41,1012.25,53.17,5.09,460.6,7.38,pre_monsoon
FC_0000993,2022-12-16,CI,Central India,22.71,76.05,2,6.33,26.01,1009.14,79.85,4.2,1022.6,6.0,post_monsoon
FC_0000994,2024-11-16,CI,Central India,22.03,81.11,6,0.0,38.7,1011.59,53.24,5.13,508.4,25.79,post_monsoon
FC_0000995,2023-11-16,EC,Bay of Bengal & East Coast,19.52,80.0,8,180.43,29.12,988.34,82.87,20.7,3024.2,38.59,cyclone
FC_0000996,2024-12-29,EC,Bay of Bengal & East Coast,16.56,82.12,4,10.85,27.36,1005.92,59.27,5.9,414.5,12.16,post_monsoon
FC_0000997,2021-06-22,WG,Western Ghats & West Coast,18.5,73.19,10,34.08,24.29,1016.14,81.43,9.11,608.7,17.06,normal_monsoon
FC_0000998,2024-08-16,NW,Northwest India,32.66,70.66,3,9.25,17.5,1013.48,69.87,4.54,828.4,18.58,normal_monsoon
FC_0000999,2021-11-22,NW,Northwest India,28.64,77.41,9,21.4,24.14,1012.95,53.62,8.81,945.1,13.33,post_monsoon
