forecast_id,valid_date,region_id,region_name,latitude,longitude,lead_time_days,rain_forecast,temp_forecast,mslp_forecast,rh_forecast,wind_forecast,cape_forecast,ensemble_spread,synoptic_regime,rain_observed,temp_observed,mslp_observed,rh_observed,wind_observed,cape_observed,rain_error,temp_error,mslp_error,rh_error,wind_error,rain_abs_error,temp_abs_error,mslp_abs_error,rh_abs_error,wind_abs_error,is_rain_bust,is_temp_bust,is_wind_bust,is_mslp_bust,is_forecast_bust,season,saturation_deficit,convective_intensity_index,pressure_anomaly,spatial_pressure_gradient,spatial_rain_gradient,temp_tendency_24h,mslp_tendency_24h,rain_tendency_24h,lead_time_sq,spread_lead_ratio,regime_monsoon_depression,regime_heavy_rainfall,regime_cyclone,regime_heat_wave,regime_western_disturbance,regime_active_break_monsoon,is_rapid_evolving_system,hist_region_bust_rate,hist_region_rain_mae,hist_region_temp_mae
FC_0000000,2024-02-01,NE,East & Northeast India,26.13,93.32,3,35.03,24.52,1013.32,52.58,3.24,844.5,16.7,fair_weather,1.54,32.16,1013.7,54.51,5.24,866.3,33.49,-7.639999999999997,-0.37999999999999545,-1.9299999999999997,-2.0,33.49,7.639999999999997,0.37999999999999545,1.9299999999999997,2.0,1,1,0,0,1,Winter,47.42,2.7361800000000005,-0.07000000000005002,1.11,13.5,0.82,-0.16,-1.67,9,5.566666666666666,0,0,0,0,0,0,0,0.25190839694656486,7.7308778625954195,2.112251908396947
FC_0000001,2024-12-30,NW,Northwest India,29.06,68.29,6,0.0,32.01,1003.14,45.04,6.09,771.9,9.52,post_monsoon,2.46,27.36,1008.18,49.32,6.52,397.9,-2.46,4.649999999999999,-5.039999999999964,-4.280000000000001,-0.4299999999999997,2.46,4.649999999999999,5.039999999999964,4.280000000000001,0.4299999999999997,0,1,0,1,1,Post-Monsoon,54.96,4.700871,10.110000000000014,3.23,1.67,-0.24,-0.07,-3.51,36,1.5866666666666667,0,0,0,0,0,0,0,0.6025641025641025,14.582179487179488,3.756153846153846
FC_0000002,2023-05-11,NE,East & Northeast India,28.91,96.39,6,4.19,30.76,1009.39,63.47,0.94,688.5,9.38,pre_monsoon,2.86,28.18,1009.18,65.04,5.52,369.5,1.3300000000000005,2.580000000000002,0.21000000000003638,-1.5700000000000074,-4.58,1.3300000000000005,2.580000000000002,0.21000000000003638,1.5700000000000074,4.58,0,0,0,0,0,Pre-Monsoon,36.53,0.6471899999999999,3.8600000000000136,1.01,2.66,-0.22,3.31,1.48,36,1.5633333333333335,0,0,0,0,0,0,0,0.5887096774193549,16.5770564516129,4.45866935483871
FC_0000003,2024-07-18,NW,Northwest India,36.34,77.44,1,11.75,30.35,1008.44,43.34,5.54,1066.0,3.69,normal_monsoon,13.7,32.01,1009.83,40.48,3.3,742.4,-1.9499999999999993,-1.6599999999999966,-1.3899999999999864,2.8600000000000065,2.24,1.9499999999999993,1.6599999999999966,1.3899999999999864,2.8600000000000065,2.24,0,0,0,0,0,SW-Monsoon,56.66,5.90564,4.809999999999945,2.22,4.27,0.74,-1.16,1.89,1,3.69,0,0,0,0,0,0,0,0.15873015873015872,5.933611111111111,1.5877777777777777
FC_0000004,2024-02-05,NW,Northwest India,34.6,74.85,4,40.98,13.13,1007.05,71.99,7.65,443.3,20.07,western_disturbance,5.63,8.81,1007.68,74.46,8.2,923.0,35.349999999999994,4.32,-0.6299999999999955,-2.469999999999999,-0.5499999999999989,35.349999999999994,4.32,0.6299999999999955,2.469999999999999,0.5499999999999989,1,1,0,0,1,Winter,28.010000000000005,3.3912450000000005,6.2000000000000455,2.99,14.42,1.36,-0.19,10.68,16,5.0175,0,0,0,0,1,0,1,0.508833922261484,12.866643109540636,2.8804593639575975
FC_0000005,2024-01-01,CI,Central India,24.76,80.01,1,0.59,30.24,1012.42,48.98,6.3,1004.0,3.36,fair_weather,1.83,30.51,1011.55,62.64,6.15,928.5,-1.2400000000000002,-0.2700000000000031,0.8700000000000045,-13.660000000000004,0.14999999999999947,1.2400000000000002,0.2700000000000031,0.8700000000000045,13.660000000000004,0.14999999999999947,0,0,0,0,0,Winter,51.02,6.3252,0.8300000000000409,1.91,0.5,-0.19,1.01,1.43,1,3.36,0,0,0,0,0,0,0,0.16923076923076924,8.377038461538461,1.3539230769230768
FC_0000006,2023-11-11,WG,Western Ghats & West Coast,9.61,74.26,7,26.09,32.88,1012.91,64.44,6.8,1787.0,13.68,post_monsoon,8.51,30.63,1011.17,72.86,6.9,1101.8,17.58,2.2500000000000036,1.740000000000009,-8.420000000000002,-0.10000000000000053,17.58,2.2500000000000036,1.740000000000009,8.420000000000002,0.10000000000000053,0,0,0,0,0,Post-Monsoon,35.56,12.1516,0.34000000000003183,1.83,9.26,0.01,-1.51,4.3,49,1.9542857142857142,0,0,0,0,0,0,0,0.7466666666666667,29.23102222222222,4.842444444444444
FC_0000007,2021-05-02,EC,Bay of Bengal & East Coast,21.68,83.16,7,165.38,24.45,991.82,95.26,45.87,3942.4,13.98,cyclone,145.55,28.03,984.85,95.4,46.85,3950.5,19.829999999999984,-3.580000000000002,6.970000000000027,-0.14000000000000057,-0.980000000000004,19.829999999999984,3.580000000000002,6.970000000000027,0.14000000000000057,0.980000000000004,0,1,0,1,1,Pre-Monsoon,4.739999999999995,180.837888,21.42999999999995,13.49,59.04,0.42,-12.08,-6.34,49,1.997142857142857,0,0,1,0,0,0,1,0.7536231884057971,31.278079710144926,4.301775362318841
FC_0000008,2022-04-12,NW,Northwest India,35.28,68.93,6,0.0,22.31,999.75,61.83,8.36,2046.8,29.36,pre_monsoon,15.73,30.29,1008.97,60.81,4.36,776.3,-15.73,-7.98,-9.220000000000027,1.019999999999996,3.999999999999999,15.73,7.98,9.220000000000027,1.019999999999996,3.999999999999999,1,1,0,1,1,Pre-Monsoon,38.17,17.111248,13.5,4.22,0.9,-1.61,2.36,0.18,36,4.8933333333333335,0,0,0,0,0,0,0,0.6025641025641025,14.582179487179488,3.756153846153846
FC_0000009,2024-05-23,SP,Southern Peninsula,10.67,76.93,2,13.52,27.49,1006.86,55.38,7.38,829.9,6.41,pre_monsoon,3.67,26.88,1007.88,61.89,6.98,541.8,9.85,0.6099999999999994,-1.0199999999999818,-6.509999999999998,0.39999999999999947,9.85,0.6099999999999994,1.0199999999999818,6.509999999999998,0.39999999999999947,0,0,0,0,0,Pre-Monsoon,44.62,6.124661999999999,6.389999999999986,3.04,7.45,1.06,0.5,6.14,4,3.205,0,0,0,0,0,0,0,0.12658227848101267,6.515105485232067,1.4548523206751058
FC_0000010,2021-11-27,WG,Western Ghats & West Coast,8.62,73.04,4,3.25,20.03,1011.56,73.09,5.81,862.9,9.1,post_monsoon,1.77,23.36,1012.8,42.22,6.09,1037.8,1.48,-3.3299999999999983,-1.240000000000009,30.870000000000005,-0.28000000000000025,1.48,3.3299999999999983,1.240000000000009,30.870000000000005,0.28000000000000025,0,1,0,0,1,Post-Monsoon,26.909999999999997,5.013449,1.6900000000000546,1.85,1.46,0.27,1.05,-1.74,16,2.275,0,0,0,0,0,0,0,0.42084942084942084,15.014478764478765,2.5983397683397684
FC_0000011,2021-03-29,EC,Bay of Bengal & East Coast,13.12,87.54,3,35.72,29.34,1015.97,63.12,3.42,727.2,5.7,fair_weather,26.31,30.82,1013.11,44.72,4.74,495.3,9.41,-1.4800000000000004,2.8600000000000136,18.4,-1.3200000000000003,9.41,1.4800000000000004,2.8600000000000136,18.4,1.3200000000000003,0,0,0,0,0,Pre-Monsoon,36.88,2.487024,-2.7200000000000273,1.42,12.92,-1.35,-2.8,-5.93,9,1.9000000000000001,0,0,0,0,0,0,0,0.35269709543568467,20.04215767634855,2.0838589211618257
FC_0000012,2024-10-28,SP,Southern Peninsula,8.51,76.64,8,5.97,25.63,1010.44,45.47,10.73,626.2,14.8,post_monsoon,6.08,26.14,1008.61,44.51,6.57,405.5,-0.11000000000000032,-0.5100000000000016,1.830000000000041,0.9600000000000009,4.16,0.11000000000000032,0.5100000000000016,1.830000000000041,0.9600000000000009,4.16,0,0,0,0,0,Post-Monsoon,54.53,6.719126000000001,2.8099999999999454,2.93,3.49,-2.42,-0.74,-1.48,64,1.85,0,0,0,0,0,0,0,0.8173913043478261,28.809652173913044,6.443217391304348
FC_0000013,2024-01-29,NE,East & Northeast India,21.09,93.35,2,4.17,33.24,1012.66,72.22,8.66,793.1,5.53,fair_weather,5.78,32.43,1012.88,68.85,6.22,931.8,-1.6100000000000003,0.8100000000000023,-0.22000000000002728,3.3700000000000045,2.4400000000000004,1.6100000000000003,0.8100000000000023,0.22000000000002728,3.3700000000000045,2.4400000000000004,0,0,0,0,0,Winter,27.78,6.868246,0.5900000000000318,2.13,3.7,1.66,-0.15,-6.15,4,2.765,0,0,0,0,0,0,0,0.1797752808988764,6.552209737827716,1.8855430711610486
FC_0000014,2023-05-22,WG,Western Ghats & West Coast,15.44,75.4,10,0.0,31.75,1001.3,89.63,0.5,50.0,14.12,pre_monsoon,3.63,30.69,1006.02,73.84,4.21,434.7,-3.63,1.0599999999999987,-4.720000000000027,15.789999999999992,-3.71,3.63,1.0599999999999987,4.720000000000027,15.789999999999992,3.71,0,0,0,1,1,Pre-Monsoon,10.370000000000005,0.025,11.950000000000045,2.26,1.6,0.63,-1.23,4.54,100,1.412,0,0,0,0,0,0,0,0.8455284552845529,32.79081300813008,6.509756097560976
FC_0000015,2021-05-11,SP,Southern Peninsula,11.0,76.15,2,10.15,34.1,1007.36,70.48,5.06,398.5,5.48,pre_monsoon,4.68,32.11,1008.48,72.61,7.28,710.2,5.470000000000001,1.990000000000002,-1.1200000000000045,-2.1299999999999955,-2.2200000000000006,5.470000000000001,1.990000000000002,1.1200000000000045,2.1299999999999955,2.2200000000000006,0,0,0,0,0,Pre-Monsoon,29.519999999999996,2.01641,5.889999999999986,2.34,4.19,-0.98,-5.31,2.76,4,2.74,0,0,0,0,0,0,0,0.12658227848101267,6.515105485232067,1.4548523206751058
FC_0000016,2024-08-25,WG,Western Ghats & West Coast,16.64,76.15,1,22.64,29.66,1001.71,98.62,18.43,1792.0,5.11,heavy_rainfall,28.8,28.78,1001.44,95.37,19.95,2029.0,-6.16,0.879999999999999,0.2699999999999818,3.25,-1.5199999999999996,6.16,0.879999999999999,0.2699999999999818,3.25,1.5199999999999996,0,0,0,0,0,SW-Monsoon,1.3799999999999955,33.026559999999996,11.539999999999964,6.13,8.38,-1.38,-0.44,5.62,1,5.11,0,1,0,0,0,0,1,0.1134453781512605,9.086302521008403,1.0998319327731092
FC_0000017,2023-02-09,WG,Western Ghats & West Coast,9.66,74.69,9,5.94,24.73,1011.96,100.0,7.36,702.4,13.58,fair_weather,2.0,27.5,1007.54,72.38,4.92,791.8,3.9400000000000004,-2.7699999999999996,4.420000000000073,27.620000000000005,2.4400000000000004,3.9400000000000004,2.7699999999999996,4.420000000000073,27.620000000000005,2.4400000000000004,0,0,0,1,1,Winter,0.0,5.169664,1.2899999999999636,1.95,2.55,1.31,0.91,0.33,81,1.508888888888889,0,0,0,0,0,0,0,0.8592592592592593,29.854703703703706,6.722148148148149
FC_0000018,2021-12-10,NE,East & Northeast India,23.11,87.02,3,4.9,28.53,1006.97,45.17,7.45,1341.3,7.52,post_monsoon,3.92,32.23,1008.59,43.39,5.99,1120.4,0.9800000000000004,-3.6999999999999957,-1.6200000000000045,1.7800000000000011,1.46,0.9800000000000004,3.6999999999999957,1.6200000000000045,1.7800000000000011,1.46,0,1,0,0,1,Post-Monsoon,54.83,9.992685,6.279999999999973,2.9,3.72,-0.12,0.19,4.11,9,2.5066666666666664,0,0,0,0,0,0,0,0.25190839694656486,7.7308778625954195,2.112251908396947
FC_0000019,2024-12-08,NE,East & Northeast India,27.24,91.46,8,31.39,27.79,1005.05,34.45,1.99,531.1,37.92,post_monsoon,3.54,22.89,1011.98,43.52,3.39,484.0,27.85,4.899999999999999,-6.930000000000064,-9.07,-1.4000000000000001,27.85,4.899999999999999,6.930000000000064,9.07,1.4000000000000001,1,1,0,1,1,Post-Monsoon,65.55,1.0568890000000002,8.200000000000045,2.16,11.19,0.12,0.1,1.46,64,4.74,0,0,0,0,0,0,0,0.7734375,18.668203125,5.0324609375
FC_0000020,2023-03-17,WG,Western Ghats & West Coast,10.59,73.9,7,0.0,27.81,1006.74,46.67,8.24,605.1,10.45,fair_weather,2.85,23.44,1009.69,55.85,5.46,352.4,-2.85,4.369999999999997,-2.9500000000000455,-9.18,2.7800000000000002,2.85,4.369999999999997,2.9500000000000455,9.18,2.7800000000000002,0,1,0,0,1,Pre-Monsoon,53.33,4.9860240000000005,6.509999999999991,3.17,0.3,1.93,1.69,2.33,49,1.4928571428571427,0,0,0,0,0,0,0,0.7466666666666667,29.23102222222222,4.842444444444444
FC_0000021,2022-01-21,SP,Southern Peninsula,15.73,79.67,1,9.67,31.15,1008.26,45.51,7.32,343.9,8.27,fair_weather,7.94,29.29,1007.24,47.94,4.4,674.6,1.7299999999999995,1.8599999999999994,1.0199999999999818,-2.4299999999999997,2.92,1.7299999999999995,1.8599999999999994,1.0199999999999818,2.4299999999999997,2.92,0,0,0,0,0,Winter,54.49,2.517348,4.990000000000009,2.48,5.31,1.4,-2.02,3.99,1,8.27,0,0,0,0,0,0,0,0.1214574898785425,7.125991902834008,1.2743724696356276
FC_0000022,2024-04-30,CI,Central India,25.04,78.6,6,0.0,37.35,996.29,17.33,7.02,668.1,23.86,heat_wave,0.12,44.61,998.44,20.81,8.68,558.3,-0.12,-7.259999999999998,-2.150000000000091,-3.4800000000000004,-1.6600000000000001,0.12,7.259999999999998,2.150000000000091,3.4800000000000004,1.6600000000000001,0,1,0,0,1,Pre-Monsoon,82.67,4.690062,16.960000000000036,4.2,0.7,-0.87,0.16,-5.77,36,3.9766666666666666,0,0,0,1,0,0,1,0.6448979591836734,18.281918367346936,3.7026938775510203
FC_0000023,2023-08-14,NW,Northwest India,32.11,71.77,8,0.0,29.51,1010.28,46.53,2.61,2120.1,12.8,normal_monsoon,1.28,26.03,1012.41,51.6,4.99,1125.4,-1.28,3.4800000000000004,-2.1299999999999955,-5.07,-2.3800000000000003,1.28,3.4800000000000004,2.1299999999999955,5.07,2.3800000000000003,0,1,0,0,1,SW-Monsoon,53.47,5.533460999999999,2.9700000000000273,1.2,0.65,0.41,-1.59,-3.07,64,1.6,0,0,0,0,0,0,0,0.8306451612903226,22.631330645161288,5.529879032258065
FC_0000024,2021-10-04,NE,East & Northeast India,21.66,89.81,6,20.94,23.78,1012.76,87.52,4.95,615.1,9.95,post_monsoon,10.42,28.72,1012.16,73.6,5.86,524.9,10.520000000000001,-4.939999999999998,0.6000000000000227,13.920000000000002,-0.9100000000000001,10.520000000000001,4.939999999999998,0.6000000000000227,13.920000000000002,0.9100000000000001,0,1,0,0,1,Post-Monsoon,12.480000000000004,3.0447450000000003,0.4900000000000091,1.33,7.71,1.07,-2.17,-5.66,36,1.6583333333333332,0,0,0,0,0,0,0,0.5887096774193549,16.5770564516129,4.45866935483871
FC_0000025,2024-03-30,CI,Central India,22.75,76.87,9,152.08,38.01,1013.73,72.14,1.59,1238.6,44.68,fair_weather,10.3,29.64,1014.71,61.62,7.11,939.6,141.78,8.369999999999997,-0.9800000000000182,10.520000000000003,-5.5200000000000005,141.78,8.369999999999997,0.9800000000000182,10.520000000000003,5.5200000000000005,1,1,0,0,1,Pre-Monsoon,27.86,1.969374,-0.4800000000000182,0.53,54.15,1.78,0.46,-3.09,81,4.964444444444444,0,0,0,0,0,0,0,0.8769230769230769,22.42480769230769,6.476230769230769
FC_0000026,2022-04-05,NE,East & Northeast India,28.21,86.81,10,11.69,28.23,1002.67,25.5,3.27,1449.2,14.43,pre_monsoon,5.46,30.53,1008.62,43.07,6.6,1046.6,6.2299999999999995,-2.3000000000000007,-5.9500000000000455,-17.57,-3.3299999999999996,6.2299999999999995,2.3000000000000007,5.9500000000000455,17.57,3.3299999999999996,0,0,0,1,1,Pre-Monsoon,74.5,4.738884,10.580000000000041,2.79,7.39,0.3,-0.93,-5.38,100,1.443,0,0,0,0,0,0,0,0.8785714285714286,31.068464285714285,7.881642857142857
FC_0000027,2024-08-30,WG,Western Ghats & West Coast,12.41,73.06,3,24.44,28.07,998.85,98.78,20.15,3392.8,7.09,heavy_rainfall,27.47,27.86,998.44,91.03,18.24,3221.3,-3.0299999999999976,0.21000000000000085,0.40999999999996817,7.75,1.9100000000000001,3.0299999999999976,0.21000000000000085,0.40999999999996817,7.75,1.9100000000000001,0,0,0,0,0,SW-Monsoon,1.2199999999999989,68.36492,14.399999999999977,7.02,9.52,-1.67,1.42,3.79,9,2.3633333333333333,0,1,0,0,0,0,1,0.32926829268292684,13.52512195121951,2.1642276422764226
FC_0000028,2021-01-22,CI,Central India,21.24,74.4,6,0.0,28.74,1005.66,63.44,10.93,622.3,9.61,fair_weather,1.44,28.49,1006.69,67.86,7.14,526.2,-1.44,0.25,-1.0300000000000864,-4.420000000000002,3.79,1.44,0.25,1.0300000000000864,4.420000000000002,3.79,0,0,0,0,0,Winter,36.56,6.8017389999999995,7.590000000000032,3.84,0.15,-1.5,1.33,-1.47,36,1.6016666666666666,0,0,0,0,0,0,0,0.6448979591836734,18.281918367346936,3.7026938775510203
FC_0000029,2021-09-10,SP,Southern Peninsula,10.18,77.2,10,179.82,32.23,1014.28,25.78,5.03,3164.2,41.89,normal_monsoon,2.25,31.09,1013.31,42.4,4.72,993.4,177.57,1.139999999999997,0.9700000000000273,-16.619999999999997,0.3100000000000005,177.57,1.139999999999997,0.9700000000000273,16.619999999999997,0.3100000000000005,1,0,0,0,1,SW-Monsoon,74.22,15.915925999999999,-1.0299999999999727,1.55,66.14,2.09,-1.87,-4.04,100,4.189,0,0,0,0,0,0,0,0.8880597014925373,40.953582089552235,6.767388059701492
FC_0000030,2023-01-18,SP,Southern Peninsula,11.83,77.99,4,12.54,24.02,1006.74,84.96,5.58,195.1,6.81,fair_weather,0.25,25.18,1007.35,73.66,6.0,459.3,12.29,-1.1600000000000001,-0.6100000000000136,11.299999999999997,-0.41999999999999993,12.29,1.1600000000000001,0.6100000000000136,11.299999999999997,0.41999999999999993,0,0,0,0,0,Winter,15.040000000000006,1.088658,6.509999999999991,2.49,5.16,-0.95,-1.38,1.49,16,1.7025,0,0,0,0,0,0,0,0.37593984962406013,15.084887218045113,2.2651503759398497
FC_0000031,2023-05-07,EC,Bay of Bengal & East Coast,14.02,84.71,10,58.35,35.3,1003.81,32.17,0.5,1523.9,48.13,pre_monsoon,5.86,29.12,1009.67,63.34,3.56,589.3,52.49,6.179999999999996,-5.860000000000014,-31.17,-3.06,52.49,6.179999999999996,5.860000000000014,31.17,3.06,1,1,0,1,1,Pre-Monsoon,67.83,0.76195,9.440000000000055,1.78,21.08,1.46,-2.03,2.45,100,4.813000000000001,0,0,0,0,0,0,0,0.9230769230769231,37.378597285067876,6.533212669683258
FC_0000032,2022-04-20,NW,Northwest India,30.62,71.16,3,23.69,37.26,1004.81,16.78,7.35,1642.5,14.43,heat_wave,1.23,42.24,1003.36,19.08,8.25,1313.1,22.46,-4.980000000000004,1.4499999999999318,-2.299999999999997,-0.9000000000000004,22.46,4.980000000000004,1.4499999999999318,2.299999999999997,0.9000000000000004,0,1,0,0,1,Pre-Monsoon,83.22,12.072375,8.440000000000055,3.29,9.93,0.07,0.72,8.97,9,4.81,0,0,0,1,0,0,1,0.38207547169811323,10.293254716981133,2.4025000000000003
FC_0000033,2023-12-19,NW,Northwest India,34.79,73.46,8,16.16,4.47,1001.94,64.54,13.65,906.0,14.73,western_disturbance,19.5,12.07,1011.57,79.05,12.06,634.2,-3.34,-7.6000000000000005,-9.629999999999995,-14.509999999999991,1.5899999999999999,3.34,7.6000000000000005,9.629999999999995,14.509999999999991,1.5899999999999999,0,1,0,1,1,Post-Monsoon,35.459999999999994,12.3669,11.309999999999945,4.98,8.51,0.34,-0.06,-1.62,64,1.84125,0,0,0,0,1,0,1,0.8306451612903226,22.631330645161288,5.529879032258065
FC_0000034,2022-05-26,NE,East & Northeast India,23.82,96.37,7,0.0,12.73,1000.91,53.61,3.24,810.3,34.45,pre_monsoon,2.98,26.53,1006.93,58.34,5.9,1172.1,-2.98,-13.8,-6.019999999999982,-4.730000000000004,-2.66,2.98,13.8,6.019999999999982,4.730000000000004,2.66,0,1,0,1,1,Pre-Monsoon,46.39,2.625372,12.340000000000032,2.93,2.01,2.09,-0.75,0.6,49,4.921428571428572,0,0,0,0,0,0,0,0.777292576419214,16.60921397379913,5.613624454148471
FC_0000035,2022-12-01,NW,Northwest India,34.99,77.83,7,0.0,22.2,1013.4,79.81,3.29,155.5,11.42,post_monsoon,3.06,25.11,1010.97,69.86,4.29,510.9,-3.06,-2.91,2.42999999999995,9.950000000000003,-1.0,3.06,2.91,2.42999999999995,9.950000000000003,1.0,0,0,0,0,0,Post-Monsoon,20.189999999999998,0.511595,-0.14999999999997726,0.91,0.43,1.12,0.92,-0.73,49,1.6314285714285715,0,0,0,0,0,0,0,0.7428571428571429,18.69661224489796,4.418367346938775
FC_0000036,2023-09-03,EC,Bay of Bengal & East Coast,18.61,83.4,5,0.0,24.99,1008.5,68.47,1.35,50.0,8.49,normal_monsoon,0.83,27.85,1012.27,70.09,3.15,475.5,-0.83,-2.860000000000003,-3.769999999999982,-1.6200000000000045,-1.7999999999999998,0.83,2.860000000000003,3.769999999999982,1.6200000000000045,1.7999999999999998,0,0,0,0,0,SW-Monsoon,31.53,0.0675,4.75,1.26,1.54,0.15,-0.57,4.07,25,1.698,0,0,0,0,0,0,0,0.5407725321888412,24.05197424892704,2.9729613733905578
FC_0000037,2021-07-09,SP,Southern Peninsula,10.25,78.65,1,48.4,21.61,1012.1,72.61,4.42,964.2,9.91,normal_monsoon,10.55,28.37,1010.41,67.45,5.11,648.8,37.849999999999994,-6.760000000000002,1.6900000000000546,5.159999999999997,-0.6900000000000004,37.849999999999994,6.760000000000002,1.6900000000000546,5.159999999999997,0.6900000000000004,1,1,0,0,1,SW-Monsoon,27.39,4.261764,1.1499999999999773,1.27,17.09,-0.82,-2.26,-2.75,1,9.91,0,0,0,0,0,0,0,0.1214574898785425,7.125991902834008,1.2743724696356276
FC_0000038,2023-08-16,CI,Central India,25.85,80.27,6,158.93,18.74,995.88,96.44,22.16,2309.5,10.98,monsoon_depression,155.66,26.91,995.45,87.2,16.89,2890.0,3.2700000000000102,-8.170000000000002,0.42999999999995,9.239999999999995,5.27,3.2700000000000102,8.170000000000002,0.42999999999995,9.239999999999995,5.27,0,1,0,0,1,SW-Monsoon,3.5600000000000023,51.17852,17.370000000000005,7.8,56.14,-0.48,-7.46,2.42,36,1.83,1,0,0,0,0,0,1,0.6448979591836734,18.281918367346936,3.7026938775510203
FC_0000039,2022-11-18,CI,Central India,25.05,77.29,6,26.18,27.34,1012.32,63.55,6.96,1078.1,10.58,post_monsoon,10.72,24.91,1009.64,53.19,3.89,497.8,15.459999999999999,2.4299999999999997,2.6800000000000637,10.36,3.07,15.459999999999999,2.4299999999999997,2.6800000000000637,10.36,3.07,0,0,0,0,0,Post-Monsoon,36.45,7.503575999999999,0.92999999999995,1.98,9.91,0.36,1.03,-4.68,36,1.7633333333333334,0,0,0,0,0,0,0,0.6448979591836734,18.281918367346936,3.7026938775510203
FC_0000040,2023-08-16,SP,Southern Peninsula,11.26,79.98,3,7.06,23.16,1008.42,70.6,6.69,879.9,6.31,normal_monsoon,2.58,25.2,1012.31,74.87,5.53,934.8,4.4799999999999995,-2.039999999999999,-3.8899999999999864,-4.27000000000001,1.1600000000000001,4.4799999999999995,2.039999999999999,3.8899999999999864,4.27000000000001,1.1600000000000001,0,0,0,0,0,SW-Monsoon,29.400000000000006,5.886531,4.830000000000041,2.34,2.63,1.69,1.16,-4.85,9,2.103333333333333,0,0,0,0,0,0,0,0.20179372197309417,7.918385650224215,2.001883408071749
FC_0000041,2022-07-17,WG,Western Ghats & West Coast,17.08,76.92,5,12.07,22.63,1014.08,68.53,6.96,324.7,8.67,normal_monsoon,17.64,24.68,1013.29,63.98,4.57,373.4,-5.57,-2.0500000000000007,0.7900000000000773,4.550000000000004,2.3899999999999997,5.57,2.0500000000000007,0.7900000000000773,4.550000000000004,2.3899999999999997,0,0,0,0,0,SW-Monsoon,31.47,2.259912,-0.8300000000000409,2.06,5.67,0.56,-0.09,5.66,25,1.734,0,0,0,0,0,0,0,0.47297297297297297,15.318648648648647,2.9495045045045045
FC_0000042,2024-06-21,SP,Southern Peninsula,14.2,77.47,9,0.0,33.87,1004.94,57.36,8.48,1098.8,13.35,normal_monsoon,7.75,32.65,1007.23,59.31,6.06,699.1,-7.75,1.2199999999999989,-2.2899999999999636,-1.9500000000000028,2.420000000000001,7.75,1.2199999999999989,2.2899999999999636,1.9500000000000028,2.420000000000001,0,0,0,0,0,SW-Monsoon,42.64,9.317824,8.309999999999945,3.32,1.11,2.35,-2.61,-5.49,81,1.4833333333333334,0,0,0,0,0,0,0,0.8717948717948718,33.72879120879121,7.428937728937728
FC_0000043,2023-04-12,CI,Central India,22.25,83.01,7,12.75,25.31,1010.13,88.14,10.47,813.4,17.16,pre_monsoon,4.74,27.19,1013.21,68.41,7.8,454.7,8.01,-1.8800000000000026,-3.080000000000041,19.730000000000004,2.670000000000001,8.01,1.8800000000000026,3.080000000000041,19.730000000000004,2.670000000000001,0,0,0,0,0,Pre-Monsoon,11.86,8.516298,3.1200000000000045,3.13,5.13,0.02,-0.97,6.2,49,2.4514285714285715,0,0,0,0,0,0,0,0.7537878787878788,21.91992424242424,4.943787878787879
FC_0000044,2024-02-29,NE,East & Northeast India,25.69,88.06,8,10.08,24.96,1013.92,60.59,10.84,1185.7,15.38,fair_weather,5.66,23.21,1012.33,51.9,7.92,1057.1,4.42,1.75,1.5899999999999181,8.690000000000005,2.92,4.42,1.75,1.5899999999999181,8.690000000000005,2.92,0,0,0,0,0,Winter,39.41,12.852988000000002,-0.6699999999999591,2.9,3.61,-1.21,-2.0,2.78,64,1.9225,0,0,0,0,0,0,0,0.7734375,18.668203125,5.0324609375
FC_0000045,2022-10-09,EC,Bay of Bengal & East Coast,15.79,84.65,9,0.0,15.59,1006.96,50.37,6.68,947.8,34.92,post_monsoon,7.73,27.42,1010.08,46.99,3.8,561.0,-7.73,-11.830000000000002,-3.1200000000000045,3.3799999999999955,2.88,7.73,11.830000000000002,3.1200000000000045,3.3799999999999955,2.88,0,1,0,0,1,Post-Monsoon,49.63,6.331303999999999,6.289999999999964,2.77,0.4,-0.63,1.11,-0.88,81,3.8800000000000003,0,0,0,0,0,0,0,0.8455284552845529,35.98406504065041,6.411097560975609
FC_0000046,2021-01-21,SP,Southern Peninsula,8.77,79.09,6,0.0,16.0,1019.77,70.67,8.03,1567.2,23.56,fair_weather,2.83,31.85,1014.16,67.93,6.03,1107.7,-2.83,-15.850000000000001,5.610000000000014,2.739999999999995,1.9999999999999991,2.83,15.850000000000001,5.610000000000014,2.739999999999995,1.9999999999999991,0,1,0,1,1,Winter,29.33,12.584616,-6.519999999999982,3.02,2.79,-0.79,1.1,-7.45,36,3.9266666666666663,0,0,0,0,0,0,0,0.5946969696969697,21.55094696969697,3.8189015151515155
FC_0000047,2023-04-21,WG,Western Ghats & West Coast,9.31,74.32,5,0.0,22.12,1015.05,62.86,8.38,374.9,12.0,pre_monsoon,0.48,24.08,1012.75,71.69,4.92,304.2,-0.48,-1.9599999999999973,2.2999999999999545,-8.829999999999998,3.460000000000001,0.48,1.9599999999999973,2.2999999999999545,8.829999999999998,3.460000000000001,0,0,0,0,0,Pre-Monsoon,37.14,3.141662,-1.7999999999999545,2.26,0.81,0.38,-1.58,-10.0,25,2.4,0,0,0,0,0,0,0,0.47297297297297297,15.318648648648647,2.9495045045045045
FC_0000048,2021-06-16,NE,East & Northeast India,27.84,90.61,10,0.0,25.38,1011.05,74.54,7.68,50.0,16.33,normal_monsoon,2.72,30.43,1011.27,47.33,6.41,778.7,-2.72,-5.050000000000001,-0.22000000000002728,27.210000000000008,1.2699999999999996,2.72,5.050000000000001,0.22000000000002728,27.210000000000008,1.2699999999999996,0,1,0,0,1,SW-Monsoon,25.459999999999994,0.384,2.2000000000000455,2.49,2.01,1.77,1.72,-1.38,100,1.6329999999999998,0,0,0,0,0,0,0,0.8785714285714286,31.068464285714285,7.881642857142857
FC_0000049,2024-07-21,SP,Southern Peninsula,14.74,76.88,5,10.45,18.81,1008.48,50.88,8.68,418.2,8.53,normal_monsoon,0.04,22.31,1009.94,45.74,7.53,393.9,10.41,-3.5,-1.4600000000000364,5.140000000000001,1.1499999999999995,10.41,3.5,1.4600000000000364,5.140000000000001,1.1499999999999995,0,1,0,0,1,SW-Monsoon,49.12,3.6299759999999996,4.769999999999982,2.84,3.74,-0.6,-0.87,3.07,25,1.706,0,0,0,0,0,0,0,0.5399239543726235,20.9232319391635,3.057984790874525
FC_0000050,2022-01-23,NE,East & Northeast India,29.14,87.51,5,1.71,25.6,1009.01,54.96,4.28,1660.5,9.04,fair_weather,2.58,29.88,1014.41,44.65,6.89,1163.3,-0.8700000000000001,-4.279999999999998,-5.399999999999977,10.310000000000002,-2.6099999999999994,0.8700000000000001,4.279999999999998,5.399999999999977,10.310000000000002,2.6099999999999994,0,1,0,1,1,Winter,45.04,7.106940000000001,4.240000000000009,1.97,2.06,0.28,3.05,-6.5,25,1.8079999999999998,0,0,0,0,0,0,0,0.51440329218107,12.827283950617282,3.27
FC_0000051,2022-08-24,SP,Southern Peninsula,8.31,79.8,4,1.73,33.5,1001.08,63.83,8.61,2363.7,7.91,active_break_monsoon,3.55,33.74,1004.08,63.74,8.98,2154.9,-1.8199999999999998,-0.240000000000002,-3.0,0.0899999999999963,-0.370000000000001,1.8199999999999998,0.240000000000002,3.0,0.0899999999999963,0.370000000000001,0,0,0,0,0,SW-Monsoon,36.17,20.351457,12.169999999999959,3.87,4.71,0.1,-1.37,-0.61,16,1.9775,0,0,0,0,0,1,0,0.37593984962406013,15.084887218045113,2.2651503759398497
FC_0000052,2021-11-12,NE,East & Northeast India,27.39,87.78,2,11.1,20.59,1006.43,66.58,4.99,951.9,5.24,post_monsoon,6.3,22.12,1006.16,63.36,7.2,624.1,4.8,-1.5300000000000011,0.2699999999999818,3.219999999999999,-2.21,4.8,1.5300000000000011,0.2699999999999818,3.219999999999999,2.21,0,0,0,0,0,Post-Monsoon,33.42,4.749981,6.82000000000005,2.23,7.11,1.35,-0.8,1.6,4,2.62,0,0,0,0,0,0,0,0.1797752808988764,6.552209737827716,1.8855430711610486
FC_0000053,2021-01-14,NW,Northwest India,36.8,73.02,7,47.79,10.56,1016.97,70.84,6.67,685.0,14.96,western_disturbance,31.0,12.07,1012.55,66.4,8.86,1096.3,16.79,-1.5099999999999998,4.420000000000073,4.439999999999998,-2.1899999999999995,16.79,1.5099999999999998,4.420000000000073,4.439999999999998,2.1899999999999995,0,0,0,1,1,Winter,29.159999999999997,4.56895,-3.7200000000000273,2.21,16.98,0.66,1.52,-0.4,49,2.1371428571428575,0,0,0,0,1,0,1,0.7428571428571429,18.69661224489796,4.418367346938775
FC_0000054,2021-08-30,NE,East & Northeast India,29.08,91.06,7,0.0,22.73,1000.21,49.36,6.43,2303.2,11.32,active_break_monsoon,3.08,30.27,1004.84,73.14,8.59,1476.7,-3.08,-7.539999999999999,-4.6299999999999955,-23.78,-2.16,3.08,7.539999999999999,4.6299999999999955,23.78,2.16,0,1,0,1,1,SW-Monsoon,50.64,14.809575999999998,13.039999999999964,3.56,1.56,-0.43,-0.87,-5.46,49,1.6171428571428572,0,0,0,0,0,1,0,0.777292576419214,16.60921397379913,5.613624454148471
FC_0000055,2023-02-16,NW,Northwest India,30.13,72.49,8,0.0,47.92,1019.42,33.91,4.21,590.1,42.42,fair_weather,8.76,22.41,1014.14,40.6,4.75,1103.4,-8.76,25.51,5.279999999999973,-6.690000000000005,-0.54,8.76,25.51,5.279999999999973,6.690000000000005,0.54,0,1,0,1,1,Winter,66.09,2.484321,-6.169999999999959,2.19,0.25,-1.21,-1.14,1.58,64,5.3025,0,0,0,0,0,0,0,0.8306451612903226,22.631330645161288,5.529879032258065
FC_0000056,2024-10-01,CI,Central India,20.68,79.34,8,0.0,11.15,1009.33,45.96,13.09,50.0,36.74,post_monsoon,7.89,22.23,1008.19,67.06,6.4,1147.1,-7.89,-11.08,1.1399999999999864,-21.1,6.6899999999999995,7.89,11.08,1.1399999999999864,21.1,6.6899999999999995,0,1,1,0,1,Post-Monsoon,54.04,0.6545,3.919999999999959,3.71,0.36,-2.61,-1.37,-7.74,64,4.5925,0,0,0,0,0,0,0,0.7795918367346939,22.1525306122449,5.795224489795918
FC_0000057,2022-07-19,NW,Northwest India,29.88,68.37,8,0.0,25.35,1013.35,97.18,2.88,1332.6,12.14,normal_monsoon,0.99,25.37,1010.46,74.47,3.2,460.5,-0.99,-0.019999999999999574,2.8899999999999864,22.710000000000008,-0.3200000000000003,0.99,0.019999999999999574,2.8899999999999864,22.710000000000008,0.3200000000000003,0,0,0,0,0,SW-Monsoon,2.819999999999993,3.8378879999999995,-0.10000000000002274,0.89,0.32,-0.3,-2.17,5.15,64,1.5175,0,0,0,0,0,0,0,0.8306451612903226,22.631330645161288,5.529879032258065
FC_0000058,2023-06-17,NE,East & Northeast India,23.21,87.56,9,0.0,39.04,1014.37,40.78,0.5,2367.5,13.56,normal_monsoon,6.96,31.43,1009.82,57.28,4.28,1166.2,-6.96,7.609999999999999,4.5499999999999545,-16.5,-3.7800000000000002,6.96,7.609999999999999,4.5499999999999545,16.5,3.7800000000000002,0,1,0,1,1,SW-Monsoon,59.22,1.18375,-1.1200000000000045,0.67,1.45,0.31,-1.05,-0.18,81,1.5066666666666668,0,0,0,0,0,0,0,0.8489795918367347,27.977591836734696,6.6734285714285715
FC_0000059,2024-09-25,EC,Bay of Bengal & East Coast,20.54,85.39,6,0.0,19.07,1008.65,46.79,5.43,985.6,9.36,normal_monsoon,2.87,25.77,1010.22,47.48,3.98,840.6,-2.87,-6.699999999999999,-1.57000000000005,-0.6899999999999977,1.4499999999999997,2.87,6.699999999999999,1.57000000000005,0.6899999999999977,1.4499999999999997,0,1,0,0,1,SW-Monsoon,53.21,5.351808,4.600000000000023,2.11,1.95,1.44,-2.13,6.51,36,1.5599999999999998,0,0,0,0,0,0,0,0.6809338521400778,24.520038910505836,3.678326848249027
FC_0000060,2021-04-02,EC,Bay of Bengal & East Coast,19.4,88.61,4,0.0,28.12,1013.29,67.49,5.05,1374.7,11.07,pre_monsoon,8.37,30.52,1011.09,62.36,5.82,1087.4,-8.37,-2.3999999999999986,2.199999999999932,5.1299999999999955,-0.7700000000000005,8.37,2.3999999999999986,2.199999999999932,5.1299999999999955,0.7700000000000005,0,0,0,0,0,Pre-Monsoon,32.510000000000005,6.942234999999999,-0.03999999999996362,1.33,4.53,1.37,1.24,3.17,16,2.7675,0,0,0,0,0,0,0,0.5057034220532319,21.50577946768061,2.6715589353612166
FC_0000061,2024-10-22,CI,Central India,23.15,83.83,2,4.98,25.69,1009.74,82.99,8.92,843.5,4.76,post_monsoon,0.79,26.26,1009.92,70.48,7.5,830.5,4.19,-0.5700000000000003,-0.17999999999994998,12.509999999999991,1.42,4.19,0.5700000000000003,0.17999999999994998,12.509999999999991,1.42,0,0,0,0,0,Post-Monsoon,17.010000000000005,7.524019999999999,3.509999999999991,2.61,1.96,2.07,0.78,-3.49,4,2.38,0,0,0,0,0,0,0,0.2196078431372549,7.970745098039216,2.0045098039215685
FC_0000062,2023-08-14,NE,East & Northeast India,23.65,87.24,5,0.0,17.51,1013.82,56.37,1.05,858.5,23.4,normal_monsoon,7.69,22.68,1011.88,55.81,3.82,845.8,-7.69,-5.169999999999998,1.9400000000000546,0.5599999999999952,-2.7699999999999996,7.69,5.169999999999998,1.9400000000000546,0.5599999999999952,2.7699999999999996,0,1,0,0,1,SW-Monsoon,43.63,0.901425,-0.57000000000005,0.46,0.95,-0.31,-0.37,-0.8,25,4.68,0,0,0,0,0,0,0,0.51440329218107,12.827283950617282,3.27
FC_0000063,2024-12-22,NW,Northwest India,29.24,72.71,6,15.04,13.8,1004.01,61.45,18.0,377.5,11.8,western_disturbance,17.84,12.82,1008.11,75.74,12.46,637.7,-2.8000000000000007,0.9800000000000004,-4.100000000000023,-14.289999999999992,5.539999999999999,2.8000000000000007,0.9800000000000004,4.100000000000023,14.289999999999992,5.539999999999999,0,0,0,1,1,Post-Monsoon,38.55,6.795,9.240000000000009,5.64,5.85,-0.83,-0.06,2.97,36,1.9666666666666668,0,0,0,0,1,0,1,0.6025641025641025,14.582179487179488,3.756153846153846
FC_0000064,2022-05-24,EC,Bay of Bengal & East Coast,20.85,85.04,7,217.03,23.99,997.11,79.08,12.96,2522.7,30.16,cyclone,120.57,26.29,976.39,96.83,36.91,2994.7,96.46000000000001,-2.3000000000000007,20.720000000000027,-17.75,-23.949999999999996,96.46000000000001,2.3000000000000007,20.720000000000027,17.75,23.949999999999996,1,0,1,1,1,Pre-Monsoon,20.92,32.694192,16.139999999999986,5.4,78.71,-2.02,-13.39,3.46,49,4.308571428571429,0,0,1,0,0,0,1,0.7536231884057971,31.278079710144926,4.301775362318841
FC_0000065,2023-02-15,SP,Southern Peninsula,10.34,79.08,6,9.24,27.38,1007.15,100.0,2.96,716.5,9.54,fair_weather,0.08,26.23,1007.4,67.51,7.66,628.6,9.16,1.1499999999999986,-0.25,32.489999999999995,-4.7,9.16,1.1499999999999986,0.25,32.489999999999995,4.7,0,0,0,0,0,Winter,0.0,2.1208400000000003,6.100000000000023,2.04,4.23,-1.53,-2.17,-6.11,36,1.5899999999999999,0,0,0,0,0,0,0,0.5946969696969697,21.55094696969697,3.8189015151515155
FC_0000066,2021-02-04,WG,Western Ghats & West Coast,14.07,73.23,4,0.0,32.14,1007.22,66.53,12.32,1464.5,6.99,fair_weather,6.05,32.2,1008.52,60.99,7.04,1007.3,-6.05,-0.060000000000002274,-1.2999999999999545,5.539999999999999,5.28,6.05,0.060000000000002274,1.2999999999999545,5.539999999999999,5.28,0,0,0,0,0,Winter,33.47,18.04264,6.029999999999973,3.96,2.77,-0.72,1.27,1.54,16,1.7475,0,0,0,0,0,0,0,0.42084942084942084,15.014478764478765,2.5983397683397684
FC_0000067,2021-07-25,NE,East & Northeast India,25.9,95.94,4,15.56,31.74,1004.74,71.41,9.22,1050.4,8.44,active_break_monsoon,18.57,33.31,1006.87,69.59,7.44,1357.7,-3.01,-1.5700000000000038,-2.1299999999999955,1.8199999999999932,1.7800000000000002,3.01,1.5700000000000038,2.1299999999999955,1.8199999999999932,1.7800000000000002,0,0,0,0,0,SW-Monsoon,28.590000000000003,9.684688000000001,8.509999999999991,3.71,5.86,0.14,-0.25,6.57,16,2.11,0,0,0,0,0,1,0,0.3958333333333333,10.796125,2.65775
FC_0000068,2024-01-10,SP,Southern Peninsula,14.74,78.23,7,0.0,44.73,1014.65,30.03,7.76,1180.5,31.15,fair_weather,8.73,30.94,1014.05,42.47,6.18,948.4,-8.73,13.789999999999996,0.6000000000000227,-12.439999999999998,1.58,8.73,13.789999999999996,0.6000000000000227,12.439999999999998,1.58,0,1,0,0,1,Winter,69.97,9.160680000000001,-1.3999999999999773,2.24,4.04,-2.28,-3.79,-9.15,49,4.45,0,0,0,0,0,0,0,0.690677966101695,21.64720338983051,4.4192372881355935
FC_0000069,2024-11-12,SP,Southern Peninsula,11.02,75.48,1,133.21,26.93,969.41,100.0,47.82,3837.1,5.25,cyclone,137.46,27.65,971.68,99.89,47.08,4073.1,-4.25,-0.7199999999999989,-2.269999999999982,0.10999999999999943,0.740000000000002,4.25,0.7199999999999989,2.269999999999982,0.10999999999999943,0.740000000000002,0,0,0,0,0,Post-Monsoon,0.0,183.490122,43.84000000000003,17.35,47.59,0.31,-8.49,-2.46,1,5.25,0,0,1,0,0,0,1,0.1214574898785425,7.125991902834008,1.2743724696356276
FC_0000070,2023-10-23,NE,East & Northeast India,24.99,94.02,3,14.0,30.31,1013.63,52.66,5.96,427.7,7.32,post_monsoon,10.9,31.26,1006.67,60.12,5.35,478.9,3.0999999999999996,-0.9500000000000028,6.960000000000036,-7.460000000000001,0.6100000000000003,3.0999999999999996,0.9500000000000028,6.960000000000036,7.460000000000001,0.6100000000000003,0,0,0,1,1,Post-Monsoon,47.34,2.549092,-0.37999999999999545,1.48,6.89,0.01,-1.17,-4.83,9,2.44,0,0,0,0,0,0,0,0.25190839694656486,7.7308778625954195,2.112251908396947
FC_0000071,2023-10-19,WG,Western Ghats & West Coast,12.32,73.56,10,21.46,27.41,1003.54,53.07,1.14,1473.0,14.45,post_monsoon,0.91,24.87,1010.26,48.97,4.06,793.8,20.55,2.539999999999999,-6.720000000000027,4.100000000000001,-2.92,20.55,2.539999999999999,6.720000000000027,4.100000000000001,2.92,0,0,0,1,1,Post-Monsoon,46.93,1.6792199999999997,9.710000000000036,2.11,12.51,1.27,-2.38,-5.83,100,1.4449999999999998,0,0,0,0,0,0,0,0.8455284552845529,32.79081300813008,6.509756097560976
FC_0000072,2024-11-14,EC,Bay of Bengal & East Coast,21.25,87.39,2,4.13,25.16,1005.96,67.54,3.33,1258.4,6.95,post_monsoon,5.34,24.34,1007.4,64.7,4.52,987.1,-1.21,0.8200000000000003,-1.4399999999999409,2.8400000000000034,-1.1899999999999995,1.21,0.8200000000000003,1.4399999999999409,2.8400000000000034,1.1899999999999995,0,0,0,0,0,Post-Monsoon,32.459999999999994,4.190472000000001,7.289999999999964,2.03,4.2,-1.58,-0.5,-2.67,4,3.475,0,0,0,0,0,0,0,0.2558139534883721,13.920542635658915,1.4067054263565892
FC_0000073,2022-07-20,WG,Western Ghats & West Coast,15.66,73.12,2,22.85,32.01,1007.97,70.24,5.78,1043.0,4.49,normal_monsoon,25.52,30.76,1006.15,68.35,5.41,410.5,-2.669999999999998,1.2499999999999964,1.82000000000005,1.8900000000000006,0.3700000000000001,2.669999999999998,1.2499999999999964,1.82000000000005,1.8900000000000006,0.3700000000000001,0,0,0,0,0,SW-Monsoon,29.760000000000005,6.02854,5.279999999999973,2.26,9.83,0.83,3.28,2.78,4,2.245,0,0,0,0,0,0,0,0.20392156862745098,10.022705882352941,1.5912549019607842
FC_0000074,2024-02-04,CI,Central India,19.16,75.03,7,0.0,41.0,1012.39,86.8,1.8,737.2,36.11,fair_weather,0.41,30.33,1013.81,62.13,3.94,912.8,-0.41,10.670000000000002,-1.419999999999959,24.669999999999995,-2.1399999999999997,0.41,10.670000000000002,1.419999999999959,24.669999999999995,2.1399999999999997,0,1,0,0,1,Winter,13.200000000000003,1.3269600000000001,0.8600000000000136,0.71,0.85,-1.16,-1.78,-0.43,49,5.158571428571428,0,0,0,0,0,0,0,0.7537878787878788,21.91992424242424,4.943787878787879
FC_0000075,2022-12-04,NW,Northwest India,32.01,69.16,5,6.86,26.3,1005.29,53.73,5.31,1522.0,9.18,post_monsoon,5.0,23.84,1006.04,72.8,3.32,974.8,1.8600000000000003,2.460000000000001,-0.75,-19.07,1.9899999999999998,1.8600000000000003,2.460000000000001,0.75,19.07,1.9899999999999998,0,0,0,0,0,Post-Monsoon,46.27,8.08182,7.960000000000036,2.7,2.98,-2.63,-0.91,-3.08,25,1.8359999999999999,0,0,0,0,0,0,0,0.5403225806451613,11.756008064516129,3.5735887096774195
FC_0000076,2022-02-06,NW,Northwest India,34.95,77.93,3,168.21,19.78,1005.52,62.43,11.47,1033.5,18.39,western_disturbance,127.24,15.05,1004.39,81.39,12.9,906.1,40.97000000000001,4.73,1.1299999999999955,-18.96,-1.4299999999999997,40.97000000000001,4.73,1.1299999999999955,18.96,1.4299999999999997,1,1,0,0,1,Winter,37.57,11.854245,7.730000000000018,3.8,59.2,0.88,1.49,-1.71,9,6.13,0,0,0,0,1,0,1,0.38207547169811323,10.293254716981133,2.4025000000000003
FC_0000077,2022-12-31,SP,Southern Peninsula,10.93,77.5,9,5.04,39.71,1012.08,65.13,0.93,50.0,36.02,post_monsoon,2.41,27.92,1008.11,55.97,4.92,918.9,2.63,11.79,3.9700000000000273,9.159999999999997,-3.9899999999999998,2.63,11.79,3.9700000000000273,9.159999999999997,3.9899999999999998,0,1,0,0,1,Post-Monsoon,34.870000000000005,0.0465,1.169999999999959,0.76,2.83,0.61,-0.04,-0.7,81,4.002222222222223,0,0,0,0,0,0,0,0.8717948717948718,33.72879120879121,7.428937728937728
FC_0000078,2021-06-11,EC,Bay of Bengal & East Coast,18.83,88.43,9,50.72,20.09,1020.16,56.22,8.99,1757.8,14.07,normal_monsoon,9.41,24.98,1014.82,64.45,5.56,454.2,41.31,-4.890000000000001,5.339999999999918,-8.230000000000004,3.4300000000000006,41.31,4.890000000000001,5.339999999999918,8.230000000000004,3.4300000000000006,1,1,0,1,1,SW-Monsoon,43.78,15.802622,-6.909999999999968,3.21,19.92,-0.98,1.33,3.56,81,1.5633333333333335,0,0,0,0,0,0,0,0.8455284552845529,35.98406504065041,6.411097560975609
FC_0000079,2021-07-21,WG,Western Ghats & West Coast,18.73,72.76,3,71.48,29.28,1006.23,100.0,3.14,2967.4,19.0,heavy_rainfall,141.11,28.91,999.59,97.81,11.18,2859.7,-69.63000000000001,0.370000000000001,6.639999999999986,2.1899999999999977,-8.04,69.63000000000001,0.370000000000001,6.639999999999986,2.1899999999999977,8.04,1,0,1,1,1,SW-Monsoon,0.0,9.317636,7.019999999999982,2.06,26.26,-1.07,0.47,3.2,9,6.333333333333333,0,1,0,0,0,0,1,0.32926829268292684,13.52512195121951,2.1642276422764226
FC_0000080,2023-09-23,SP,Southern Peninsula,9.35,79.15,2,14.93,29.44,1010.21,86.34,11.01,1015.0,5.74,active_break_monsoon,9.57,29.27,1008.03,82.27,10.24,1538.3,5.359999999999999,0.1700000000000017,2.1800000000000637,4.070000000000007,0.7699999999999996,5.359999999999999,0.1700000000000017,2.1800000000000637,4.070000000000007,0.7699999999999996,0,0,0,0,0,SW-Monsoon,13.659999999999997,11.17515,3.0399999999999636,3.3,5.8,-1.36,0.43,-2.39,4,2.87,0,0,0,0,0,1,0,0.12658227848101267,6.515105485232067,1.4548523206751058
FC_0000081,2021-09-27,NE,East & Northeast India,26.86,86.6,3,23.44,29.12,1006.47,81.44,8.92,1600.3,6.52,active_break_monsoon,14.01,30.3,1004.01,63.84,8.23,1370.1,9.430000000000001,-1.1799999999999997,2.4600000000000364,17.599999999999994,0.6899999999999995,9.430000000000001,1.1799999999999997,2.4600000000000364,17.599999999999994,0.6899999999999995,0,0,0,0,0,SW-Monsoon,18.560000000000002,14.274676,6.779999999999973,3.09,8.34,-1.76,1.7,-6.97,9,2.1733333333333333,0,0,0,0,0,1,0,0.25190839694656486,7.7308778625954195,2.112251908396947
FC_0000082,2023-03-27,SP,Southern Peninsula,12.02,79.29,9,172.92,7.33,1011.5,74.64,3.09,1107.9,31.85,fair_weather,0.27,25.04,1006.56,70.05,3.89,1059.4,172.64999999999998,-17.71,4.940000000000055,4.590000000000003,-0.8000000000000003,172.64999999999998,17.71,4.940000000000055,4.590000000000003,0.8000000000000003,1,1,0,1,1,Pre-Monsoon,25.36,3.423411,1.75,1.41,61.02,1.27,-0.7,-0.73,81,3.538888888888889,0,0,0,0,0,0,0,0.8717948717948718,33.72879120879121,7.428937728937728
FC_0000083,2024-07-18,NE,East & Northeast India,22.86,95.46,8,14.27,32.51,1013.8,60.32,7.46,242.1,13.43,normal_monsoon,2.97,32.95,1010.03,50.01,3.6,873.2,11.299999999999999,-0.44000000000000483,3.769999999999982,10.310000000000002,3.86,11.299999999999999,0.44000000000000483,3.769999999999982,10.310000000000002,3.86,0,0,0,0,0,SW-Monsoon,39.68,1.806066,-0.5499999999999545,2.09,5.23,0.84,1.98,-4.36,64,1.67875,0,0,0,0,0,0,0,0.7734375,18.668203125,5.0324609375
FC_0000084,2022-04-01,NE,East & Northeast India,21.45,94.39,3,20.09,31.9,1005.17,70.19,6.96,1272.8,6.82,pre_monsoon,6.64,31.33,1006.98,61.23,6.2,920.8,13.45,0.5700000000000003,-1.8100000000000591,8.96,0.7599999999999998,13.45,0.5700000000000003,1.8100000000000591,8.96,0.7599999999999998,0,0,0,0,0,Pre-Monsoon,29.810000000000002,8.858688,8.080000000000041,2.98,7.26,1.29,0.97,-11.71,9,2.2733333333333334,0,0,0,0,0,0,0,0.25190839694656486,7.7308778625954195,2.112251908396947
FC_0000085,2024-06-29,CI,Central India,22.93,77.15,4,7.09,21.09,1013.44,80.6,0.5,575.5,7.13,normal_monsoon,7.19,22.76,1011.44,70.38,3.83,355.9,-0.10000000000000053,-1.6700000000000017,2.0,10.219999999999999,-3.33,0.10000000000000053,1.6700000000000017,2.0,10.219999999999999,3.33,0,0,0,0,0,SW-Monsoon,19.400000000000006,0.28775,-0.19000000000005457,0.55,3.6,0.28,-0.97,0.09,16,1.7825,0,0,0,0,0,0,0,0.37890625,10.3326171875,2.6153125
FC_0000086,2023-10-14,CI,Central India,23.77,81.82,5,46.62,29.59,1012.13,54.02,2.39,581.4,21.42,post_monsoon,0.65,30.94,1009.42,70.41,4.39,697.5,45.97,-1.3500000000000014,2.7100000000000364,-16.389999999999993,-1.9999999999999996,45.97,1.3500000000000014,2.7100000000000364,16.389999999999993,1.9999999999999996,1,0,0,0,1,Post-Monsoon,45.98,1.389546,1.1200000000000045,0.92,16.74,-1.62,-0.2,3.03,25,4.284000000000001,0,0,0,0,0,0,0,0.5210727969348659,16.352222222222224,3.35264367816092
FC_0000087,2021-10-23,NE,East & Northeast India,28.94,89.41,4,12.17,24.78,1012.43,33.16,9.63,568.3,9.63,post_monsoon,6.12,28.76,1011.35,42.12,6.89,1015.5,6.05,-3.9800000000000004,1.0799999999999272,-8.96,2.740000000000001,6.05,3.9800000000000004,1.0799999999999272,8.96,2.740000000000001,0,1,0,0,1,Post-Monsoon,66.84,5.472729,0.82000000000005,2.52,4.83,0.76,3.12,5.27,16,2.4075,0,0,0,0,0,0,0,0.3958333333333333,10.796125,2.65775
FC_0000088,2022-12-21,EC,Bay of Bengal & East Coast,18.55,85.42,2,121.53,27.06,1006.1,89.39,23.84,3601.3,8.87,cyclone,67.51,26.42,976.59,90.13,42.35,3421.6,54.019999999999996,0.639999999999997,29.50999999999999,-0.7399999999999949,-18.51,54.019999999999996,0.639999999999997,29.50999999999999,0.7399999999999949,18.51,1,0,1,1,1,Post-Monsoon,10.61,85.854992,7.149999999999977,6.44,42.54,0.36,-13.98,-7.66,4,4.435,0,0,1,0,0,0,1,0.2558139534883721,13.920542635658915,1.4067054263565892
FC_0000089,2021-12-04,CI,Central India,22.2,82.9,9,0.0,3.26,1007.49,77.6,1.62,50.0,39.73,post_monsoon,1.16,23.39,1012.82,73.08,3.82,662.1,-1.16,-20.130000000000003,-5.330000000000041,4.519999999999996,-2.1999999999999997,1.16,20.130000000000003,5.330000000000041,4.519999999999996,2.1999999999999997,0,1,0,1,1,Post-Monsoon,22.400000000000006,0.081,5.759999999999991,1.67,2.04,-0.55,-0.27,-2.28,81,4.414444444444444,0,0,0,0,0,0,0,0.8769230769230769,22.42480769230769,6.476230769230769
FC_0000090,2023-05-29,CI,Central India,18.03,76.82,2,5.75,23.67,1007.91,65.24,9.47,1464.5,6.62,pre_monsoon,5.3,25.52,1007.76,60.27,7.16,877.0,0.4500000000000002,-1.8499999999999979,0.14999999999997726,4.969999999999992,2.3100000000000005,0.4500000000000002,1.8499999999999979,0.14999999999997726,4.969999999999992,2.3100000000000005,0,0,0,0,0,Pre-Monsoon,34.760000000000005,13.868815,5.340000000000032,3.04,2.08,0.13,-0.28,4.77,4,3.31,0,0,0,0,0,0,0,0.2196078431372549,7.970745098039216,2.0045098039215685
FC_0000091,2023-12-13,NW,Northwest India,31.0,69.78,5,21.91,22.93,1005.32,39.17,3.16,909.1,8.72,post_monsoon,8.29,24.14,1010.14,43.95,4.64,517.3,13.620000000000001,-1.2100000000000009,-4.819999999999936,-4.780000000000001,-1.4799999999999995,13.620000000000001,1.2100000000000009,4.819999999999936,4.780000000000001,1.4799999999999995,0,0,0,1,1,Post-Monsoon,60.83,2.8727560000000003,7.92999999999995,2.25,10.01,-0.9,0.75,-1.05,25,1.7440000000000002,0,0,0,0,0,0,0,0.5403225806451613,11.756008064516129,3.5735887096774195
FC_0000092,2023-03-03,SP,Southern Peninsula,15.26,78.56,9,233.88,23.56,1003.0,17.03,2.55,50.0,41.15,fair_weather,1.54,31.28,1010.61,62.83,3.28,426.8,232.34,-7.720000000000002,-7.610000000000014,-45.8,-0.73,232.34,7.720000000000002,7.610000000000014,45.8,0.73,1,1,0,1,1,Pre-Monsoon,82.97,0.12749999999999997,10.25,2.5,82.42,-0.88,2.39,-4.21,81,4.572222222222222,0,0,0,0,0,0,0,0.8717948717948718,33.72879120879121,7.428937728937728
FC_0000093,2021-08-05,NW,Northwest India,30.21,76.15,8,0.0,29.72,1010.11,73.05,10.47,573.4,12.15,normal_monsoon,2.53,30.66,1012.32,66.57,6.21,823.5,-2.53,-0.9400000000000013,-2.2100000000000364,6.480000000000004,4.260000000000001,2.53,0.9400000000000013,2.2100000000000364,6.480000000000004,4.260000000000001,0,0,0,0,0,SW-Monsoon,26.950000000000003,6.0034980000000004,3.1399999999999864,3.18,1.64,-1.7,-2.22,-1.3,64,1.51875,0,0,0,0,0,0,0,0.8306451612903226,22.631330645161288,5.529879032258065
FC_0000094,2023-02-03,EC,Bay of Bengal & East Coast,15.96,85.03,1,7.52,27.16,1007.55,79.63,6.15,471.3,3.7,fair_weather,2.99,27.45,1007.35,74.05,6.21,474.8,4.529999999999999,-0.28999999999999915,0.1999999999999318,5.579999999999998,-0.05999999999999961,4.529999999999999,0.28999999999999915,0.1999999999999318,5.579999999999998,0.05999999999999961,0,0,0,0,0,Winter,20.370000000000005,2.8984950000000005,5.7000000000000455,2.63,2.84,2.91,-0.58,6.89,1,3.7,0,0,0,0,0,0,0,0.14418604651162792,12.282837209302325,1.1518604651162792
FC_0000095,2021-07-07,CI,Central India,18.02,77.66,3,0.0,29.89,1013.88,45.1,2.68,1224.9,6.9,normal_monsoon,10.37,31.2,1012.78,44.05,3.09,937.4,-10.37,-1.3099999999999987,1.1000000000000227,1.0500000000000043,-0.4099999999999997,10.37,1.3099999999999987,1.1000000000000227,1.0500000000000043,0.4099999999999997,0,0,0,0,0,SW-Monsoon,54.9,3.282732,-0.6299999999999955,1.11,3.1,-0.85,1.36,-2.88,9,2.3000000000000003,0,0,0,0,0,0,0,0.28076923076923077,9.609423076923076,1.8744230769230767
FC_0000096,2022-01-15,CI,Central India,19.11,80.9,10,11.83,25.73,1007.43,85.88,7.77,1426.3,14.34,fair_weather,11.02,24.25,1012.05,53.1,5.44,752.5,0.8100000000000005,1.4800000000000004,-4.6200000000000045,32.779999999999994,2.329999999999999,0.8100000000000005,1.4800000000000004,4.6200000000000045,32.779999999999994,2.329999999999999,0,0,0,1,1,Winter,14.120000000000005,11.082351,5.82000000000005,2.78,4.75,0.88,2.31,-0.74,100,1.434,0,0,0,0,0,0,0,0.8715953307392996,29.820038910505836,6.153385214007782
FC_0000097,2022-05-08,WG,Western Ghats & West Coast,13.75,73.86,9,0.0,26.12,1007.56,61.1,3.29,938.0,14.61,pre_monsoon,1.19,26.17,1014.95,66.22,3.78,331.1,-1.19,-0.05000000000000071,-7.3900000000001,-5.119999999999997,-0.48999999999999977,1.19,0.05000000000000071,7.3900000000001,5.119999999999997,0.48999999999999977,0,0,0,1,1,Pre-Monsoon,38.9,3.08602,5.690000000000055,1.68,0.78,-3.15,-2.81,4.6,81,1.6233333333333333,0,0,0,0,0,0,0,0.8592592592592593,29.854703703703706,6.722148148148149
FC_0000098,2023-12-01,EC,Bay of Bengal & East Coast,16.15,81.89,3,232.22,30.39,973.89,97.49,27.24,3720.2,6.0,cyclone,222.3,27.38,975.13,91.79,26.74,3702.7,9.919999999999987,3.0100000000000016,-1.240000000000009,5.699999999999989,0.5,9.919999999999987,3.0100000000000016,1.240000000000009,5.699999999999989,0.5,0,1,0,0,1,Post-Monsoon,2.510000000000005,101.338248,39.360000000000014,12.38,81.5,0.56,-11.88,3.83,9,2.0,0,0,1,0,0,0,1,0.35269709543568467,20.04215767634855,2.0838589211618257
FC_0000099,2024-03-26,SP,Southern Peninsula,15.4,75.3,4,7.41,25.59,1009.99,45.89,8.81,281.1,10.72,fair_weather,7.64,23.14,1010.98,48.14,6.97,929.7,-0.22999999999999954,2.4499999999999993,-0.9900000000000091,-2.25,1.8400000000000007,0.22999999999999954,2.4499999999999993,0.9900000000000091,2.25,1.8400000000000007,0,0,0,0,0,Pre-Monsoon,54.11,2.476491,3.259999999999991,2.54,4.13,-1.19,-0.8,-2.58,16,2.68,0,0,0,0,0,0,0,0.37593984962406013,15.084887218045113,2.2651503759398497
FC_0000100,2021-01-15,SP,Southern Peninsula,14.92,77.81,3,0.0,26.65,1014.17,64.06,7.53,461.3,5.63,fair_weather,1.44,28.89,1012.36,58.92,5.67,407.6,-1.44,-2.240000000000002,1.8099999999999454,5.140000000000001,1.8600000000000003,1.44,2.240000000000002,1.8099999999999454,5.140000000000001,1.8600000000000003,0,0,0,0,0,Winter,35.94,3.4735890000000005,-0.9199999999999591,2.14,1.86,0.87,-0.38,4.46,9,1.8766666666666667,0,0,0,0,0,0,0,0.20179372197309417,7.918385650224215,2.001883408071749
FC_0000101,2021-03-06,SP,Southern Peninsula,12.95,76.66,7,0.0,28.01,1014.01,47.01,7.76,1337.8,12.16,fair_weather,0.2,23.49,1008.21,57.27,4.79,941.6,-0.2,4.520000000000003,5.7999999999999545,-10.260000000000005,2.9699999999999998,0.2,4.520000000000003,5.7999999999999545,10.260000000000005,2.9699999999999998,0,1,0,1,1,Pre-Monsoon,52.99,10.381328,-0.7599999999999909,2.27,1.2,-0.16,-1.66,0.92,49,1.737142857142857,0,0,0,0,0,0,0,0.690677966101695,21.64720338983051,4.4192372881355935
FC_0000102,2022-06-05,EC,Bay of Bengal & East Coast,21.63,82.54,9,33.49,58.13,1012.6,50.59,11.06,1503.9,27.26,normal_monsoon,0.59,26.48,1012.52,46.45,4.58,750.6,32.9,31.650000000000002,0.08000000000004093,4.140000000000001,6.48,32.9,31.650000000000002,0.08000000000004093,4.140000000000001,6.48,1,1,1,0,1,SW-Monsoon,49.41,16.633134000000002,0.6499999999999773,3.0,11.88,-1.41,2.55,4.95,81,3.028888888888889,0,0,0,0,0,0,0,0.8455284552845529,35.98406504065041,6.411097560975609
FC_0000103,2024-09-29,WG,Western Ghats & West Coast,15.07,76.97,4,0.0,37.4,1008.18,48.27,1.95,661.6,16.8,normal_monsoon,2.1,28.1,1010.15,42.33,3.8,839.1,-2.1,9.299999999999997,-1.9700000000000273,5.940000000000005,-1.8499999999999999,2.1,9.299999999999997,1.9700000000000273,5.940000000000005,1.8499999999999999,0,1,0,0,1,SW-Monsoon,51.73,1.2901200000000002,5.07000000000005,1.56,4.18,-1.62,-2.27,0.04,16,4.2,0,0,0,0,0,0,0,0.42084942084942084,15.014478764478765,2.5983397683397684
FC_0000104,2024-02-27,WG,Western Ghats & West Coast,18.57,74.91,9,12.25,18.84,1013.88,25.07,8.18,624.7,13.52,fair_weather,1.22,22.05,1011.66,48.13,7.09,653.3,11.03,-3.210000000000001,2.2200000000000273,-23.060000000000002,1.0899999999999999,11.03,3.210000000000001,2.2200000000000273,23.060000000000002,1.0899999999999999,0,1,0,0,1,Winter,74.93,5.1100460000000005,-0.6299999999999955,2.02,4.33,0.0,2.04,-2.79,81,1.5022222222222221,0,0,0,0,0,0,0,0.8592592592592593,29.854703703703706,6.722148148148149
FC_0000105,2022-10-10,NW,Northwest India,36.87,75.01,2,20.53,29.88,1009.7,59.23,7.16,524.8,6.34,post_monsoon,12.98,29.86,1010.03,63.63,7.22,521.7,7.550000000000001,0.019999999999999574,-0.32999999999992724,-4.400000000000006,-0.05999999999999961,7.550000000000001,0.019999999999999574,0.32999999999992724,4.400000000000006,0.05999999999999961,0,0,0,0,0,Post-Monsoon,40.77,3.7575679999999996,3.5499999999999545,2.32,10.16,-0.8,0.5,1.25,4,3.17,0,0,0,0,0,0,0,0.20920502092050208,9.46071129707113,1.7305857740585775
FC_0000106,2023-12-23,EC,Bay of Bengal & East Coast,13.3,83.65,2,19.76,31.08,1004.98,56.27,0.97,1147.5,7.16,post_monsoon,11.81,31.74,1006.54,56.49,3.56,1097.5,7.950000000000001,-0.6600000000000001,-1.5599999999999454,-0.21999999999999886,-2.59,7.950000000000001,0.6600000000000001,1.5599999999999454,0.21999999999999886,2.59,0,0,0,0,0,Post-Monsoon,43.73,1.113075,8.269999999999982,1.77,7.82,-1.38,-1.56,1.09,4,3.58,0,0,0,0,0,0,0,0.2558139534883721,13.920542635658915,1.4067054263565892
FC_0000107,2024-03-08,EC,Bay of Bengal & East Coast,14.68,83.1,9,113.67,44.4,1016.93,53.29,5.28,1829.3,41.05,fair_weather,2.78,24.64,1014.44,59.67,7.64,715.4,110.89,19.759999999999998,2.4899999999998954,-6.380000000000003,-2.3599999999999994,110.89,19.759999999999998,2.4899999999998954,6.380000000000003,2.3599999999999994,1,1,0,0,1,Pre-Monsoon,46.71,9.658704,-3.67999999999995,2.11,40.43,-1.64,-3.02,-2.6,81,4.561111111111111,0,0,0,0,0,0,0,0.8455284552845529,35.98406504065041,6.411097560975609
FC_0000108,2022-08-16,WG,Western Ghats & West Coast,17.13,75.13,7,16.98,28.47,1002.9,52.15,6.99,73.4,13.28,normal_monsoon,18.64,32.81,1006.18,54.22,7.75,1032.8,-1.6600000000000001,-4.340000000000003,-3.2799999999999727,-2.0700000000000003,-0.7599999999999998,1.6600000000000001,4.340000000000003,3.2799999999999727,2.0700000000000003,0.7599999999999998,0,1,0,0,1,SW-Monsoon,47.85,0.513066,10.350000000000023,3.34,7.8,0.09,-2.48,1.29,49,1.897142857142857,0,0,0,0,0,0,0,0.7466666666666667,29.23102222222222,4.842444444444444
FC_0000109,2022-01-27,NE,East & Northeast India,21.32,95.53,5,23.41,20.88,1014.06,74.67,5.85,617.2,8.83,fair_weather,12.97,24.33,1007.81,72.77,3.42,1151.7,10.44,-3.4499999999999993,6.25,1.9000000000000057,2.4299999999999997,10.44,3.4499999999999993,6.25,1.9000000000000057,2.4299999999999997,0,1,0,1,1,Winter,25.33,3.61062,-0.8099999999999454,1.56,9.2,-0.55,0.13,-0.9,25,1.766,0,0,0,0,0,0,0,0.51440329218107,12.827283950617282,3.27
FC_0000110,2022-02-23,NE,East & Northeast India,23.52,96.96,5,0.0,22.83,1007.14,52.98,5.31,237.3,9.1,fair_weather,1.55,22.91,1011.1,46.58,4.95,452.0,-1.55,-0.08000000000000185,-3.9600000000000364,6.399999999999999,0.35999999999999943,1.55,0.08000000000000185,3.9600000000000364,6.399999999999999,0.35999999999999943,0,0,0,0,0,Winter,47.02,1.260063,6.110000000000014,2.44,1.53,-1.43,1.09,7.1,25,1.8199999999999998,0,0,0,0,0,0,0,0.51440329218107,12.827283950617282,3.27
FC_0000111,2021-10-16,NW,Northwest India,36.4,77.41,9,6.02,28.02,1006.14,5.0,12.54,340.1,14.44,post_monsoon,5.66,28.14,1007.98,50.2,6.69,377.9,0.35999999999999943,-0.120000000000001,-1.8400000000000318,-45.2,5.849999999999999,0.35999999999999943,0.120000000000001,1.8400000000000318,45.2,5.849999999999999,0,0,0,0,0,Post-Monsoon,95.0,4.264854000000001,7.110000000000014,4.02,2.71,1.27,-2.28,0.65,81,1.6044444444444443,0,0,0,0,0,0,0,0.7936507936507936,22.855674603174602,6.38031746031746
FC_0000112,2022-01-14,NE,East & Northeast India,27.89,87.65,4,0.0,24.44,1010.7,66.57,8.09,419.1,10.15,fair_weather,2.06,26.98,1009.71,69.24,7.9,462.4,-2.06,-2.539999999999999,0.9900000000000091,-2.6700000000000017,0.1899999999999995,2.06,2.539999999999999,0.9900000000000091,2.6700000000000017,0.1899999999999995,0,0,0,0,0,Winter,33.43000000000001,3.3905190000000003,2.5499999999999545,2.61,1.02,-1.17,-0.09,5.21,16,2.5375,0,0,0,0,0,0,0,0.3958333333333333,10.796125,2.65775
FC_0000113,2021-08-19,NE,East & Northeast India,25.53,87.69,1,0.0,21.96,1012.0,76.69,1.51,286.3,4.38,normal_monsoon,1.32,22.67,1013.85,70.78,4.43,596.9,-1.32,-0.7100000000000009,-1.8500000000000227,5.909999999999997,-2.92,1.32,0.7100000000000009,1.8500000000000227,5.909999999999997,2.92,0,0,0,0,0,SW-Monsoon,23.310000000000002,0.43231300000000006,1.25,0.68,2.37,1.58,-2.72,6.99,1,4.38,0,0,0,0,0,0,0,0.08396946564885496,4.686832061068703,1.254083969465649
FC_0000114,2023-10-15,NE,East & Northeast India,23.21,92.33,6,16.83,30.4,1012.61,60.96,1.87,1202.6,11.31,post_monsoon,2.51,29.3,1014.14,68.04,4.79,1175.1,14.319999999999999,1.0999999999999979,-1.5299999999999727,-7.080000000000005,-2.92,14.319999999999999,1.0999999999999979,1.5299999999999727,7.080000000000005,2.92,0,0,0,0,0,Post-Monsoon,39.04,2.248862,0.6399999999999864,0.69,6.07,0.23,1.02,-5.92,36,1.885,0,0,0,0,0,0,0,0.5887096774193549,16.5770564516129,4.45866935483871
FC_0000115,2021-02-10,CI,Central India,18.33,83.69,3,75.54,20.04,1011.76,51.61,2.66,1552.8,19.69,fair_weather,8.5,30.19,1014.64,55.07,3.21,1191.9,67.04,-10.150000000000002,-2.8799999999999955,-3.460000000000001,-0.5499999999999998,67.04,10.150000000000002,2.8799999999999955,3.460000000000001,0.5499999999999998,1,1,0,0,1,Winter,48.39,4.130448,1.490000000000009,1.18,29.95,0.23,-1.38,2.52,9,6.5633333333333335,0,0,0,0,0,0,0,0.28076923076923077,9.609423076923076,1.8744230769230767
FC_0000116,2023-11-18,NW,Northwest India,35.94,71.81,2,25.94,33.39,1011.04,53.49,2.86,594.8,4.99,post_monsoon,20.32,32.29,1010.26,45.76,3.98,725.9,5.620000000000001,1.1000000000000014,0.7799999999999727,7.730000000000004,-1.12,5.620000000000001,1.1000000000000014,0.7799999999999727,7.730000000000004,1.12,0,0,0,0,0,Post-Monsoon,46.51,1.7011279999999998,2.2100000000000364,1.32,11.76,-1.42,-0.19,-4.89,4,2.495,0,0,0,0,0,0,0,0.20920502092050208,9.46071129707113,1.7305857740585775
FC_0000117,2021-05-15,WG,Western Ghats & West Coast,14.19,74.6,4,21.52,21.86,1011.1,77.47,6.4,1111.6,20.86,pre_monsoon,3.75,29.43,1009.55,73.72,6.24,666.6,17.77,-7.57,1.5500000000000682,3.75,0.16000000000000014,17.77,7.57,1.5500000000000682,3.75,0.16000000000000014,0,1,0,0,1,Pre-Monsoon,22.53,7.11424,2.1499999999999773,1.83,7.75,-0.17,0.74,2.02,16,5.215,0,0,0,0,0,0,0,0.42084942084942084,15.014478764478765,2.5983397683397684
FC_0000118,2021-07-20,NE,East & Northeast India,28.5,93.26,9,0.0,30.44,1006.43,39.9,7.19,365.0,33.64,normal_monsoon,9.41,29.59,1009.31,56.63,6.21,873.8,-9.41,0.8500000000000014,-2.8799999999999955,-16.730000000000004,0.9800000000000004,9.41,0.8500000000000014,2.8799999999999955,16.730000000000004,0.9800000000000004,0,0,0,0,0,SW-Monsoon,60.1,2.62435,6.82000000000005,2.93,0.68,-0.77,-0.08,-2.98,81,3.7377777777777776,0,0,0,0,0,0,0,0.8489795918367347,27.977591836734696,6.6734285714285715
FC_0000119,2023-02-19,SP,Southern Peninsula,10.22,77.46,8,0.0,18.33,1014.84,92.74,0.59,271.7,13.09,fair_weather,4.12,23.93,1008.33,71.98,5.48,989.9,-4.12,-5.600000000000001,6.509999999999991,20.75999999999999,-4.890000000000001,4.12,5.600000000000001,6.509999999999991,20.75999999999999,4.890000000000001,0,1,0,1,1,Winter,7.260000000000005,0.160303,-1.5900000000000318,0.52,0.2,0.65,2.25,-1.21,64,1.63625,0,0,0,0,0,0,0,0.8173913043478261,28.809652173913044,6.443217391304348
FC_0000120,2023-07-19,CI,Central India,21.43,83.59,7,0.0,15.45,1005.12,57.48,6.84,1643.3,27.25,normal_monsoon,2.88,22.49,1007.43,53.75,6.98,1134.2,-2.88,-7.039999999999999,-2.3099999999999454,3.729999999999997,-0.14000000000000057,2.88,7.039999999999999,2.3099999999999454,3.729999999999997,0.14000000000000057,0,1,0,0,1,SW-Monsoon,42.52,11.240172,8.129999999999995,2.84,0.68,0.25,-0.01,1.97,49,3.892857142857143,0,0,0,0,0,0,0,0.7537878787878788,21.91992424242424,4.943787878787879
FC_0000121,2023-11-23,NE,East & Northeast India,22.49,86.07,2,0.0,29.86,1011.45,62.86,4.16,552.7,6.11,post_monsoon,0.76,32.08,1008.71,63.11,4.02,346.3,-0.76,-2.219999999999999,2.740000000000009,-0.25,0.14000000000000057,0.76,2.219999999999999,2.740000000000009,0.25,0.14000000000000057,0,0,0,0,0,Post-Monsoon,37.14,2.2992320000000004,1.7999999999999545,1.29,3.63,-0.69,1.58,-2.27,4,3.055,0,0,0,0,0,0,0,0.1797752808988764,6.552209737827716,1.8855430711610486
FC_0000122,2023-12-08,CI,Central India,25.04,82.97,1,0.0,30.25,1010.08,59.12,6.39,1234.8,4.26,post_monsoon,2.4,32.49,1009.78,49.54,4.63,1167.6,-2.4,-2.240000000000002,0.3000000000000682,9.579999999999998,1.7599999999999998,2.4,2.240000000000002,0.3000000000000682,9.579999999999998,1.7599999999999998,0,0,0,0,0,Post-Monsoon,40.88,7.890371999999999,3.169999999999959,2.28,0.09,-0.72,2.85,-0.82,1,4.26,0,0,0,0,0,0,0,0.16923076923076924,8.377038461538461,1.3539230769230768
FC_0000123,2022-05-18,NW,Northwest India,35.33,73.11,7,49.34,11.85,1004.89,65.11,6.73,507.4,37.2,pre_monsoon,4.1,24.11,1011.74,47.85,6.58,914.2,45.24,-12.26,-6.850000000000023,17.259999999999998,0.15000000000000036,45.24,12.26,6.850000000000023,17.259999999999998,0.15000000000000036,1,1,0,1,1,Pre-Monsoon,34.89,3.4148020000000003,8.360000000000014,3.01,17.5,-0.21,-3.25,5.62,49,5.314285714285715,0,0,0,0,0,0,0,0.7428571428571429,18.69661224489796,4.418367346938775
FC_0000124,2022-02-11,SP,Southern Peninsula,13.28,78.1,10,67.84,19.78,1010.72,38.17,2.59,256.0,28.64,fair_weather,3.7,32.5,1009.46,52.64,4.82,333.9,64.14,-12.719999999999999,1.259999999999991,-14.469999999999999,-2.2300000000000004,64.14,12.719999999999999,1.259999999999991,14.469999999999999,2.2300000000000004,1,1,0,0,1,Winter,61.83,0.66304,2.5299999999999727,1.09,25.44,-0.3,0.85,2.53,100,2.864,0,0,0,0,0,0,0,0.8880597014925373,40.953582089552235,6.767388059701492
FC_0000125,2023-03-16,SP,Southern Peninsula,8.56,78.28,5,0.0,24.27,1015.06,25.33,10.03,822.4,8.08,fair_weather,0.77,24.6,1013.93,41.97,4.83,497.5,-0.77,-0.33000000000000185,1.1299999999999955,-16.64,5.199999999999999,0.77,0.33000000000000185,1.1299999999999955,16.64,5.199999999999999,0,0,0,0,0,Pre-Monsoon,74.67,8.248672,-1.8099999999999454,2.94,0.54,0.21,-0.64,-1.32,25,1.616,0,0,0,0,0,0,0,0.5399239543726235,20.9232319391635,3.057984790874525
FC_0000126,2021-04-09,SP,Southern Peninsula,8.11,76.79,8,0.0,35.61,999.51,74.19,3.58,147.3,24.85,pre_monsoon,2.37,29.1,1006.15,71.28,6.18,301.2,-2.37,6.509999999999998,-6.639999999999986,2.9099999999999966,-2.5999999999999996,2.37,6.509999999999998,6.639999999999986,2.9099999999999966,2.5999999999999996,0,1,0,1,1,Pre-Monsoon,25.810000000000002,0.5273340000000001,13.740000000000009,2.97,0.65,-0.84,-0.54,2.83,64,3.10625,0,0,0,0,0,0,0,0.8173913043478261,28.809652173913044,6.443217391304348
FC_0000127,2022-11-15,NE,East & Northeast India,28.92,88.65,5,0.0,27.01,1016.47,46.48,7.05,50.0,9.38,post_monsoon,1.46,29.48,1014.67,55.57,4.12,327.2,-1.46,-2.469999999999999,1.8000000000000682,-9.090000000000003,2.9299999999999997,1.46,2.469999999999999,1.8000000000000682,9.090000000000003,2.9299999999999997,0,0,0,0,0,Post-Monsoon,53.52,0.3525,-3.2200000000000273,2.35,1.76,-1.38,1.37,-4.41,25,1.8760000000000001,0,0,0,0,0,0,0,0.51440329218107,12.827283950617282,3.27
FC_0000128,2022-12-27,CI,Central India,25.52,76.5,10,3.59,14.35,1019.75,59.5,8.91,997.3,17.99,post_monsoon,0.35,22.65,1006.28,59.2,7.23,611.4,3.2399999999999998,-8.299999999999999,13.470000000000027,0.29999999999999716,1.6799999999999997,3.2399999999999998,8.299999999999999,13.470000000000027,0.29999999999999716,1.6799999999999997,0,1,0,1,1,Post-Monsoon,40.5,8.885943,-6.5,3.13,8.38,0.2,0.53,-2.53,100,1.799,0,0,0,0,0,0,0,0.8715953307392996,29.820038910505836,6.153385214007782
FC_0000129,2023-08-19,SP,Southern Peninsula,10.52,78.46,5,2.42,26.17,1007.62,75.33,3.62,907.0,8.19,normal_monsoon,0.66,25.84,1006.01,73.31,5.29,963.7,1.7599999999999998,0.33000000000000185,1.6100000000000136,2.019999999999996,-1.67,1.7599999999999998,0.33000000000000185,1.6100000000000136,2.019999999999996,1.67,0,0,0,0,0,SW-Monsoon,24.67,3.28334,5.6299999999999955,2.12,3.09,0.28,0.71,7.54,25,1.638,0,0,0,0,0,0,0,0.5399239543726235,20.9232319391635,3.057984790874525
FC_0000130,2022-09-05,EC,Bay of Bengal & East Coast,19.38,84.51,8,18.88,33.17,996.63,76.86,8.6,1891.3,24.55,monsoon_depression,83.11,30.34,990.63,91.53,15.57,1906.5,-64.23,2.830000000000002,6.0,-14.670000000000002,-6.970000000000001,64.23,2.830000000000002,6.0,14.670000000000002,6.970000000000001,1,0,1,1,1,SW-Monsoon,23.14,16.265179999999997,16.620000000000005,4.51,8.64,0.78,-4.52,-0.01,64,3.06875,1,0,0,0,0,0,1,0.7910447761194029,29.504365671641793,4.961007462686567
FC_0000131,2022-10-05,EC,Bay of Bengal & East Coast,20.7,80.36,9,22.25,36.23,1000.47,38.32,5.46,751.9,13.24,post_monsoon,1.72,31.82,1006.66,54.78,7.02,451.6,20.53,4.409999999999997,-6.189999999999941,-16.46,-1.5599999999999996,20.53,4.409999999999997,6.189999999999941,16.46,1.5599999999999996,0,1,0,1,1,Post-Monsoon,61.68,4.105373999999999,12.779999999999973,3.56,8.23,0.26,-1.83,-2.26,81,1.471111111111111,0,0,0,0,0,0,0,0.8455284552845529,35.98406504065041,6.411097560975609
FC_0000132,2023-10-26,CI,Central India,25.38,75.96,2,0.5,26.08,1011.96,62.68,5.92,1290.9,4.71,post_monsoon,1.23,26.81,1013.36,58.3,5.89,972.8,-0.73,-0.7300000000000004,-1.3999999999999773,4.380000000000003,0.03000000000000025,0.73,0.7300000000000004,1.3999999999999773,4.380000000000003,0.03000000000000025,0,0,0,0,0,Post-Monsoon,37.32,7.6421280000000005,1.2899999999999636,1.68,1.81,0.49,-2.04,1.25,4,2.355,0,0,0,0,0,0,0,0.2196078431372549,7.970745098039216,2.0045098039215685
FC_0000133,2024-05-26,NE,East & Northeast India,28.52,89.81,8,0.0,32.46,1018.87,52.58,9.32,200.0,14.35,pre_monsoon,0.67,32.34,1013.61,56.6,6.2,1067.5,-0.67,0.11999999999999744,5.259999999999991,-4.020000000000003,3.12,0.67,0.11999999999999744,5.259999999999991,4.020000000000003,3.12,0,0,0,1,1,Pre-Monsoon,47.42,1.864,-5.6200000000000045,3.19,0.63,-0.7,0.56,1.99,64,1.79375,0,0,0,0,0,0,0,0.7734375,18.668203125,5.0324609375
FC_0000134,2022-05-18,NE,East & Northeast India,28.08,93.06,7,20.17,28.05,1019.65,27.29,7.3,50.0,10.91,pre_monsoon,12.22,25.59,1011.68,49.77,7.6,352.1,7.950000000000001,2.460000000000001,7.970000000000027,-22.480000000000004,-0.2999999999999998,7.950000000000001,2.460000000000001,7.970000000000027,22.480000000000004,0.2999999999999998,0,0,0,1,1,Pre-Monsoon,72.71000000000001,0.365,-6.399999999999977,2.77,7.72,0.73,1.0,-6.09,49,1.5585714285714285,0,0,0,0,0,0,0,0.777292576419214,16.60921397379913,5.613624454148471
FC_0000135,2023-02-06,NW,Northwest India,26.29,77.18,8,0.0,26.7,1001.76,54.5,6.18,1575.3,11.63,fair_weather,0.1,28.5,1006.74,43.51,7.47,802.8,-0.1,-1.8000000000000007,-4.980000000000018,10.990000000000002,-1.29,0.1,1.8000000000000007,4.980000000000018,10.990000000000002,1.29,0,0,0,1,1,Winter,45.5,9.735354,11.490000000000009,3.24,0.07,-0.32,-1.33,0.51,64,1.45375,0,0,0,0,0,0,0,0.8306451612903226,22.631330645161288,5.529879032258065
FC_0000136,2022-02-02,NW,Northwest India,27.19,70.44,3,14.78,25.02,1013.51,55.1,4.45,989.7,19.23,fair_weather,2.97,24.86,1013.54,59.95,3.16,1084.1,11.809999999999999,0.16000000000000014,-0.029999999999972715,-4.850000000000001,1.29,11.809999999999999,0.16000000000000014,0.029999999999972715,4.850000000000001,1.29,0,0,0,0,0,Winter,44.9,4.404165,-0.2599999999999909,1.37,8.28,1.54,-1.29,-3.77,9,6.41,0,0,0,0,0,0,0,0.38207547169811323,10.293254716981133,2.4025000000000003
FC_0000137,2023-05-21,SP,Southern Peninsula,14.51,75.58,4,6.26,27.42,1013.27,58.23,5.33,1228.2,8.96,pre_monsoon,1.31,27.92,1012.44,58.69,3.95,885.1,4.949999999999999,-0.5,0.8299999999999272,-0.46000000000000085,1.38,4.949999999999999,0.5,0.8299999999999272,0.46000000000000085,1.38,0,0,0,0,0,Pre-Monsoon,41.77,6.546306,-0.01999999999998181,1.51,4.02,-1.21,0.68,-3.98,16,2.24,0,0,0,0,0,0,0,0.37593984962406013,15.084887218045113,2.2651503759398497
FC_0000138,2023-03-06,WG,Western Ghats & West Coast,10.66,74.77,7,30.62,22.06,1010.04,62.33,3.54,356.4,22.03,fair_weather,18.57,29.06,1008.38,59.19,4.61,568.4,12.05,-7.0,1.6599999999999682,3.1400000000000006,-1.0700000000000003,12.05,7.0,1.6599999999999682,3.1400000000000006,1.0700000000000003,0,1,0,0,1,Pre-Monsoon,37.67,1.2616559999999999,3.2100000000000364,1.68,11.3,-1.73,-0.97,7.96,49,3.1471428571428572,0,0,0,0,0,0,0,0.7466666666666667,29.23102222222222,4.842444444444444
FC_0000139,2022-01-28,NW,Northwest India,34.8,69.47,5,0.0,28.72,1016.86,64.45,9.25,50.0,9.8,fair_weather,7.53,27.56,1011.44,44.11,7.61,937.9,-7.53,1.1600000000000001,5.419999999999959,20.340000000000003,1.6399999999999997,7.53,1.1600000000000001,5.419999999999959,20.340000000000003,1.6399999999999997,0,0,0,1,1,Winter,35.55,0.4625,-3.6100000000000136,2.85,0.87,0.82,0.23,5.49,25,1.9600000000000002,0,0,0,0,0,0,0,0.5403225806451613,11.756008064516129,3.5735887096774195
FC_0000140,2021-07-26,NE,East & Northeast India,25.66,93.53,7,5.07,28.41,1012.37,54.52,12.06,105.6,10.7,normal_monsoon,0.93,28.37,1007.21,50.27,7.62,432.3,4.140000000000001,0.03999999999999915,5.159999999999968,4.25,4.44,4.140000000000001,0.03999999999999915,5.159999999999968,4.25,4.44,0,0,0,1,1,SW-Monsoon,45.48,1.273536,0.8799999999999955,3.12,1.8,0.6,-1.85,-5.14,49,1.5285714285714285,0,0,0,0,0,0,0,0.777292576419214,16.60921397379913,5.613624454148471
FC_0000141,2023-11-05,WG,Western Ghats & West Coast,18.33,76.71,6,0.0,27.56,1007.56,58.67,3.99,550.8,11.0,post_monsoon,6.21,29.2,1006.83,64.76,5.38,750.7,-6.21,-1.6400000000000006,0.7299999999999045,-6.090000000000003,-1.3899999999999997,6.21,1.6400000000000006,0.7299999999999045,6.090000000000003,1.3899999999999997,0,0,0,0,0,Post-Monsoon,41.33,2.197692,5.690000000000055,2.09,2.54,-0.73,0.89,5.38,36,1.8333333333333333,0,0,0,0,0,0,0,0.6075471698113207,19.574377358490565,3.890641509433962
FC_0000142,2023-06-11,NW,Northwest India,34.2,74.53,4,0.0,19.49,1014.29,46.7,5.49,1501.3,17.87,normal_monsoon,13.63,22.06,1011.49,61.16,4.95,931.6,-13.63,-2.5700000000000003,2.7999999999999545,-14.459999999999994,0.54,13.63,2.5700000000000003,2.7999999999999545,14.459999999999994,0.54,0,0,0,0,0,SW-Monsoon,53.3,8.242137000000001,-1.0399999999999636,1.62,0.45,-0.8,0.22,3.54,16,4.4675,0,0,0,0,0,0,0,0.508833922261484,12.866643109540636,2.8804593639575975
FC_0000143,2023-05-14,CI,Central India,21.47,75.12,2,0.0,46.43,1003.99,17.34,7.06,489.8,4.43,heat_wave,0.34,47.41,1001.27,19.17,6.12,968.2,-0.34,-0.9799999999999969,2.7200000000000273,-1.8300000000000018,0.9399999999999995,0.34,0.9799999999999969,2.7200000000000273,1.8300000000000018,0.9399999999999995,0,0,0,0,0,Pre-Monsoon,82.66,3.457988,9.259999999999991,3.1,4.16,1.61,-2.26,-2.91,4,2.215,0,0,0,1,0,0,1,0.2196078431372549,7.970745098039216,2.0045098039215685
FC_0000144,2023-01-13,EC,Bay of Bengal & East Coast,18.81,88.93,6,13.54,33.33,1006.35,50.46,4.4,1123.5,9.31,fair_weather,16.11,29.27,1007.23,58.52,6.05,1042.9,-2.5700000000000003,4.059999999999999,-0.8799999999999955,-8.060000000000002,-1.6499999999999995,2.5700000000000003,4.059999999999999,0.8799999999999955,8.060000000000002,1.6499999999999995,0,1,0,0,1,Winter,49.54,4.9434000000000005,6.899999999999977,2.41,5.55,1.67,1.11,0.64,36,1.5516666666666667,0,0,0,0,0,0,0,0.6809338521400778,24.520038910505836,3.678326848249027
FC_0000145,2024-06-18,NW,Northwest India,33.58,68.17,6,21.33,31.23,1003.62,79.06,3.41,1055.0,15.18,normal_monsoon,6.49,31.28,1007.75,67.29,5.89,1165.2,14.839999999999998,-0.05000000000000071,-4.1299999999999955,11.769999999999996,-2.4799999999999995,14.839999999999998,0.05000000000000071,4.1299999999999955,11.769999999999996,2.4799999999999995,0,0,0,1,1,SW-Monsoon,20.939999999999998,3.59755,9.629999999999995,2.32,8.92,0.34,2.48,1.62,36,2.53,0,0,0,0,0,0,0,0.6025641025641025,14.582179487179488,3.756153846153846
FC_0000146,2022-07-18,NW,Northwest India,30.45,74.15,6,3.76,35.15,1012.92,69.77,13.58,2310.7,12.53,active_break_monsoon,9.63,33.72,1008.6,60.64,13.32,2550.4,-5.870000000000001,1.4299999999999997,4.319999999999936,9.129999999999995,0.2599999999999998,5.870000000000001,1.4299999999999997,4.319999999999936,9.129999999999995,0.2599999999999998,0,0,0,1,1,SW-Monsoon,30.230000000000004,31.379305999999996,0.3300000000000409,3.31,2.95,-2.34,1.55,-4.57,36,2.0883333333333334,0,0,0,0,0,1,0,0.6025641025641025,14.582179487179488,3.756153846153846
FC_0000147,2023-10-18,CI,Central India,23.52,81.2,1,11.48,31.8,1007.61,71.59,5.52,194.2,4.26,post_monsoon,9.03,32.77,1007.63,74.11,5.14,724.1,2.450000000000001,-0.9700000000000024,-0.01999999999998181,-2.519999999999996,0.3799999999999999,2.450000000000001,0.9700000000000024,0.01999999999998181,2.519999999999996,0.3799999999999999,0,0,0,0,0,Post-Monsoon,28.409999999999997,1.0719839999999998,5.639999999999986,2.38,4.94,-2.29,-0.49,4.73,1,4.26,0,0,0,0,0,0,0,0.16923076923076924,8.377038461538461,1.3539230769230768
FC_0000148,2021-04-06,NE,East & Northeast India,25.74,87.68,6,0.0,18.57,1010.71,40.62,1.19,1098.6,9.93,pre_monsoon,2.52,22.17,1008.31,55.74,4.35,702.6,-2.52,-3.6000000000000014,2.400000000000091,-15.120000000000005,-3.1599999999999997,2.52,3.6000000000000014,2.400000000000091,15.120000000000005,3.1599999999999997,0,1,0,0,1,Pre-Monsoon,59.38,1.3073339999999998,2.5399999999999636,1.13,0.41,-0.86,-1.24,-2.52,36,1.655,0,0,0,0,0,0,0,0.5887096774193549,16.5770564516129,4.45866935483871
FC_0000149,2022-04-30,SP,Southern Peninsula,15.54,78.83,2,22.05,22.08,1011.69,70.88,3.23,1095.8,5.29,pre_monsoon,18.22,23.62,1011.98,74.6,3.02,1052.2,3.830000000000002,-1.5400000000000027,-0.2899999999999636,-3.719999999999999,0.20999999999999996,3.830000000000002,1.5400000000000027,0.2899999999999636,3.719999999999999,0.20999999999999996,0,0,0,0,0,Pre-Monsoon,29.120000000000005,3.5394339999999995,1.5599999999999454,1.16,10.0,3.42,-0.17,-6.79,4,2.645,0,0,0,0,0,0,0,0.12658227848101267,6.515105485232067,1.4548523206751058
FC_0000150,2024-12-01,CI,Central India,19.89,77.22,10,0.0,65.92,1023.6,72.12,4.14,1503.1,46.62,post_monsoon,8.92,22.93,1014.3,44.92,7.78,692.6,-8.92,42.99,9.300000000000068,27.200000000000003,-3.6400000000000006,8.92,42.99,9.300000000000068,27.200000000000003,3.6400000000000006,0,1,0,1,1,Post-Monsoon,27.879999999999995,6.222833999999999,-10.350000000000023,2.59,0.07,1.37,0.39,-6.94,100,4.662,0,0,0,0,0,0,0,0.8715953307392996,29.820038910505836,6.153385214007782
FC_0000151,2021-08-19,SP,Southern Peninsula,15.38,79.88,5,0.0,22.57,1010.82,68.43,4.51,1637.5,9.74,normal_monsoon,9.53,25.79,1013.68,69.28,6.12,566.6,-9.53,-3.219999999999999,-2.8599999999999,-0.8499999999999943,-1.6100000000000003,9.53,3.219999999999999,2.8599999999999,0.8499999999999943,1.6100000000000003,0,1,0,0,1,SW-Monsoon,31.569999999999993,7.385125,2.42999999999995,1.75,0.68,-1.81,1.61,4.61,25,1.948,0,0,0,0,0,0,0,0.5399239543726235,20.9232319391635,3.057984790874525
FC_0000152,2023-01-19,NW,Northwest India,29.27,68.38,7,22.51,11.85,1006.98,99.22,16.21,50.0,11.72,western_disturbance,12.77,10.77,1012.56,89.9,13.55,524.9,9.740000000000002,1.08,-5.579999999999927,9.319999999999993,2.66,9.740000000000002,1.08,5.579999999999927,9.319999999999993,2.66,0,0,0,1,1,Winter,0.7800000000000011,0.8105,6.269999999999982,4.87,9.24,1.95,1.71,0.25,49,1.6742857142857144,0,0,0,0,1,0,1,0.7428571428571429,18.69661224489796,4.418367346938775
FC_0000153,2024-04-09,NE,East & Northeast India,21.41,88.41,10,35.93,42.07,1007.62,92.01,9.33,3270.8,44.35,pre_monsoon,1.93,29.41,1012.46,48.27,3.82,871.0,34.0,12.66,-4.840000000000032,43.74,5.51,34.0,12.66,4.840000000000032,43.74,5.51,1,1,0,1,1,Pre-Monsoon,7.989999999999995,30.516564000000002,5.6299999999999955,3.34,16.19,0.94,-0.57,-6.58,100,4.4350000000000005,0,0,0,0,0,0,0,0.8785714285714286,31.068464285714285,7.881642857142857
FC_0000154,2022-06-25,WG,Western Ghats & West Coast,15.55,75.13,1,12.29,28.91,1009.3,75.5,6.03,974.7,3.69,normal_monsoon,1.23,29.54,1010.61,70.82,6.42,908.3,11.059999999999999,-0.629999999999999,-1.3100000000000591,4.680000000000007,-0.3899999999999997,11.059999999999999,0.629999999999999,1.3100000000000591,4.680000000000007,0.3899999999999997,0,0,0,0,0,SW-Monsoon,24.5,5.877441000000001,3.9500000000000455,2.25,4.65,-0.77,0.18,-1.65,1,3.69,0,0,0,0,0,0,0,0.1134453781512605,9.086302521008403,1.0998319327731092
FC_0000155,2023-11-26,NW,Northwest India,32.24,75.17,5,4.28,18.35,1006.29,88.23,15.54,1724.4,19.69,western_disturbance,14.26,15.24,1006.06,83.34,14.5,1116.6,-9.98,3.110000000000001,0.2300000000000182,4.890000000000001,1.0399999999999991,9.98,3.110000000000001,0.2300000000000182,4.890000000000001,1.0399999999999991,0,1,0,0,1,Post-Monsoon,11.769999999999996,26.797176,6.960000000000036,4.6,2.21,0.54,-1.44,1.45,25,3.938,0,0,0,0,1,0,1,0.5403225806451613,11.756008064516129,3.5735887096774195
FC_0000156,2022-06-09,CI,Central India,18.15,75.05,9,0.0,31.89,1002.45,100.0,14.92,2898.3,42.63,monsoon_depression,60.75,29.98,993.38,92.24,23.31,3715.2,-60.75,1.9100000000000001,9.07000000000005,7.760000000000005,-8.389999999999999,60.75,1.9100000000000001,9.07000000000005,7.760000000000005,8.389999999999999,1,0,1,1,1,SW-Monsoon,0.0,43.242636000000005,10.799999999999955,5.38,0.77,0.15,-5.29,0.52,81,4.736666666666667,1,0,0,0,0,0,1,0.8769230769230769,22.42480769230769,6.476230769230769
FC_0000157,2024-03-29,WG,Western Ghats & West Coast,12.31,73.2,3,3.22,29.67,1012.31,66.5,3.74,50.0,6.43,fair_weather,9.95,30.37,1008.38,60.78,5.39,336.9,-6.729999999999999,-0.6999999999999993,3.92999999999995,5.719999999999999,-1.6499999999999995,6.729999999999999,0.6999999999999993,3.92999999999995,5.719999999999999,1.6499999999999995,0,0,0,0,0,Pre-Monsoon,33.5,0.187,0.9400000000000546,1.14,2.06,1.08,3.16,1.86,9,2.143333333333333,0,0,0,0,0,0,0,0.32926829268292684,13.52512195121951,2.1642276422764226
FC_0000158,2024-06-20,EC,Bay of Bengal & East Coast,11.83,85.77,2,0.0,31.91,1016.75,69.21,4.87,681.0,4.75,normal_monsoon,2.1,31.72,1014.39,62.28,7.07,712.9,-2.1,0.19000000000000128,2.3600000000000136,6.929999999999993,-2.2,2.1,0.19000000000000128,2.3600000000000136,6.929999999999993,2.2,0,0,0,0,0,SW-Monsoon,30.790000000000006,3.3164700000000003,-3.5,1.99,0.21,-1.74,2.3,-1.07,4,2.375,0,0,0,0,0,0,0,0.2558139534883721,13.920542635658915,1.4067054263565892
FC_0000159,2024-01-15,WG,Western Ghats & West Coast,17.78,75.89,10,26.45,29.3,1013.3,68.07,2.35,925.9,17.78,fair_weather,12.46,24.06,1013.04,66.41,4.06,769.5,13.989999999999998,5.240000000000002,0.2599999999999909,1.6599999999999966,-1.7099999999999995,13.989999999999998,5.240000000000002,0.2599999999999909,1.6599999999999966,1.7099999999999995,0,1,0,0,1,Winter,31.930000000000007,2.1758650000000004,-0.049999999999954525,1.01,12.03,-2.37,0.15,9.26,100,1.778,0,0,0,0,0,0,0,0.8455284552845529,32.79081300813008,6.509756097560976
FC_0000160,2022-08-01,CI,Central India,24.54,80.66,2,0.0,28.46,1009.94,57.51,6.27,527.6,11.25,normal_monsoon,5.69,25.55,1010.79,46.21,6.12,334.4,-5.69,2.91,-0.849999999999909,11.299999999999997,0.14999999999999947,5.69,2.91,0.849999999999909,11.299999999999997,0.14999999999999947,0,0,0,0,0,SW-Monsoon,42.49,3.308052,3.3099999999999454,2.35,0.62,1.04,-0.39,2.4,4,5.625,0,0,0,0,0,0,0,0.2196078431372549,7.970745098039216,2.0045098039215685
FC_0000161,2022-11-13,WG,Western Ghats & West Coast,16.82,73.72,3,16.13,20.8,1010.86,77.8,5.32,789.0,20.2,post_monsoon,1.21,22.78,1011.21,66.58,6.91,549.0,14.919999999999998,-1.9800000000000004,-0.35000000000002274,11.219999999999999,-1.5899999999999999,14.919999999999998,1.9800000000000004,0.35000000000002274,11.219999999999999,1.5899999999999999,0,0,0,0,0,Post-Monsoon,22.200000000000003,4.1974800000000005,2.3899999999999864,1.76,6.32,0.9,-0.46,0.56,9,6.733333333333333,0,0,0,0,0,0,0,0.32926829268292684,13.52512195121951,2.1642276422764226
FC_0000162,2022-07-11,CI,Central India,25.94,75.83,1,17.99,27.76,989.06,94.02,17.44,3632.7,5.65,monsoon_depression,17.64,27.92,988.36,91.44,18.54,3670.2,0.34999999999999787,-0.16000000000000014,0.6999999999999318,2.5799999999999983,-1.0999999999999979,0.34999999999999787,0.16000000000000014,0.6999999999999318,2.5799999999999983,1.0999999999999979,0,0,0,0,0,SW-Monsoon,5.980000000000004,63.354288000000004,24.190000000000055,7.89,7.76,1.55,-7.42,3.92,1,5.65,1,0,0,0,0,0,1,0.16923076923076924,8.377038461538461,1.3539230769230768
FC_0000163,2023-10-10,NW,Northwest India,26.79,70.89,2,17.31,30.22,1007.3,66.33,6.35,455.7,4.47,post_monsoon,16.34,29.83,1008.52,65.36,5.99,567.1,0.9699999999999989,0.39000000000000057,-1.2200000000000273,0.9699999999999989,0.35999999999999943,0.9699999999999989,0.39000000000000057,1.2200000000000273,0.9699999999999989,0.35999999999999943,0,0,0,0,0,Post-Monsoon,33.67,2.8936949999999997,5.9500000000000455,2.6,6.68,-1.17,-0.71,-5.47,4,2.235,0,0,0,0,0,0,0,0.20920502092050208,9.46071129707113,1.7305857740585775
FC_0000164,2022-10-08,NE,East & Northeast India,29.29,96.86,6,7.73,34.59,1012.25,52.93,3.44,1982.3,17.51,post_monsoon,2.06,24.32,1014.82,40.81,7.52,994.5,5.67,10.270000000000003,-2.57000000000005,12.119999999999997,-4.08,5.67,10.270000000000003,2.57000000000005,12.119999999999997,4.08,0,1,0,0,1,Post-Monsoon,47.07,6.8191120000000005,1.0,1.22,5.69,0.62,0.08,1.83,36,2.9183333333333334,0,0,0,0,0,0,0,0.5887096774193549,16.5770564516129,4.45866935483871
FC_0000165,2023-03-07,EC,Bay of Bengal & East Coast,19.74,85.66,8,59.14,0.47,1002.58,41.4,2.55,202.2,35.86,fair_weather,11.72,27.98,1006.47,59.05,4.43,308.8,47.42,-27.51,-3.8899999999999864,-17.65,-1.88,47.42,27.51,3.8899999999999864,17.65,1.88,1,1,0,0,1,Pre-Monsoon,58.6,0.5156099999999999,10.669999999999959,2.53,20.71,-1.3,-1.62,0.53,64,4.4825,0,0,0,0,0,0,0,0.7910447761194029,29.504365671641793,4.961007462686567
FC_0000166,2023-11-18,NE,East & Northeast India,25.42,96.65,4,4.85,26.35,1013.08,46.34,5.75,1194.9,11.68,post_monsoon,6.43,28.81,1011.32,53.67,7.02,608.8,-1.58,-2.4599999999999973,1.759999999999991,-7.329999999999998,-1.2699999999999996,1.58,2.4599999999999973,1.759999999999991,7.329999999999998,1.2699999999999996,0,0,0,0,0,Post-Monsoon,53.66,6.870675,0.16999999999995907,1.45,2.93,2.75,-1.95,8.02,16,2.92,0,0,0,0,0,0,0,0.3958333333333333,10.796125,2.65775
FC_0000167,2024-09-25,NE,East & Northeast India,26.91,96.34,2,33.74,27.9,1013.81,61.5,4.02,1262.6,5.04,normal_monsoon,33.22,28.64,1013.61,62.55,6.37,1056.9,0.5200000000000031,-0.740000000000002,0.1999999999999318,-1.0499999999999972,-2.3500000000000005,0.5200000000000031,0.740000000000002,0.1999999999999318,1.0499999999999972,2.3500000000000005,0,0,0,0,0,SW-Monsoon,38.5,5.075651999999999,-0.5599999999999454,1.26,11.87,0.57,-0.66,1.39,4,2.52,0,0,0,0,0,0,0,0.1797752808988764,6.552209737827716,1.8855430711610486
FC_0000168,2024-09-16,NE,East & Northeast India,23.69,89.01,5,0.0,31.73,1003.57,100.0,9.83,1451.9,10.53,active_break_monsoon,1.4,29.05,1003.55,78.61,12.16,1239.5,-1.4,2.6799999999999997,0.020000000000095497,21.39,-2.33,1.4,2.6799999999999997,0.020000000000095497,21.39,2.33,0,0,0,0,0,SW-Monsoon,0.0,14.272177000000001,9.67999999999995,4.1,0.16,-1.44,-0.5,-1.15,25,2.106,0,0,0,0,0,1,0,0.51440329218107,12.827283950617282,3.27
FC_0000169,2024-10-03,CI,Central India,24.84,75.5,3,29.38,22.05,1009.52,60.26,6.21,1068.1,6.14,post_monsoon,23.96,22.66,1010.43,58.76,6.06,1168.0,5.419999999999998,-0.6099999999999994,-0.9099999999999682,1.5,0.15000000000000036,5.419999999999998,0.6099999999999994,0.9099999999999682,1.5,0.15000000000000036,0,0,0,0,0,Post-Monsoon,39.74,6.6329009999999995,3.730000000000018,2.24,10.76,-0.29,-1.61,-3.13,9,2.0466666666666664,0,0,0,0,0,0,0,0.28076923076923077,9.609423076923076,1.8744230769230767
FC_0000170,2024-06-08,CI,Central India,25.57,79.07,5,0.16,24.42,1006.9,76.99,5.24,161.9,11.46,normal_monsoon,6.02,23.75,1006.68,57.97,5.2,541.4,-5.859999999999999,0.6700000000000017,0.22000000000002728,19.019999999999996,0.040000000000000036,5.859999999999999,0.6700000000000017,0.22000000000002728,19.019999999999996,0.040000000000000036,0,0,0,0,0,SW-Monsoon,23.010000000000005,0.8483560000000001,6.350000000000023,2.42,0.1,0.65,0.05,2.1,25,2.2920000000000003,0,0,0,0,0,0,0,0.5210727969348659,16.352222222222224,3.35264367816092
FC_0000171,2021-07-09,EC,Bay of Bengal & East Coast,21.19,83.03,3,112.83,27.07,994.93,100.0,18.0,3456.8,5.75,monsoon_depression,122.84,28.2,993.85,96.66,20.33,3476.5,-10.010000000000005,-1.129999999999999,1.0799999999999272,3.3400000000000034,-2.3299999999999983,10.010000000000005,1.129999999999999,1.0799999999999272,3.3400000000000034,2.3299999999999983,0,0,0,0,0,SW-Monsoon,0.0,62.2224,18.32000000000005,6.81,39.73,0.48,-3.44,-4.05,9,1.9166666666666667,1,0,0,0,0,0,1,0.35269709543568467,20.04215767634855,2.0838589211618257
FC_0000172,2024-06-02,CI,Central India,23.73,78.83,4,0.0,31.74,1010.05,80.97,8.36,1678.0,17.52,normal_monsoon,7.19,26.38,1006.67,73.5,6.15,1071.0,-7.19,5.359999999999999,3.3799999999999955,7.469999999999999,2.209999999999999,7.19,5.359999999999999,3.3799999999999955,7.469999999999999,2.209999999999999,0,1,0,0,1,SW-Monsoon,19.03,14.02808,3.2000000000000455,2.63,0.11,0.08,0.02,1.16,16,4.38,0,0,0,0,0,0,0,0.37890625,10.3326171875,2.6153125
FC_0000173,2024-11-09,SP,Southern Peninsula,13.01,77.77,5,4.58,25.78,1004.9,69.36,5.54,153.4,8.59,post_monsoon,0.19,27.34,1010.43,65.4,3.33,390.3,4.39,-1.5599999999999987,-5.529999999999973,3.9599999999999937,2.21,4.39,1.5599999999999987,5.529999999999973,3.9599999999999937,2.21,0,0,0,1,1,Post-Monsoon,30.64,0.849836,8.350000000000023,2.87,1.71,0.44,0.5,-0.51,25,1.718,0,0,0,0,0,0,0,0.5399239543726235,20.9232319391635,3.057984790874525
FC_0000174,2024-11-01,CI,Central India,25.74,80.92,7,0.0,20.87,1009.63,68.35,5.93,1961.8,15.86,post_monsoon,0.77,22.6,1011.53,70.6,5.35,1027.9,-0.77,-1.7300000000000004,-1.8999999999999773,-2.25,0.5800000000000001,0.77,1.7300000000000004,1.8999999999999773,2.25,0.5800000000000001,0,0,0,0,0,Post-Monsoon,31.650000000000006,11.633473999999998,3.6200000000000045,2.31,0.85,2.51,0.91,-1.2,49,2.2657142857142856,0,0,0,0,0,0,0,0.7537878787878788,21.91992424242424,4.943787878787879
FC_0000175,2024-07-30,CI,Central India,20.01,83.1,2,8.01,27.82,1001.52,100.0,8.24,2255.0,9.69,monsoon_depression,103.01,27.99,989.58,92.46,18.24,2005.7,-95.0,-0.16999999999999815,11.93999999999994,7.540000000000006,-9.999999999999998,95.0,0.16999999999999815,11.93999999999994,7.540000000000006,9.999999999999998,1,0,1,1,1,SW-Monsoon,0.0,18.5812,11.730000000000018,3.74,3.41,0.47,-7.26,-1.42,4,4.845,1,0,0,0,0,0,1,0.2196078431372549,7.970745098039216,2.0045098039215685
FC_0000176,2022-09-25,CI,Central India,20.35,77.72,6,0.0,23.93,1008.09,65.08,7.28,1321.9,10.17,normal_monsoon,3.98,24.62,1012.95,71.67,6.68,563.7,-3.98,-0.6900000000000013,-4.860000000000014,-6.590000000000003,0.6000000000000005,3.98,0.6900000000000013,4.860000000000014,6.590000000000003,0.6000000000000005,0,0,0,1,1,SW-Monsoon,34.92,9.623432000000001,5.159999999999968,2.68,5.67,0.42,1.86,-3.26,36,1.695,0,0,0,0,0,0,0,0.6448979591836734,18.281918367346936,3.7026938775510203
FC_0000177,2022-09-20,NW,Northwest India,25.33,77.0,6,4.83,40.23,1010.97,66.03,6.93,1269.1,21.29,normal_monsoon,4.47,23.13,1009.1,59.72,4.99,641.3,0.3600000000000003,17.099999999999998,1.8700000000000045,6.310000000000002,1.9399999999999995,0.3600000000000003,17.099999999999998,1.8700000000000045,6.310000000000002,1.9399999999999995,0,1,0,0,1,SW-Monsoon,33.97,8.794863,2.2799999999999727,2.27,1.7,-2.81,0.75,6.02,36,3.5483333333333333,0,0,0,0,0,0,0,0.6025641025641025,14.582179487179488,3.756153846153846
FC_0000178,2023-08-31,EC,Bay of Bengal & East Coast,14.15,82.33,6,35.04,30.67,997.75,100.0,10.89,2826.9,17.76,monsoon_depression,147.1,30.56,991.9,94.92,18.8,2720.7,-112.06,0.11000000000000298,5.850000000000023,5.079999999999998,-7.91,112.06,0.11000000000000298,5.850000000000023,5.079999999999998,7.91,1,0,1,1,1,SW-Monsoon,0.0,30.784941000000003,15.5,5.16,12.78,0.22,-3.54,3.16,36,2.9600000000000004,1,0,0,0,0,0,1,0.6809338521400778,24.520038910505836,3.678326848249027
FC_0000179,2024-07-06,SP,Southern Peninsula,15.36,79.43,7,95.78,26.65,1000.56,71.5,4.37,2532.9,37.58,active_break_monsoon,1.76,33.84,1003.13,74.08,9.24,1873.0,94.02,-7.190000000000005,-2.57000000000005,-2.5799999999999983,-4.87,94.02,7.190000000000005,2.57000000000005,2.5799999999999983,4.87,1,1,0,0,1,SW-Monsoon,28.5,11.068773,12.690000000000055,3.05,33.76,0.66,-3.39,-3.65,49,5.368571428571428,0,0,0,0,0,1,0,0.690677966101695,21.64720338983051,4.4192372881355935
FC_0000180,2024-10-14,CI,Central India,19.13,81.69,3,4.04,27.62,1012.38,67.7,6.5,687.2,6.67,post_monsoon,0.82,28.03,1008.43,58.8,3.97,1055.6,3.22,-0.41000000000000014,3.9500000000000455,8.900000000000006,2.53,3.22,0.41000000000000014,3.9500000000000455,8.900000000000006,2.53,0,0,0,0,0,Post-Monsoon,32.3,4.4668,0.8700000000000045,1.93,2.12,-1.18,1.78,-3.6,9,2.223333333333333,0,0,0,0,0,0,0,0.28076923076923077,9.609423076923076,1.8744230769230767
FC_0000181,2022-12-11,EC,Bay of Bengal & East Coast,21.04,80.71,5,6.76,29.88,1008.57,81.39,3.14,843.9,9.51,post_monsoon,5.04,30.62,1010.45,72.53,6.76,334.3,1.7199999999999998,-0.740000000000002,-1.8799999999999955,8.86,-3.6199999999999997,1.7199999999999998,0.740000000000002,1.8799999999999955,8.86,3.6199999999999997,0,0,0,0,0,Post-Monsoon,18.61,2.649846,4.67999999999995,1.71,4.94,1.42,-1.84,-0.75,25,1.902,0,0,0,0,0,0,0,0.5407725321888412,24.05197424892704,2.9729613733905578
FC_0000182,2024-12-05,WG,Western Ghats & West Coast,17.9,74.96,9,0.0,11.86,1016.16,33.21,9.12,439.7,46.74,post_monsoon,0.45,24.46,1014.95,54.78,3.67,622.4,-0.45,-12.600000000000001,1.2099999999999227,-21.57,5.449999999999999,0.45,12.600000000000001,1.2099999999999227,21.57,5.449999999999999,0,1,0,0,1,Post-Monsoon,66.78999999999999,4.010063999999999,-2.909999999999968,2.7,2.15,-0.82,0.41,-0.15,81,5.193333333333333,0,0,0,0,0,0,0,0.8592592592592593,29.854703703703706,6.722148148148149
FC_0000183,2022-10-11,NW,Northwest India,32.7,72.93,9,0.0,32.45,1007.18,30.62,8.47,1717.3,15.15,post_monsoon,0.93,32.78,1009.21,49.65,6.95,323.0,-0.93,-0.3299999999999983,-2.0300000000000864,-19.029999999999998,1.5200000000000005,0.93,0.3299999999999983,2.0300000000000864,19.029999999999998,1.5200000000000005,0,0,0,0,0,Post-Monsoon,69.38,14.545531,6.07000000000005,3.23,0.59,-0.31,-1.2,-0.24,81,1.6833333333333333,0,0,0,0,0,0,0,0.7936507936507936,22.855674603174602,6.38031746031746
FC_0000184,2021-11-14,CI,Central India,23.58,74.34,7,49.69,30.27,1010.19,79.92,7.85,50.0,33.97,post_monsoon,12.18,32.41,1009.28,71.54,5.13,562.7,37.51,-2.139999999999997,0.9100000000000819,8.379999999999995,2.7199999999999998,37.51,2.139999999999997,0.9100000000000819,8.379999999999995,2.7199999999999998,1,0,0,0,1,Post-Monsoon,20.08,0.3925,3.0599999999999454,2.37,18.05,0.09,1.29,-2.59,49,4.852857142857142,0,0,0,0,0,0,0,0.7537878787878788,21.91992424242424,4.943787878787879
FC_0000185,2024-06-02,SP,Southern Peninsula,14.1,75.18,9,13.98,30.0,1012.18,47.86,3.05,649.6,17.95,normal_monsoon,10.46,26.48,1011.05,47.6,3.35,845.9,3.5199999999999996,3.5199999999999996,1.1299999999999955,0.259999999999998,-0.30000000000000027,3.5199999999999996,3.5199999999999996,1.1299999999999955,0.259999999999998,0.30000000000000027,0,1,0,0,1,SW-Monsoon,52.14,1.98128,1.07000000000005,0.97,6.26,0.03,0.42,0.12,81,1.9944444444444445,0,0,0,0,0,0,0,0.8717948717948718,33.72879120879121,7.428937728937728
FC_0000186,2024-06-11,NW,Northwest India,29.92,69.51,3,9.08,27.26,1014.81,60.32,5.54,1375.3,11.01,normal_monsoon,11.61,31.0,1013.41,57.97,4.89,1177.9,-2.5299999999999994,-3.7399999999999984,1.3999999999999773,2.3500000000000014,0.6500000000000004,2.5299999999999994,3.7399999999999984,1.3999999999999773,2.3500000000000014,0.6500000000000004,0,1,0,0,1,SW-Monsoon,39.68,7.619161999999999,-1.5599999999999454,1.61,5.08,1.5,0.55,1.54,9,3.67,0,0,0,0,0,0,0,0.38207547169811323,10.293254716981133,2.4025000000000003
FC_0000187,2022-11-15,SP,Southern Peninsula,14.59,76.73,7,86.44,38.37,1016.79,84.91,12.39,1526.5,35.13,post_monsoon,8.37,32.15,1009.87,74.07,4.87,916.0,78.07,6.219999999999999,6.919999999999959,10.840000000000003,7.5200000000000005,78.07,6.219999999999999,6.919999999999959,10.840000000000003,7.5200000000000005,1,1,1,1,1,Post-Monsoon,15.090000000000003,18.913335,-3.5399999999999636,3.44,31.69,0.42,-2.4,-2.21,49,5.018571428571429,0,0,0,0,0,0,0,0.690677966101695,21.64720338983051,4.4192372881355935
FC_0000188,2022-10-26,NW,Northwest India,29.9,72.29,1,11.37,23.96,1013.62,64.14,8.98,1069.5,3.54,post_monsoon,10.84,25.24,1013.74,57.82,5.81,1153.7,0.5299999999999994,-1.2799999999999976,-0.12000000000000455,6.32,3.170000000000001,0.5299999999999994,1.2799999999999976,0.12000000000000455,6.32,3.170000000000001,0,0,0,0,0,Post-Monsoon,35.86,9.60411,-0.37000000000000455,2.37,4.8,-1.64,1.66,-2.14,1,3.54,0,0,0,0,0,0,0,0.15873015873015872,5.933611111111111,1.5877777777777777
FC_0000189,2024-10-29,WG,Western Ghats & West Coast,17.27,74.67,7,24.98,24.51,1007.34,56.39,2.77,50.0,13.15,post_monsoon,3.82,23.56,1010.76,68.58,6.89,841.9,21.16,0.9500000000000028,-3.419999999999959,-12.189999999999998,-4.119999999999999,21.16,0.9500000000000028,3.419999999999959,12.189999999999998,4.119999999999999,0,0,0,0,0,Post-Monsoon,43.61,0.1385,5.909999999999968,1.63,10.73,-0.86,1.01,1.17,49,1.8785714285714286,0,0,0,0,0,0,0,0.7466666666666667,29.23102222222222,4.842444444444444
FC_0000190,2024-06-10,EC,Bay of Bengal & East Coast,19.68,80.66,3,0.0,32.94,1007.32,56.01,3.54,1079.2,17.0,normal_monsoon,3.13,23.71,1006.82,45.26,4.13,600.3,-3.13,9.229999999999997,0.5,10.75,-0.5899999999999999,3.13,9.229999999999997,0.5,10.75,0.5899999999999999,0,1,0,0,1,SW-Monsoon,43.99,3.820368,5.92999999999995,1.94,0.53,-0.86,-1.89,-2.18,9,5.666666666666667,0,0,0,0,0,0,0,0.35269709543568467,20.04215767634855,2.0838589211618257
FC_0000191,2024-02-11,NW,Northwest India,26.49,73.52,3,55.92,11.31,1001.22,82.5,15.13,1164.6,5.83,western_disturbance,45.18,12.4,1004.23,86.8,15.94,1171.3,10.740000000000002,-1.0899999999999999,-3.009999999999991,-4.299999999999997,-0.8099999999999987,10.740000000000002,1.0899999999999999,3.009999999999991,4.299999999999997,0.8099999999999987,0,0,0,0,0,Winter,17.5,17.620398,12.029999999999973,5.57,20.46,-0.68,-0.87,2.75,9,1.9433333333333334,0,0,0,0,1,0,1,0.38207547169811323,10.293254716981133,2.4025000000000003
FC_0000192,2022-03-18,NE,East & Northeast India,29.05,85.9,7,12.86,26.36,1005.42,76.76,2.73,1900.2,10.97,fair_weather,3.06,26.67,1010.7,63.26,4.39,889.4,9.799999999999999,-0.3100000000000023,-5.280000000000086,13.500000000000007,-1.6599999999999997,9.799999999999999,0.3100000000000023,5.280000000000086,13.500000000000007,1.6599999999999997,0,0,0,1,1,Pre-Monsoon,23.239999999999995,5.187546,7.830000000000041,2.05,5.69,-1.32,-0.24,-0.77,49,1.5671428571428572,0,0,0,0,0,0,0,0.777292576419214,16.60921397379913,5.613624454148471
FC_0000193,2022-07-18,WG,Western Ghats & West Coast,8.52,73.2,8,188.74,25.1,1004.32,87.45,18.71,4460.4,12.89,heavy_rainfall,197.94,25.55,1004.97,91.93,19.93,3100.1,-9.199999999999989,-0.4499999999999993,-0.6499999999999773,-4.480000000000004,-1.2199999999999989,9.199999999999989,0.4499999999999993,0.6499999999999773,4.480000000000004,1.2199999999999989,0,0,0,0,0,SW-Monsoon,12.549999999999997,83.45408400000001,8.92999999999995,5.75,66.86,1.0,1.4,3.35,64,1.61125,0,1,0,0,0,0,1,0.7743362831858407,29.086371681415926,6.164911504424778
FC_0000194,2024-07-15,NE,East & Northeast India,26.45,89.79,4,9.44,28.74,1013.43,66.85,9.55,1538.8,9.76,normal_monsoon,0.58,26.25,1012.13,52.59,7.81,1071.5,8.86,2.4899999999999984,1.2999999999999545,14.259999999999991,1.740000000000001,8.86,2.4899999999999984,1.2999999999999545,14.259999999999991,1.740000000000001,0,0,0,0,0,SW-Monsoon,33.150000000000006,14.695540000000001,-0.17999999999994998,2.51,4.73,1.7,0.27,-0.08,16,2.44,0,0,0,0,0,0,0,0.3958333333333333,10.796125,2.65775
FC_0000195,2024-11-10,WG,Western Ghats & West Coast,17.91,72.82,1,19.78,21.5,1010.97,69.16,4.14,1071.5,6.0,post_monsoon,3.67,23.37,1010.0,64.81,4.36,1052.6,16.11,-1.870000000000001,0.9700000000000273,4.349999999999994,-0.22000000000000064,16.11,1.870000000000001,0.9700000000000273,4.349999999999994,0.22000000000000064,0,0,0,0,0,Post-Monsoon,30.840000000000003,4.43601,2.2799999999999727,1.58,7.07,2.32,-0.88,1.13,1,6.0,0,0,0,0,0,0,0,0.1134453781512605,9.086302521008403,1.0998319327731092
FC_0000196,2024-11-11,NE,East & Northeast India,22.67,88.6,5,0.0,33.98,1018.08,50.62,7.89,2061.5,18.8,post_monsoon,4.82,32.36,1014.35,51.39,4.59,951.0,-4.82,1.6199999999999974,3.730000000000018,-0.7700000000000031,3.3,4.82,1.6199999999999974,3.730000000000018,0.7700000000000031,3.3,0,0,0,0,0,Post-Monsoon,49.38,16.265234999999997,-4.830000000000041,2.76,1.33,-2.49,-1.33,-7.86,25,3.7600000000000002,0,0,0,0,0,0,0,0.51440329218107,12.827283950617282,3.27
FC_0000197,2024-02-11,NE,East & Northeast India,26.33,93.22,10,8.3,25.03,1011.87,59.92,3.54,348.6,21.96,fair_weather,1.94,26.89,1008.79,69.13,6.23,1012.3,6.360000000000001,-1.8599999999999994,3.080000000000041,-9.209999999999994,-2.6900000000000004,6.360000000000001,1.8599999999999994,3.080000000000041,9.209999999999994,2.6900000000000004,0,0,0,0,0,Winter,40.08,1.2340440000000001,1.3799999999999955,1.36,3.51,0.65,-1.09,3.4,100,2.196,0,0,0,0,0,0,0,0.8785714285714286,31.068464285714285,7.881642857142857
FC_0000198,2023-08-10,SP,Southern Peninsula,8.99,80.19,4,90.05,24.52,1014.12,57.66,3.41,677.3,19.48,normal_monsoon,16.76,26.54,1014.02,41.25,4.82,366.5,73.28999999999999,-2.0199999999999996,0.10000000000002274,16.409999999999997,-1.4100000000000001,73.28999999999999,2.0199999999999996,0.10000000000002274,16.409999999999997,1.4100000000000001,1,0,0,0,1,SW-Monsoon,42.34,2.309593,-0.8700000000000045,1.36,32.37,-0.47,0.33,3.56,16,4.87,0,0,0,0,0,0,0,0.37593984962406013,15.084887218045113,2.2651503759398497
FC_0000199,2024-01-10,NW,Northwest India,28.43,75.13,9,22.55,26.46,1016.48,50.67,6.96,746.3,12.92,fair_weather,15.6,24.62,1014.06,41.96,3.18,881.3,6.950000000000001,1.8399999999999999,2.4200000000000728,8.71,3.78,6.950000000000001,1.8399999999999999,2.4200000000000728,8.71,3.78,0,0,0,0,0,Winter,49.33,5.194248,-3.230000000000018,2.12,8.61,-0.92,-1.11,0.96,81,1.4355555555555555,0,0,0,0,0,0,0,0.7936507936507936,22.855674603174602,6.38031746031746
FC_0000200,2022-11-30,NW,Northwest India,30.81,70.23,3,4.23,24.2,1014.5,64.45,5.83,404.1,5.93,post_monsoon,0.01,24.59,1013.5,53.45,5.09,398.3,4.220000000000001,-0.39000000000000057,1.0,11.0,0.7400000000000002,4.220000000000001,0.39000000000000057,1.0,11.0,0.7400000000000002,0,0,0,0,0,Post-Monsoon,35.55,2.355903,-1.25,1.72,1.89,-0.84,2.79,-3.84,9,1.9766666666666666,0,0,0,0,0,0,0,0.38207547169811323,10.293254716981133,2.4025000000000003
FC_0000201,2021-04-23,WG,Western Ghats & West Coast,18.15,76.18,4,6.33,26.81,1009.98,70.44,6.06,697.9,7.41,pre_monsoon,8.98,27.23,1008.7,68.98,6.25,673.6,-2.6500000000000004,-0.4200000000000017,1.2799999999999727,1.4599999999999937,-0.1900000000000004,2.6500000000000004,0.4200000000000017,1.2799999999999727,1.4599999999999937,0.1900000000000004,0,0,0,0,0,Pre-Monsoon,29.560000000000002,4.229273999999999,3.269999999999982,2.0,3.39,-0.53,1.34,-0.1,16,1.8525,0,0,0,0,0,0,0,0.42084942084942084,15.014478764478765,2.5983397683397684
FC_0000202,2021-01-02,EC,Bay of Bengal & East Coast,15.36,85.3,10,6.86,29.07,1024.52,100.0,0.5,522.9,15.79,fair_weather,0.71,27.55,1014.05,71.28,4.91,893.1,6.15,1.5199999999999996,10.470000000000027,28.72,-4.41,6.15,1.5199999999999996,10.470000000000027,28.72,4.41,0,0,0,1,1,Winter,0.0,0.26145,-11.269999999999982,2.05,7.63,1.94,0.76,-0.51,100,1.579,0,0,0,0,0,0,0,0.9230769230769231,37.378597285067876,6.533212669683258
FC_0000203,2022-10-04,SP,Southern Peninsula,10.06,78.79,3,11.37,31.44,1012.27,67.91,8.69,448.8,8.95,post_monsoon,10.48,30.41,1012.52,57.54,6.49,1152.7,0.8899999999999988,1.0300000000000011,-0.25,10.369999999999997,2.1999999999999993,0.8899999999999988,1.0300000000000011,0.25,10.369999999999997,2.1999999999999993,0,0,0,0,0,Post-Monsoon,32.09,3.9000719999999998,0.9800000000000182,2.5,8.31,-1.44,-0.17,3.57,9,2.983333333333333,0,0,0,0,0,0,0,0.20179372197309417,7.918385650224215,2.001883408071749
FC_0000204,2021-08-08,NW,Northwest India,28.02,76.44,3,29.84,21.28,1011.72,59.28,7.9,1252.8,20.86,normal_monsoon,0.51,27.19,1013.28,65.24,4.48,829.4,29.33,-5.91,-1.5599999999999454,-5.959999999999994,3.42,29.33,5.91,1.5599999999999454,5.959999999999994,3.42,1,1,0,0,1,SW-Monsoon,40.72,9.897120000000001,1.5299999999999727,2.39,10.73,1.76,3.29,0.37,9,6.953333333333333,0,0,0,0,0,0,0,0.38207547169811323,10.293254716981133,2.4025000000000003
FC_0000205,2023-05-05,NW,Northwest India,26.83,68.15,7,0.0,17.63,1008.46,58.0,7.49,50.0,11.73,pre_monsoon,3.91,22.8,1009.59,48.78,3.77,609.3,-3.91,-5.170000000000002,-1.1299999999999955,9.219999999999999,3.72,3.91,5.170000000000002,1.1299999999999955,9.219999999999999,3.72,0,1,0,0,1,Pre-Monsoon,42.0,0.3745,4.789999999999964,2.85,2.37,-1.05,-1.44,-4.85,49,1.6757142857142857,0,0,0,0,0,0,0,0.7428571428571429,18.69661224489796,4.418367346938775
FC_0000206,2024-06-02,SP,Southern Peninsula,10.15,76.05,5,8.64,29.66,1007.37,81.24,0.87,857.0,9.12,normal_monsoon,4.33,32.3,1007.81,69.24,4.35,1022.5,4.3100000000000005,-2.639999999999997,-0.4399999999999409,12.0,-3.4799999999999995,4.3100000000000005,2.639999999999997,0.4399999999999409,12.0,3.4799999999999995,0,0,0,0,0,SW-Monsoon,18.760000000000005,0.7455900000000001,5.8799999999999955,1.56,3.54,-0.06,-1.57,-3.6,25,1.8239999999999998,0,0,0,0,0,0,0,0.5399239543726235,20.9232319391635,3.057984790874525
FC_0000207,2022-01-20,CI,Central India,22.07,76.04,5,28.94,25.9,1008.9,69.99,3.21,727.1,10.09,fair_weather,15.41,22.18,1010.81,66.71,4.57,1061.4,13.530000000000001,3.719999999999999,-1.9099999999999682,3.280000000000001,-1.3600000000000003,13.530000000000001,3.719999999999999,1.9099999999999682,3.280000000000001,1.3600000000000003,0,1,0,0,1,Winter,30.010000000000005,2.333991,4.350000000000023,1.52,12.67,0.42,-1.34,-8.57,25,2.018,0,0,0,0,0,0,0,0.5210727969348659,16.352222222222224,3.35264367816092
FC_0000208,2024-11-27,SP,Southern Peninsula,14.11,76.33,4,0.0,27.38,1006.78,64.42,4.56,50.0,7.22,post_monsoon,0.29,29.61,1006.37,52.64,3.26,339.0,-0.29,-2.2300000000000004,0.40999999999996817,11.780000000000001,1.2999999999999998,0.29,2.2300000000000004,0.40999999999996817,11.780000000000001,1.2999999999999998,0,0,0,0,0,Post-Monsoon,35.58,0.22799999999999998,6.470000000000027,2.32,1.16,-0.52,2.44,1.11,16,1.805,0,0,0,0,0,0,0,0.37593984962406013,15.084887218045113,2.2651503759398497
FC_0000209,2024-02-28,NW,Northwest India,33.19,73.78,10,0.0,20.0,1002.63,59.81,2.5,2403.8,42.39,fair_weather,1.57,26.15,1009.16,54.12,3.43,845.3,-1.57,-6.149999999999999,-6.529999999999973,5.690000000000005,-0.9300000000000002,1.57,6.149999999999999,6.529999999999973,5.690000000000005,0.9300000000000002,0,1,0,1,1,Winter,40.19,6.0095,10.620000000000005,2.46,2.45,-0.93,-2.34,0.95,100,4.239,0,0,0,0,0,0,0,0.8470588235294118,25.773882352941175,6.877843137254902
FC_0000210,2023-12-13,EC,Bay of Bengal & East Coast,21.85,89.0,8,0.0,25.53,1019.39,20.91,5.98,524.0,15.16,post_monsoon,8.58,25.83,1014.92,53.35,6.71,565.7,-8.58,-0.29999999999999716,4.470000000000027,-32.44,-0.7299999999999995,8.58,0.29999999999999716,4.470000000000027,32.44,0.7299999999999995,0,0,0,1,1,Post-Monsoon,79.09,3.1335200000000003,-6.139999999999986,2.6,0.62,-0.91,-0.65,-5.27,64,1.895,0,0,0,0,0,0,0,0.7910447761194029,29.504365671641793,4.961007462686567
FC_0000211,2022-12-31,CI,Central India,24.96,81.6,1,7.03,30.14,1007.14,59.38,5.81,925.4,3.32,post_monsoon,6.89,30.92,1008.24,56.12,7.03,938.5,0.14000000000000057,-0.7800000000000011,-1.1000000000000227,3.260000000000005,-1.2200000000000006,0.14000000000000057,0.7800000000000011,1.1000000000000227,3.260000000000005,1.2200000000000006,0,0,0,0,0,Post-Monsoon,40.62,5.376574,6.110000000000014,2.37,4.58,-0.37,-2.48,-1.7,1,3.32,0,0,0,0,0,0,0,0.16923076923076924,8.377038461538461,1.3539230769230768
FC_0000212,2024-12-10,NE,East & Northeast India,24.28,94.04,9,16.24,22.05,1019.97,76.55,2.53,850.5,16.44,post_monsoon,0.01,22.35,1012.78,55.88,5.56,1168.2,16.229999999999997,-0.3000000000000007,7.190000000000055,20.669999999999995,-3.03,16.229999999999997,0.3000000000000007,7.190000000000055,20.669999999999995,3.03,0,0,0,1,1,Post-Monsoon,23.450000000000003,2.1517649999999997,-6.720000000000027,1.82,6.94,0.9,-2.25,0.75,81,1.8266666666666669,0,0,0,0,0,0,0,0.8489795918367347,27.977591836734696,6.6734285714285715
FC_0000213,2021-09-04,SP,Southern Peninsula,15.65,75.13,9,12.83,21.7,1006.27,78.53,0.58,2983.1,13.62,normal_monsoon,0.2,23.45,1007.7,64.94,3.91,775.8,12.63,-1.75,-1.4300000000000637,13.590000000000003,-3.33,12.63,1.75,1.4300000000000637,13.590000000000003,3.33,0,0,0,0,0,SW-Monsoon,21.47,1.730198,6.980000000000018,1.56,5.7,-0.36,-0.03,-6.13,81,1.5133333333333332,0,0,0,0,0,0,0,0.8717948717948718,33.72879120879121,7.428937728937728
FC_0000214,2023-04-16,NE,East & Northeast India,25.57,87.62,5,5.89,29.64,1014.43,86.61,9.18,213.0,8.53,pre_monsoon,11.01,31.41,1007.89,71.4,7.97,1176.6,-5.12,-1.7699999999999996,6.539999999999964,15.209999999999994,1.21,5.12,1.7699999999999996,6.539999999999964,15.209999999999994,1.21,0,0,0,1,1,Pre-Monsoon,13.39,1.9553399999999999,-1.17999999999995,2.56,2.65,0.41,-1.36,5.13,25,1.706,0,0,0,0,0,0,0,0.51440329218107,12.827283950617282,3.27
FC_0000215,2021-07-22,CI,Central India,22.46,78.66,1,157.64,29.78,994.69,100.0,15.0,2729.5,10.69,monsoon_depression,152.75,30.46,994.27,90.72,15.35,2431.0,4.889999999999986,-0.6799999999999997,0.42000000000007276,9.280000000000001,-0.34999999999999964,4.889999999999986,0.6799999999999997,0.42000000000007276,9.280000000000001,0.34999999999999964,0,0,0,0,0,SW-Monsoon,0.0,40.9425,18.559999999999945,6.46,55.35,-0.39,-4.0,-1.78,1,10.69,1,0,0,0,0,0,1,0.16923076923076924,8.377038461538461,1.3539230769230768
FC_0000216,2024-04-22,CI,Central India,22.61,79.51,2,2.08,45.94,998.47,24.45,6.99,1189.5,5.93,heat_wave,1.52,48.13,998.61,19.07,9.51,1113.9,0.56,-2.190000000000005,-0.13999999999998636,5.379999999999999,-2.5199999999999996,0.56,2.190000000000005,0.13999999999998636,5.379999999999999,2.5199999999999996,0,0,0,0,0,Pre-Monsoon,75.55,8.314605,14.779999999999973,4.04,2.11,0.13,0.44,-0.85,4,2.965,0,0,0,1,0,0,1,0.2196078431372549,7.970745098039216,2.0045098039215685
FC_0000217,2021-05-03,CI,Central India,25.68,79.52,2,3.1,28.39,1009.99,53.37,4.67,1303.4,4.66,pre_monsoon,2.56,29.77,1008.17,55.59,4.7,1150.1,0.54,-1.379999999999999,1.82000000000005,-2.220000000000006,-0.03000000000000025,0.54,1.379999999999999,1.82000000000005,2.220000000000006,0.03000000000000025,0,0,0,0,0,Pre-Monsoon,46.63,6.0868780000000005,3.259999999999991,1.93,2.83,-0.83,1.4,0.35,4,2.33,0,0,0,0,0,0,0,0.2196078431372549,7.970745098039216,2.0045098039215685
FC_0000218,2022-02-05,WG,Western Ghats & West Coast,18.15,73.94,6,33.09,22.19,1013.7,49.86,0.58,50.0,9.42,fair_weather,28.76,23.81,1014.16,59.99,4.71,951.3,4.330000000000002,-1.6199999999999974,-0.4599999999999227,-10.130000000000003,-4.13,4.330000000000002,1.6199999999999974,0.4599999999999227,10.130000000000003,4.13,0,0,0,0,0,Winter,50.14,0.028999999999999998,-0.4500000000000455,0.3,12.02,-0.92,-0.43,3.02,36,1.57,0,0,0,0,0,0,0,0.6075471698113207,19.574377358490565,3.890641509433962
FC_0000219,2023-02-06,SP,Southern Peninsula,11.5,77.59,10,64.15,25.17,1009.62,19.9,2.54,1135.0,41.89,fair_weather,2.82,27.29,1008.99,42.81,5.17,523.1,61.330000000000005,-2.1199999999999974,0.6299999999999955,-22.910000000000004,-2.63,61.330000000000005,2.1199999999999974,0.6299999999999955,22.910000000000004,2.63,1,0,0,0,1,Winter,80.1,2.8829000000000002,3.6299999999999955,1.6,24.11,1.33,-0.25,-1.45,100,4.189,0,0,0,0,0,0,0,0.8880597014925373,40.953582089552235,6.767388059701492
FC_0000220,2021-10-21,EC,Bay of Bengal & East Coast,14.07,83.42,9,0.0,20.85,1003.22,53.83,7.3,50.0,26.42,post_monsoon,1.59,22.21,1008.11,50.58,7.73,1109.7,-1.59,-1.3599999999999994,-4.889999999999986,3.25,-0.4300000000000006,1.59,1.3599999999999994,4.889999999999986,3.25,0.4300000000000006,0,0,0,1,1,Post-Monsoon,46.17,0.365,10.029999999999973,3.58,4.56,0.74,0.36,2.28,81,2.9355555555555557,0,0,0,0,0,0,0,0.8455284552845529,35.98406504065041,6.411097560975609
FC_0000221,2021-10-07,EC,Bay of Bengal & East Coast,17.58,85.22,3,136.38,22.97,971.84,100.0,40.5,3873.4,6.51,cyclone,138.95,26.13,974.09,98.31,39.23,3338.6,-2.569999999999993,-3.16,-2.25,1.6899999999999977,1.2700000000000031,2.569999999999993,3.16,2.25,1.6899999999999977,1.2700000000000031,0,1,0,0,1,Post-Monsoon,0.0,156.8727,41.40999999999997,15.53,48.82,-1.13,-17.78,6.65,9,2.17,0,0,1,0,0,0,1,0.35269709543568467,20.04215767634855,2.0838589211618257
FC_0000222,2023-06-03,NE,East & Northeast India,26.41,89.22,8,0.0,25.88,1010.34,40.73,2.18,691.8,39.83,normal_monsoon,1.93,27.34,1007.89,47.43,6.99,474.1,-1.93,-1.4600000000000009,2.4500000000000455,-6.700000000000003,-4.8100000000000005,1.93,1.4600000000000009,2.4500000000000455,6.700000000000003,4.8100000000000005,0,0,0,0,0,SW-Monsoon,59.27,1.508124,2.909999999999968,1.3,2.23,-1.55,0.2,-2.37,64,4.97875,0,0,0,0,0,0,0,0.7734375,18.668203125,5.0324609375
FC_0000223,2021-07-17,NE,East & Northeast India,23.68,92.34,2,4.05,32.78,1013.39,58.02,2.38,1034.0,8.87,normal_monsoon,3.58,32.02,1010.8,61.38,4.53,1106.0,0.46999999999999975,0.759999999999998,2.590000000000032,-3.3599999999999994,-2.1500000000000004,0.46999999999999975,0.759999999999998,2.590000000000032,3.3599999999999994,2.1500000000000004,0,0,0,0,0,SW-Monsoon,41.98,2.46092,-0.13999999999998636,0.65,5.98,-0.86,-1.42,-7.17,4,4.435,0,0,0,0,0,0,0,0.1797752808988764,6.552209737827716,1.8855430711610486
FC_0000224,2023-09-09,NE,East & Northeast India,22.13,88.04,5,32.22,28.26,1005.96,56.7,6.92,2504.7,8.75,active_break_monsoon,27.57,31.65,1005.55,60.97,6.25,1630.8,4.649999999999999,-3.389999999999997,0.41000000000008185,-4.269999999999996,0.6699999999999999,4.649999999999999,3.389999999999997,0.41000000000008185,4.269999999999996,0.6699999999999999,0,1,0,0,1,SW-Monsoon,43.3,17.332524,7.289999999999964,2.76,13.4,-2.91,-0.91,2.62,25,1.75,0,0,0,0,0,1,0,0.51440329218107,12.827283950617282,3.27
FC_0000225,2023-01-22,SP,Southern Peninsula,8.34,75.4,4,115.5,25.58,1012.42,37.91,5.59,352.4,27.22,fair_weather,1.86,31.32,1010.36,47.05,6.75,902.8,113.64,-5.740000000000002,2.0599999999999454,-9.14,-1.1600000000000001,113.64,5.740000000000002,2.0599999999999454,9.14,1.1600000000000001,1,1,0,0,1,Winter,62.09,1.9699159999999998,0.8300000000000409,1.55,42.48,1.21,-1.07,-5.93,16,6.805,0,0,0,0,0,0,0,0.37593984962406013,15.084887218045113,2.2651503759398497
FC_0000226,2021-05-24,NW,Northwest India,27.16,68.2,5,2.41,46.71,1010.79,28.56,8.24,795.6,12.35,heat_wave,0.22,47.87,1003.91,32.55,6.69,1360.3,2.19,-1.1599999999999966,6.8799999999999955,-3.9899999999999984,1.5499999999999998,2.19,1.1599999999999966,6.8799999999999955,3.9899999999999984,1.5499999999999998,0,0,0,1,1,Pre-Monsoon,71.44,6.555744000000001,2.4600000000000364,2.45,1.92,-0.33,0.18,0.85,25,2.4699999999999998,0,0,0,1,0,0,1,0.5403225806451613,11.756008064516129,3.5735887096774195
FC_0000227,2022-09-01,NE,East & Northeast India,23.09,92.86,4,11.6,26.43,1009.16,45.0,6.35,726.9,16.34,normal_monsoon,9.29,26.67,1009.24,48.94,6.69,1168.1,2.3100000000000005,-0.240000000000002,-0.08000000000004093,-3.9399999999999977,-0.34000000000000075,2.3100000000000005,0.240000000000002,0.08000000000004093,3.9399999999999977,0.34000000000000075,0,0,0,0,0,SW-Monsoon,55.0,4.615815,4.090000000000032,2.15,7.67,0.91,2.31,-7.47,16,4.085,0,0,0,0,0,0,0,0.3958333333333333,10.796125,2.65775
FC_0000228,2024-05-09,CI,Central India,18.49,78.37,1,12.48,46.29,1005.9,25.18,7.71,751.6,4.61,heat_wave,1.87,46.72,1003.52,23.53,7.03,690.4,10.61,-0.4299999999999997,2.3799999999999955,1.6499999999999986,0.6799999999999997,10.61,0.4299999999999997,2.3799999999999955,1.6499999999999986,0.6799999999999997,0,0,0,0,0,Pre-Monsoon,74.82,5.794836,7.350000000000023,3.06,9.03,1.38,0.11,-4.74,1,4.61,0,0,0,1,0,0,1,0.16923076923076924,8.377038461538461,1.3539230769230768
FC_0000229,2024-02-22,NE,East & Northeast India,28.76,94.5,1,12.15,25.41,1011.48,83.06,1.99,859.4,3.31,fair_weather,8.75,26.83,1010.7,74.07,3.57,757.0,3.4000000000000004,-1.4199999999999982,0.7799999999999727,8.990000000000009,-1.5799999999999998,3.4000000000000004,1.4199999999999982,0.7799999999999727,8.990000000000009,1.5799999999999998,0,0,0,0,0,Winter,16.939999999999998,1.710206,1.7699999999999818,1.02,6.44,-0.62,-1.66,-1.07,1,3.31,0,0,0,0,0,0,0,0.08396946564885496,4.686832061068703,1.254083969465649
FC_0000230,2021-07-06,CI,Central India,20.44,83.25,6,1.35,23.78,1013.71,49.7,12.75,680.8,9.24,normal_monsoon,0.97,27.85,1013.17,68.64,7.49,1143.3,0.3800000000000001,-4.07,0.5400000000000773,-18.939999999999998,5.26,0.3800000000000001,4.07,0.5400000000000773,18.939999999999998,5.26,0,1,0,0,1,SW-Monsoon,50.3,8.6802,-0.4600000000000364,3.3,0.71,0.26,1.61,-3.15,36,1.54,0,0,0,0,0,0,0,0.6448979591836734,18.281918367346936,3.7026938775510203
FC_0000231,2024-09-11,WG,Western Ghats & West Coast,11.96,72.83,8,0.0,28.86,1011.69,87.76,5.02,951.7,36.33,normal_monsoon,11.06,30.22,1006.66,53.43,4.42,1014.5,-11.06,-1.3599999999999994,5.030000000000086,34.330000000000005,0.5999999999999996,11.06,1.3599999999999994,5.030000000000086,34.330000000000005,0.5999999999999996,0,0,0,1,1,SW-Monsoon,12.239999999999995,4.777533999999999,1.5599999999999454,1.64,1.32,-0.76,-1.46,2.6,64,4.54125,0,0,0,0,0,0,0,0.7743362831858407,29.086371681415926,6.164911504424778
FC_0000232,2022-04-09,NW,Northwest India,36.92,76.7,7,0.0,38.32,1007.33,76.96,6.76,723.6,19.81,pre_monsoon,4.17,25.39,1009.81,66.55,5.88,655.2,-4.17,12.93,-2.4799999999999045,10.409999999999997,0.8799999999999999,4.17,12.93,2.4799999999999045,10.409999999999997,0.8799999999999999,0,1,0,0,1,Pre-Monsoon,23.040000000000006,4.891536,5.919999999999959,2.56,0.34,0.84,0.89,1.04,49,2.8299999999999996,0,0,0,0,0,0,0,0.7428571428571429,18.69661224489796,4.418367346938775
FC_0000233,2024-10-04,NW,Northwest India,30.06,74.66,4,18.74,26.45,1010.34,23.11,5.82,1278.8,9.3,post_monsoon,1.07,23.44,1012.49,41.17,5.19,956.9,17.669999999999998,3.009999999999998,-2.1499999999999773,-18.060000000000002,0.6299999999999999,17.669999999999998,3.009999999999998,2.1499999999999773,18.060000000000002,0.6299999999999999,0,1,0,0,1,Post-Monsoon,76.89,7.442616,2.909999999999968,2.06,9.42,-0.19,-1.06,6.02,16,2.325,0,0,0,0,0,0,0,0.508833922261484,12.866643109540636,2.8804593639575975
FC_0000234,2022-10-22,SP,Southern Peninsula,13.37,76.07,5,130.13,27.49,1003.09,100.0,9.18,4116.7,29.71,cyclone,72.29,27.46,982.69,98.8,30.61,3908.5,57.83999999999999,0.029999999999997584,20.399999999999977,1.2000000000000028,-21.43,57.83999999999999,0.029999999999997584,20.399999999999977,1.2000000000000028,21.43,1,0,1,1,1,Post-Monsoon,0.0,37.791306,10.159999999999968,4.01,47.4,1.78,-15.63,0.3,25,5.942,0,0,1,0,0,0,1,0.5399239543726235,20.9232319391635,3.057984790874525
FC_0000235,2023-02-03,SP,Southern Peninsula,9.6,77.58,8,165.66,23.95,1000.37,89.84,0.5,1088.4,38.8,fair_weather,3.69,28.15,1009.77,70.55,3.9,1000.6,161.97,-4.199999999999999,-9.399999999999977,19.290000000000006,-3.4,161.97,4.199999999999999,9.399999999999977,19.290000000000006,3.4,1,1,0,1,1,Winter,10.159999999999997,0.5442,12.879999999999995,2.49,58.22,1.71,-2.66,2.26,64,4.85,0,0,0,0,0,0,0,0.8173913043478261,28.809652173913044,6.443217391304348
FC_0000236,2023-08-13,EC,Bay of Bengal & East Coast,21.03,80.09,6,27.5,23.93,1007.96,40.0,2.37,1189.6,23.87,normal_monsoon,4.76,22.84,1007.44,56.08,5.41,958.9,22.740000000000002,1.0899999999999999,0.5199999999999818,-16.08,-3.04,22.740000000000002,1.0899999999999999,0.5199999999999818,16.08,3.04,0,0,0,0,0,SW-Monsoon,60.0,2.819352,5.289999999999964,1.42,10.22,0.2,-0.34,4.44,36,3.9783333333333335,0,0,0,0,0,0,0,0.6809338521400778,24.520038910505836,3.678326848249027
FC_0000237,2022-02-07,WG,Western Ghats & West Coast,17.39,72.76,8,0.0,40.93,1011.28,46.59,8.04,283.1,35.04,fair_weather,2.1,24.3,1010.51,66.48,5.72,1014.6,-2.1,16.63,0.7699999999999818,-19.89,2.3199999999999994,2.1,16.63,0.7699999999999818,19.89,2.3199999999999994,0,1,0,0,1,Winter,53.41,2.276124,1.9700000000000273,2.18,1.09,2.47,-0.95,-6.71,64,4.38,0,0,0,0,0,0,0,0.7743362831858407,29.086371681415926,6.164911504424778
FC_0000238,2024-10-01,SP,Southern Peninsula,11.83,78.51,6,56.47,22.15,1009.98,51.19,0.68,311.4,30.78,post_monsoon,15.09,29.2,1012.02,52.12,3.5,933.9,41.379999999999995,-7.050000000000001,-2.0399999999999636,-0.9299999999999997,-2.82,41.379999999999995,7.050000000000001,2.0399999999999636,0.9299999999999997,2.82,1,1,0,0,1,Post-Monsoon,48.81,0.211752,3.269999999999982,1.13,19.8,2.29,-0.79,-3.88,36,5.13,0,0,0,0,0,0,0,0.5946969696969697,21.55094696969697,3.8189015151515155
FC_0000239,2021-05-27,CI,Central India,23.49,74.58,8,9.9,41.57,994.51,29.05,11.55,382.8,31.32,heat_wave,0.33,48.39,998.81,21.41,6.46,637.4,9.57,-6.82,-4.2999999999999545,7.640000000000001,5.090000000000001,9.57,6.82,4.2999999999999545,7.640000000000001,5.090000000000001,0,1,0,1,1,Pre-Monsoon,70.95,4.42134,18.74000000000001,5.47,5.17,-0.54,-2.45,6.4,64,3.915,0,0,0,1,0,0,1,0.7795918367346939,22.1525306122449,5.795224489795918
FC_0000240,2024-03-17,WG,Western Ghats & West Coast,13.02,75.13,4,12.53,25.82,1006.62,86.44,6.95,814.0,11.56,fair_weather,9.62,25.65,1008.85,74.95,4.45,389.3,2.91,0.1700000000000017,-2.230000000000018,11.489999999999995,2.5,2.91,0.1700000000000017,2.230000000000018,11.489999999999995,2.5,0,0,0,0,0,Pre-Monsoon,13.560000000000002,5.6573,6.6299999999999955,2.82,5.8,-0.13,0.6,2.55,16,2.89,0,0,0,0,0,0,0,0.42084942084942084,15.014478764478765,2.5983397683397684
FC_0000241,2023-05-14,NW,Northwest India,24.86,69.35,10,0.0,33.18,1004.1,57.19,2.99,50.0,41.95,pre_monsoon,0.77,30.67,1006.43,53.86,7.51,813.4,-0.77,2.509999999999998,-2.3299999999999272,3.3299999999999983,-4.52,0.77,2.509999999999998,2.3299999999999272,3.3299999999999983,4.52,0,0,0,0,0,Pre-Monsoon,42.81,0.1495,9.149999999999977,2.46,0.85,0.48,0.71,6.09,100,4.195,0,0,0,0,0,0,0,0.8470588235294118,25.773882352941175,6.877843137254902
FC_0000242,2022-05-04,CI,Central India,23.31,79.22,2,11.77,27.9,1003.02,43.4,3.68,898.5,5.64,pre_monsoon,12.4,32.1,1006.68,41.95,4.49,1094.8,-0.6300000000000008,-4.200000000000003,-3.659999999999968,1.4499999999999957,-0.81,0.6300000000000008,4.200000000000003,3.659999999999968,1.4499999999999957,0.81,0,1,0,0,1,Pre-Monsoon,56.6,3.30648,10.230000000000018,2.63,4.18,-0.02,-1.2,1.53,4,2.82,0,0,0,0,0,0,0,0.2196078431372549,7.970745098039216,2.0045098039215685
FC_0000243,2023-07-18,WG,Western Ghats & West Coast,9.94,74.91,3,79.74,26.08,1000.01,93.6,13.14,3871.4,5.73,heavy_rainfall,87.09,26.52,999.28,99.87,13.04,3890.5,-7.3500000000000085,-0.4400000000000013,0.7300000000000182,-6.27000000000001,0.10000000000000142,7.3500000000000085,0.4400000000000013,0.7300000000000182,6.27000000000001,0.10000000000000142,0,0,0,0,0,SW-Monsoon,6.400000000000006,50.87019600000001,13.240000000000009,5.32,32.02,0.79,-2.54,-6.08,9,1.9100000000000001,0,1,0,0,0,0,1,0.32926829268292684,13.52512195121951,2.1642276422764226
FC_0000244,2022-07-05,NW,Northwest India,35.87,68.16,5,22.22,32.34,1007.02,52.01,3.62,1084.4,11.6,normal_monsoon,5.13,29.37,1007.08,43.64,4.33,621.8,17.09,2.9700000000000024,-0.06000000000005912,8.369999999999997,-0.71,17.09,2.9700000000000024,0.06000000000005912,8.369999999999997,0.71,0,0,0,0,0,SW-Monsoon,47.99,3.9255280000000004,6.230000000000018,1.88,8.63,0.16,-2.58,5.74,25,2.32,0,0,0,0,0,0,0,0.5403225806451613,11.756008064516129,3.5735887096774195
FC_0000245,2021-12-04,SP,Southern Peninsula,13.14,75.41,4,22.75,26.03,1013.86,35.86,3.42,817.1,11.05,post_monsoon,1.1,28.79,1012.23,41.96,7.33,1089.4,21.65,-2.759999999999998,1.6299999999999955,-6.100000000000001,-3.91,21.65,2.759999999999998,1.6299999999999955,6.100000000000001,3.91,0,0,0,0,0,Post-Monsoon,64.14,2.794482,-0.6100000000000136,1.21,9.64,2.1,1.38,1.66,16,2.7625,0,0,0,0,0,0,0,0.37593984962406013,15.084887218045113,2.2651503759398497
FC_0000246,2023-05-22,CI,Central India,18.05,75.51,5,39.29,32.9,1012.21,73.79,5.0,485.0,8.37,pre_monsoon,3.32,31.86,1007.17,57.84,6.79,542.1,35.97,1.0399999999999991,5.040000000000077,15.950000000000003,-1.79,35.97,1.0399999999999991,5.040000000000077,15.950000000000003,1.79,1,0,0,1,1,Pre-Monsoon,26.209999999999994,2.425,1.0399999999999636,1.46,15.56,-4.08,-2.2,3.72,25,1.674,0,0,0,0,0,0,0,0.5210727969348659,16.352222222222224,3.35264367816092
FC_0000247,2022-10-03,CI,Central India,21.38,82.02,1,10.38,29.27,1011.57,48.92,8.13,970.0,8.01,post_monsoon,0.11,29.34,1013.31,47.62,7.56,788.2,10.270000000000001,-0.07000000000000028,-1.7399999999998954,1.3000000000000043,0.5700000000000012,10.270000000000001,0.07000000000000028,1.7399999999998954,1.3000000000000043,0.5700000000000012,0,0,0,0,0,Post-Monsoon,51.08,7.886100000000001,1.67999999999995,2.53,6.78,0.25,-0.42,-3.95,1,8.01,0,0,0,0,0,0,0,0.16923076923076924,8.377038461538461,1.3539230769230768
FC_0000248,2022-04-18,NW,Northwest India,27.66,74.26,1,9.37,43.55,1000.18,27.47,6.09,1281.3,3.28,heat_wave,0.67,44.44,999.88,29.3,5.88,1347.3,8.7,-0.8900000000000006,0.2999999999999545,-1.8300000000000018,0.20999999999999996,8.7,0.8900000000000006,0.2999999999999545,1.8300000000000018,0.20999999999999996,0,0,0,0,0,Pre-Monsoon,72.53,7.803116999999999,13.07000000000005,3.46,4.4,-1.71,-1.34,-1.04,1,3.28,0,0,0,1,0,0,1,0.15873015873015872,5.933611111111111,1.5877777777777777
FC_0000249,2021-05-31,CI,Central India,21.29,76.34,2,4.04,41.92,1001.97,22.1,9.42,910.1,9.58,heat_wave,0.54,48.38,1001.23,24.2,9.58,937.7,3.5,-6.460000000000001,0.7400000000000091,-2.099999999999998,-0.16000000000000014,3.5,6.460000000000001,0.7400000000000091,2.099999999999998,0.16000000000000014,0,1,0,0,1,Pre-Monsoon,77.9,8.573142,11.279999999999973,3.93,1.44,-0.89,-2.03,1.53,4,4.79,0,0,0,1,0,0,1,0.2196078431372549,7.970745098039216,2.0045098039215685
FC_0000250,2024-12-09,SP,Southern Peninsula,12.11,79.39,2,165.34,27.85,986.21,88.71,32.75,2514.6,5.05,cyclone,159.68,29.24,985.53,93.87,31.96,2801.8,5.659999999999997,-1.389999999999997,0.6800000000000637,-5.160000000000011,0.7899999999999991,5.659999999999997,1.389999999999997,0.6800000000000637,5.160000000000011,0.7899999999999991,0,0,0,0,0,Post-Monsoon,11.290000000000006,82.35315,27.039999999999964,11.71,58.69,-1.03,-8.59,5.33,4,2.525,0,0,1,0,0,0,1,0.12658227848101267,6.515105485232067,1.4548523206751058
FC_0000251,2024-08-14,SP,Southern Peninsula,14.66,79.66,8,40.08,26.32,1006.62,89.52,8.41,739.7,12.18,normal_monsoon,12.83,22.79,1008.99,74.04,5.1,1153.0,27.25,3.530000000000001,-2.3700000000000045,15.47999999999999,3.3100000000000005,27.25,3.530000000000001,2.3700000000000045,15.47999999999999,3.3100000000000005,1,1,0,0,1,SW-Monsoon,10.480000000000004,6.220877000000001,6.6299999999999955,3.11,15.48,0.59,0.45,3.24,64,1.5225,0,0,0,0,0,0,0,0.8173913043478261,28.809652173913044,6.443217391304348
FC_0000252,2021-09-20,SP,Southern Peninsula,10.71,79.36,10,10.29,32.38,1006.22,94.74,2.25,280.8,14.12,normal_monsoon,1.0,29.24,1008.75,72.93,5.15,350.5,9.29,3.140000000000004,-2.5299999999999727,21.809999999999988,-2.9000000000000004,9.29,3.140000000000004,2.5299999999999727,21.809999999999988,2.9000000000000004,0,1,0,0,1,SW-Monsoon,5.260000000000005,0.6318,7.029999999999973,2.02,3.95,0.38,2.59,6.22,100,1.412,0,0,0,0,0,0,0,0.8880597014925373,40.953582089552235,6.767388059701492
FC_0000253,2021-05-24,NW,Northwest India,26.76,75.38,4,12.53,27.86,1014.85,53.87,8.59,50.0,17.92,pre_monsoon,12.54,25.74,1014.98,41.04,5.36,521.4,-0.009999999999999787,2.120000000000001,-0.12999999999999545,12.829999999999998,3.2299999999999995,0.009999999999999787,2.120000000000001,0.12999999999999545,12.829999999999998,3.2299999999999995,0,0,0,0,0,Pre-Monsoon,46.13,0.4295,-1.6000000000000227,2.3,4.97,0.53,-1.87,-0.43,16,4.48,0,0,0,0,0,0,0,0.508833922261484,12.866643109540636,2.8804593639575975
FC_0000254,2021-12-12,NE,East & Northeast India,29.06,85.16,6,21.94,30.84,1011.06,61.15,8.88,769.5,9.28,post_monsoon,2.91,32.8,1014.4,61.37,7.46,1154.2,19.03,-1.9599999999999973,-3.340000000000032,-0.21999999999999886,1.4200000000000008,19.03,1.9599999999999973,3.340000000000032,0.21999999999999886,1.4200000000000008,0,0,0,0,0,Post-Monsoon,38.85,6.83316,2.1900000000000546,2.69,8.49,-1.07,0.57,-7.39,36,1.5466666666666666,0,0,0,0,0,0,0,0.5887096774193549,16.5770564516129,4.45866935483871
FC_0000255,2022-09-16,NE,East & Northeast India,24.74,92.77,2,0.0,27.57,1008.3,61.99,4.18,1051.8,12.92,normal_monsoon,1.35,23.15,1008.39,58.73,4.21,1140.4,-1.35,4.420000000000002,-0.09000000000003183,3.260000000000005,-0.03000000000000025,1.35,4.420000000000002,0.09000000000003183,3.260000000000005,0.03000000000000025,0,1,0,0,1,SW-Monsoon,38.01,4.396523999999999,4.9500000000000455,2.04,3.36,-1.42,0.8,3.44,4,6.46,0,0,0,0,0,0,0,0.1797752808988764,6.552209737827716,1.8855430711610486
FC_0000256,2023-10-14,CI,Central India,23.61,75.76,1,0.0,21.59,1007.48,47.92,4.57,1729.1,4.36,post_monsoon,1.13,23.99,1007.36,55.26,3.23,912.1,-1.13,-2.3999999999999986,0.12000000000000455,-7.339999999999996,1.3400000000000003,1.13,2.3999999999999986,0.12000000000000455,7.339999999999996,1.3400000000000003,0,0,0,0,0,Post-Monsoon,52.08,7.901987,5.769999999999982,2.22,0.47,-0.48,-1.48,-5.27,1,4.36,0,0,0,0,0,0,0,0.16923076923076924,8.377038461538461,1.3539230769230768
FC_0000257,2023-05-31,SP,Southern Peninsula,15.78,78.38,7,16.04,21.44,1008.45,44.47,10.37,835.7,12.53,pre_monsoon,16.26,24.74,1007.62,42.76,5.01,520.7,-0.22000000000000242,-3.299999999999997,0.8300000000000409,1.7100000000000009,5.359999999999999,0.22000000000000242,3.299999999999997,0.8300000000000409,1.7100000000000009,5.359999999999999,0,1,0,0,1,Pre-Monsoon,55.53,8.666208999999998,4.7999999999999545,3.38,8.45,1.49,0.32,4.07,49,1.7899999999999998,0,0,0,0,0,0,0,0.690677966101695,21.64720338983051,4.4192372881355935
FC_0000258,2021-01-02,CI,Central India,19.31,74.21,4,0.0,33.0,1007.12,75.72,5.68,460.2,20.43,fair_weather,4.41,31.56,1010.29,67.24,6.26,308.7,-4.41,1.4400000000000013,-3.169999999999959,8.480000000000004,-0.5800000000000001,4.41,1.4400000000000013,3.169999999999959,8.480000000000004,0.5800000000000001,0,0,0,0,0,Winter,24.28,2.613936,6.1299999999999955,2.5,0.65,-0.63,-0.65,1.26,16,5.1075,0,0,0,0,0,0,0,0.37890625,10.3326171875,2.6153125
FC_0000259,2023-06-16,NW,Northwest India,34.18,68.8,4,16.59,31.51,1011.82,58.42,4.66,400.7,8.83,normal_monsoon,7.48,29.54,1007.57,64.83,7.97,564.6,9.11,1.9700000000000024,4.25,-6.409999999999997,-3.3099999999999996,9.11,1.9700000000000024,4.25,6.409999999999997,3.3099999999999996,0,0,0,1,1,SW-Monsoon,41.58,1.867262,1.42999999999995,1.65,6.64,-0.29,0.18,2.79,16,2.2075,0,0,0,0,0,0,0,0.508833922261484,12.866643109540636,2.8804593639575975
FC_0000260,2024-08-20,CI,Central India,19.13,79.75,2,23.04,20.72,1006.53,74.63,4.84,1533.8,9.31,normal_monsoon,11.4,22.42,1007.84,67.24,5.04,1113.5,11.639999999999999,-1.7000000000000028,-1.3100000000000591,7.390000000000001,-0.20000000000000018,11.639999999999999,1.7000000000000028,1.3100000000000591,7.390000000000001,0.20000000000000018,0,0,0,0,0,SW-Monsoon,25.370000000000005,7.423591999999999,6.720000000000027,2.25,10.23,2.65,0.07,-1.27,4,4.655,0,0,0,0,0,0,0,0.2196078431372549,7.970745098039216,2.0045098039215685
FC_0000261,2021-09-11,EC,Bay of Bengal & East Coast,17.64,86.18,9,17.51,32.84,1002.71,100.0,8.06,2926.4,38.2,monsoon_depression,90.75,30.71,993.69,94.6,17.13,3117.5,-73.24,2.1300000000000026,9.019999999999982,5.400000000000006,-9.069999999999999,73.24,2.1300000000000026,9.019999999999982,5.400000000000006,9.069999999999999,1,0,1,1,1,SW-Monsoon,0.0,23.586784,10.539999999999964,3.55,7.28,-1.35,-6.16,1.58,81,4.2444444444444445,1,0,0,0,0,0,1,0.8455284552845529,35.98406504065041,6.411097560975609
FC_0000262,2022-03-29,NE,East & Northeast India,24.34,94.29,2,12.48,28.62,1014.21,61.34,4.38,50.0,22.41,fair_weather,0.48,25.38,1013.51,50.37,3.98,479.9,12.0,3.240000000000002,0.7000000000000455,10.970000000000006,0.3999999999999999,12.0,3.240000000000002,0.7000000000000455,10.970000000000006,0.3999999999999999,0,1,0,0,1,Pre-Monsoon,38.66,0.219,-0.9600000000000364,1.26,4.91,1.01,-2.14,-3.83,4,11.205,0,0,0,0,0,0,0,0.1797752808988764,6.552209737827716,1.8855430711610486
FC_0000263,2023-11-27,CI,Central India,25.79,76.71,5,14.34,15.81,1008.52,59.42,7.27,877.4,18.33,post_monsoon,0.41,31.05,1010.48,46.8,6.26,1019.1,13.93,-15.24,-1.9600000000000364,12.620000000000005,1.0099999999999998,13.93,15.24,1.9600000000000364,12.620000000000005,1.0099999999999998,0,1,0,0,1,Post-Monsoon,40.58,6.378697999999999,4.730000000000018,2.43,5.62,-0.73,0.45,-1.52,25,3.6659999999999995,0,0,0,0,0,0,0,0.5210727969348659,16.352222222222224,3.35264367816092
FC_0000264,2024-03-29,CI,Central India,23.62,83.28,6,0.0,16.75,1009.88,74.44,6.59,1369.7,17.85,fair_weather,5.73,28.18,1011.61,60.06,4.1,888.2,-5.73,-11.43,-1.7300000000000182,14.379999999999995,2.49,5.73,11.43,1.7300000000000182,14.379999999999995,2.49,0,1,0,0,1,Pre-Monsoon,25.560000000000002,9.026323,3.3700000000000045,2.44,0.72,3.93,0.85,4.22,36,2.975,0,0,0,0,0,0,0,0.6448979591836734,18.281918367346936,3.7026938775510203
FC_0000265,2023-10-12,WG,Western Ghats & West Coast,16.24,75.56,3,5.72,26.35,1011.16,55.27,2.3,982.3,9.1,post_monsoon,10.43,30.52,1006.71,53.92,4.85,1131.1,-4.71,-4.169999999999998,4.449999999999932,1.3500000000000014,-2.55,4.71,4.169999999999998,4.449999999999932,1.3500000000000014,2.55,0,1,0,1,1,Post-Monsoon,44.73,2.2592899999999996,2.090000000000032,1.32,3.72,1.0,-0.57,1.77,9,3.033333333333333,0,0,0,0,0,0,0,0.32926829268292684,13.52512195121951,2.1642276422764226
FC_0000266,2021-01-09,CI,Central India,19.79,79.35,3,7.43,29.06,1012.31,42.66,4.6,1055.9,6.35,fair_weather,3.84,29.25,1014.64,45.63,4.81,866.2,3.59,-0.19000000000000128,-2.330000000000041,-2.970000000000006,-0.20999999999999996,3.59,0.19000000000000128,2.330000000000041,2.970000000000006,0.20999999999999996,0,0,0,0,0,Winter,57.34,4.85714,0.9400000000000546,1.58,4.73,0.4,0.87,-0.69,9,2.1166666666666667,0,0,0,0,0,0,0,0.28076923076923077,9.609423076923076,1.8744230769230767
FC_0000267,2024-06-10,EC,Bay of Bengal & East Coast,17.19,86.3,6,0.0,27.1,1010.5,64.09,5.5,532.2,12.33,normal_monsoon,5.36,27.61,1012.85,64.36,6.29,943.8,-5.36,-0.509999999999998,-2.3500000000000227,-0.269999999999996,-0.79,5.36,0.509999999999998,2.3500000000000227,0.269999999999996,0.79,0,0,0,0,0,SW-Monsoon,35.91,2.9271000000000003,2.75,1.99,0.03,-1.47,1.45,-4.43,36,2.055,0,0,0,0,0,0,0,0.6809338521400778,24.520038910505836,3.678326848249027
FC_0000268,2024-01-28,NE,East & Northeast India,29.47,85.4,5,96.35,42.38,1008.27,73.43,7.99,209.2,23.48,fair_weather,1.42,30.6,1012.19,63.26,6.53,520.0,94.92999999999999,11.780000000000001,-3.9200000000000728,10.170000000000009,1.46,94.92999999999999,11.780000000000001,3.9200000000000728,10.170000000000009,1.46,1,1,0,0,1,Winter,26.569999999999993,1.671508,4.980000000000018,2.89,34.47,-1.05,0.75,3.82,25,4.696,0,0,0,0,0,0,0,0.51440329218107,12.827283950617282,3.27
FC_0000269,2023-03-27,WG,Western Ghats & West Coast,8.78,72.85,5,0.0,25.04,1010.12,77.8,6.44,537.8,11.51,fair_weather,8.84,25.09,1009.4,72.31,3.57,455.2,-8.84,-0.05000000000000071,0.7200000000000273,5.489999999999995,2.8700000000000006,8.84,0.05000000000000071,0.7200000000000273,5.489999999999995,2.8700000000000006,0,0,0,0,0,Pre-Monsoon,22.200000000000003,3.4634319999999996,3.1299999999999955,2.32,0.53,-1.69,0.5,-3.51,25,2.302,0,0,0,0,0,0,0,0.47297297297297297,15.318648648648647,2.9495045045045045
FC_0000270,2021-07-27,NW,Northwest India,33.66,69.36,5,0.0,23.77,1010.02,79.51,7.15,2418.0,26.89,active_break_monsoon,4.03,29.11,1008.3,69.42,9.69,1791.9,-4.03,-5.34,1.7200000000000273,10.090000000000003,-2.539999999999999,4.03,5.34,1.7200000000000273,10.090000000000003,2.539999999999999,0,1,0,0,1,SW-Monsoon,20.489999999999995,17.288700000000002,3.230000000000018,2.22,0.25,-3.28,-0.81,-1.19,25,5.378,0,0,0,0,0,1,0,0.5403225806451613,11.756008064516129,3.5735887096774195
FC_0000271,2024-02-29,NW,Northwest India,32.09,71.25,9,7.85,31.17,1010.87,57.09,0.5,1316.9,13.34,fair_weather,2.83,30.88,1013.49,56.87,4.22,687.7,5.02,0.2900000000000027,-2.6200000000000045,0.22000000000000597,-3.7199999999999998,5.02,0.2900000000000027,2.6200000000000045,0.22000000000000597,3.7199999999999998,0,0,0,0,0,Winter,42.91,0.6584500000000001,2.3799999999999955,0.59,3.0,-0.67,-2.52,-4.06,81,1.482222222222222,0,0,0,0,0,0,0,0.7936507936507936,22.855674603174602,6.38031746031746
FC_0000272,2022-02-08,NE,East & Northeast India,24.89,87.59,8,0.0,25.21,1010.54,64.65,8.79,655.2,14.17,fair_weather,1.66,26.36,1007.1,69.45,5.58,518.5,-1.66,-1.1499999999999986,3.439999999999941,-4.799999999999997,3.209999999999999,1.66,1.1499999999999986,3.439999999999941,4.799999999999997,3.209999999999999,0,0,0,0,0,Winter,35.349999999999994,5.759207999999999,2.7100000000000364,2.79,1.65,1.22,-1.43,-0.33,64,1.77125,0,0,0,0,0,0,0,0.7734375,18.668203125,5.0324609375
FC_0000273,2021-06-01,NW,Northwest India,35.26,73.86,4,4.35,29.64,1010.52,78.51,11.32,1224.8,9.39,active_break_monsoon,11.17,30.56,1007.04,75.5,7.87,1354.6,-6.82,-0.9199999999999982,3.480000000000018,3.010000000000005,3.45,6.82,0.9199999999999982,3.480000000000018,3.010000000000005,3.45,0,0,0,0,0,SW-Monsoon,21.489999999999995,13.864735999999999,2.730000000000018,3.13,1.83,-0.44,-3.19,-0.88,16,2.3475,0,0,0,0,0,1,0,0.508833922261484,12.866643109540636,2.8804593639575975
FC_0000274,2021-02-23,EC,Bay of Bengal & East Coast,21.39,85.17,6,0.0,21.74,1006.79,46.77,10.39,172.5,9.22,fair_weather,0.69,22.81,1009.11,52.42,7.89,320.3,-0.69,-1.0700000000000003,-2.32000000000005,-5.649999999999999,2.500000000000001,0.69,1.0700000000000003,2.32000000000005,5.649999999999999,2.500000000000001,0,0,0,0,0,Winter,53.23,1.792275,6.460000000000036,3.52,2.17,-2.0,0.96,4.18,36,1.5366666666666668,0,0,0,0,0,0,0,0.6809338521400778,24.520038910505836,3.678326848249027
FC_0000275,2024-02-18,CI,Central India,18.99,75.71,5,1.59,30.57,1009.51,71.26,7.75,189.0,8.87,fair_weather,4.29,28.96,1007.31,73.2,7.06,498.8,-2.7,1.6099999999999994,2.2000000000000455,-1.9399999999999977,0.6900000000000004,2.7,1.6099999999999994,2.2000000000000455,1.9399999999999977,0.6900000000000004,0,0,0,0,0,Winter,28.739999999999995,1.46475,3.740000000000009,2.64,1.18,-0.2,2.91,1.85,25,1.7739999999999998,0,0,0,0,0,0,0,0.5210727969348659,16.352222222222224,3.35264367816092
FC_0000276,2022-09-20,NE,East & Northeast India,29.41,93.71,6,1.6,23.01,1009.83,53.23,8.75,315.0,11.01,normal_monsoon,1.34,25.21,1008.78,47.98,4.29,764.9,0.26,-2.1999999999999993,1.0500000000000682,5.25,4.46,0.26,2.1999999999999993,1.0500000000000682,5.25,4.46,0,0,0,0,0,SW-Monsoon,46.77,2.75625,3.419999999999959,2.57,1.29,1.29,-0.19,2.74,36,1.835,0,0,0,0,0,0,0,0.5887096774193549,16.5770564516129,4.45866935483871
FC_0000277,2022-08-10,WG,Western Ghats & West Coast,8.59,75.67,8,111.04,27.33,1001.63,70.23,19.88,3257.6,14.89,heavy_rainfall,106.94,25.69,998.25,97.41,19.28,3992.9,4.1000000000000085,1.639999999999997,3.3799999999999955,-27.179999999999993,0.5999999999999979,4.1000000000000085,1.639999999999997,3.3799999999999955,27.179999999999993,0.5999999999999979,0,0,0,0,0,SW-Monsoon,29.769999999999996,64.761088,11.620000000000005,6.35,39.15,0.65,-3.34,1.78,64,1.86125,0,1,0,0,0,0,1,0.7743362831858407,29.086371681415926,6.164911504424778
FC_0000278,2024-12-14,CI,Central India,21.3,77.07,6,0.44,24.84,1014.04,54.15,5.18,1011.4,10.76,post_monsoon,2.91,24.21,1014.76,47.42,5.7,1019.4,-2.47,0.629999999999999,-0.7200000000000273,6.729999999999997,-0.5200000000000005,2.47,0.629999999999999,0.7200000000000273,6.729999999999997,0.5200000000000005,0,0,0,0,0,Post-Monsoon,45.85,5.239052,-0.7899999999999636,1.43,0.42,-0.0,0.09,-3.24,36,1.7933333333333332,0,0,0,0,0,0,0,0.6448979591836734,18.281918367346936,3.7026938775510203
FC_0000279,2024-12-16,NW,Northwest India,26.0,76.4,6,2.08,24.07,1008.81,87.35,0.5,50.0,10.69,post_monsoon,0.67,22.31,1007.77,55.94,3.08,688.1,1.4100000000000001,1.7600000000000016,1.0399999999999636,31.409999999999997,-2.58,1.4100000000000001,1.7600000000000016,1.0399999999999636,31.409999999999997,2.58,0,0,0,0,0,Post-Monsoon,12.650000000000006,0.025,4.440000000000055,0.97,1.37,0.17,1.53,-2.17,36,1.7816666666666665,0,0,0,0,0,0,0,0.6025641025641025,14.582179487179488,3.756153846153846
FC_0000280,2021-04-14,NW,Northwest India,24.83,70.9,2,27.31,21.69,1010.93,50.52,3.35,869.5,7.26,pre_monsoon,11.37,23.78,1010.38,42.49,5.31,732.2,15.94,-2.09,0.5499999999999545,8.030000000000001,-1.9599999999999995,15.94,2.09,0.5499999999999545,8.030000000000001,1.9599999999999995,0,0,0,0,0,Pre-Monsoon,49.48,2.912825,2.32000000000005,1.54,12.43,1.93,0.88,-2.2,4,3.63,0,0,0,0,0,0,0,0.20920502092050208,9.46071129707113,1.7305857740585775
FC_0000281,2021-09-11,WG,Western Ghats & West Coast,11.68,73.22,7,0.0,17.72,1021.3,43.29,4.93,636.7,25.65,normal_monsoon,2.75,25.3,1014.74,48.65,6.38,894.9,-2.75,-7.580000000000002,6.559999999999945,-5.359999999999999,-1.4500000000000002,2.75,7.580000000000002,6.559999999999945,5.359999999999999,1.4500000000000002,0,1,0,1,1,SW-Monsoon,56.71,3.138931,-8.049999999999955,2.44,1.07,-1.79,-0.08,-2.6,49,3.664285714285714,0,0,0,0,0,0,0,0.7466666666666667,29.23102222222222,4.842444444444444
FC_0000282,2024-06-04,EC,Bay of Bengal & East Coast,16.59,80.11,3,89.8,27.08,991.84,86.44,20.43,2521.8,5.86,monsoon_depression,78.62,28.11,990.87,88.1,21.07,2298.2,11.179999999999993,-1.0300000000000011,0.9700000000000273,-1.6599999999999966,-0.6400000000000006,11.179999999999993,1.0300000000000011,0.9700000000000273,1.6599999999999966,0.6400000000000006,0,0,0,0,0,SW-Monsoon,13.560000000000002,51.520374000000004,21.409999999999968,7.87,33.24,-0.2,-4.5,4.89,9,1.9533333333333334,1,0,0,0,0,0,1,0.35269709543568467,20.04215767634855,2.0838589211618257
FC_0000283,2024-02-10,WG,Western Ghats & West Coast,11.61,76.7,7,0.0,40.37,1010.66,10.4,1.77,1143.4,11.97,fair_weather,0.82,32.92,1009.7,57.13,5.16,384.0,-0.82,7.449999999999996,0.9599999999999227,-46.730000000000004,-3.39,0.82,7.449999999999996,0.9599999999999227,46.730000000000004,3.39,0,1,0,0,1,Winter,89.6,2.0238180000000003,2.590000000000032,1.17,0.32,2.43,1.16,-3.43,49,1.7100000000000002,0,0,0,0,0,0,0,0.7466666666666667,29.23102222222222,4.842444444444444
FC_0000284,2022-05-25,NE,East & Northeast India,23.64,89.33,5,31.09,26.6,1012.7,42.58,4.25,440.3,8.05,pre_monsoon,4.41,24.48,1013.2,64.09,5.72,1179.8,26.68,2.120000000000001,-0.5,-21.510000000000005,-1.4699999999999998,26.68,2.120000000000001,0.5,21.510000000000005,1.4699999999999998,1,0,0,0,1,Pre-Monsoon,57.42,1.871275,0.5499999999999545,1.28,11.78,-0.02,-1.24,-3.32,25,1.61,0,0,0,0,0,0,0,0.51440329218107,12.827283950617282,3.27
FC_0000285,2021-04-09,WG,Western Ghats & West Coast,13.68,75.03,4,0.84,31.5,1002.04,36.24,10.96,196.1,21.68,pre_monsoon,12.08,30.37,1006.11,47.57,6.6,550.5,-11.24,1.129999999999999,-4.07000000000005,-11.329999999999998,4.360000000000001,11.24,1.129999999999999,4.07000000000005,11.329999999999998,4.360000000000001,0,0,0,1,1,Pre-Monsoon,63.76,2.1492560000000003,11.210000000000036,4.52,3.89,0.74,-1.56,-5.98,16,5.42,0,0,0,0,0,0,0,0.42084942084942084,15.014478764478765,2.5983397683397684
FC_0000286,2021-06-02,NW,Northwest India,34.51,69.9,10,0.0,29.21,1009.18,71.94,14.03,1137.0,14.58,normal_monsoon,5.36,25.89,1010.88,47.73,7.39,865.0,-5.36,3.3200000000000003,-1.7000000000000455,24.21,6.64,5.36,3.3200000000000003,1.7000000000000455,24.21,6.64,0,1,1,0,1,SW-Monsoon,28.060000000000002,15.95211,4.07000000000005,4.01,0.13,1.06,-0.16,-4.87,100,1.458,0,0,0,0,0,0,0,0.8470588235294118,25.773882352941175,6.877843137254902
FC_0000287,2023-07-03,EC,Bay of Bengal & East Coast,20.59,86.82,1,60.76,30.19,988.7,100.0,11.88,1762.3,3.93,monsoon_depression,62.2,29.43,989.02,91.16,13.04,1946.7,-1.4400000000000048,0.7600000000000016,-0.31999999999993634,8.840000000000003,-1.1599999999999984,1.4400000000000048,0.7600000000000016,0.31999999999993634,8.840000000000003,1.1599999999999984,0,0,0,0,0,SW-Monsoon,0.0,20.936124,24.549999999999955,6.42,21.74,0.01,-5.45,8.01,1,3.93,1,0,0,0,0,0,1,0.14418604651162792,12.282837209302325,1.1518604651162792
FC_0000288,2023-05-28,EC,Bay of Bengal & East Coast,18.95,80.78,8,25.97,30.1,1006.5,79.98,6.96,67.1,14.54,pre_monsoon,9.36,29.93,1006.47,69.49,4.41,889.4,16.61,0.1700000000000017,0.029999999999972715,10.490000000000009,2.55,16.61,0.1700000000000017,0.029999999999972715,10.490000000000009,2.55,0,0,0,0,0,Pre-Monsoon,20.019999999999996,0.467016,6.75,2.82,9.53,1.09,-3.16,0.02,64,1.8175,0,0,0,0,0,0,0,0.7910447761194029,29.504365671641793,4.961007462686567
FC_0000289,2021-12-04,SP,Southern Peninsula,8.17,78.27,2,7.42,28.2,1011.92,51.56,4.56,576.9,4.6,post_monsoon,7.15,29.54,1011.22,43.96,3.56,426.9,0.2699999999999996,-1.3399999999999999,0.6999999999999318,7.600000000000001,0.9999999999999996,0.2699999999999996,1.3399999999999999,0.6999999999999318,7.600000000000001,0.9999999999999996,0,0,0,0,0,Post-Monsoon,48.44,2.630664,1.330000000000041,1.41,5.0,-0.63,-1.5,-0.22,4,2.3,0,0,0,0,0,0,0,0.12658227848101267,6.515105485232067,1.4548523206751058
FC_0000290,2023-04-02,WG,Western Ghats & West Coast,18.36,75.13,10,187.83,15.1,1005.66,100.0,0.5,788.9,49.97,pre_monsoon,1.42,32.13,1007.38,74.6,3.02,999.0,186.41000000000003,-17.03,-1.7200000000000273,25.400000000000006,-2.52,186.41000000000003,17.03,1.7200000000000273,25.400000000000006,2.52,1,1,0,0,1,Pre-Monsoon,0.0,0.39444999999999997,7.590000000000032,1.73,67.66,1.76,-0.39,-1.04,100,4.997,0,0,0,0,0,0,0,0.8455284552845529,32.79081300813008,6.509756097560976
FC_0000291,2024-04-01,NE,East & Northeast India,22.81,86.09,8,17.01,25.77,1018.96,57.75,4.29,50.0,34.02,pre_monsoon,6.51,31.3,1014.77,51.67,3.44,516.6,10.500000000000002,-5.530000000000001,4.190000000000055,6.079999999999998,0.8500000000000001,10.500000000000002,5.530000000000001,4.190000000000055,6.079999999999998,0.8500000000000001,0,1,0,1,1,Pre-Monsoon,42.25,0.2145,-5.710000000000036,2.01,7.66,1.66,0.25,-0.17,64,4.2525,0,0,0,0,0,0,0,0.7734375,18.668203125,5.0324609375
FC_0000292,2023-08-15,NW,Northwest India,33.09,75.22,7,17.4,54.32,1016.53,84.94,6.9,1128.9,28.72,normal_monsoon,4.01,23.09,1014.68,58.11,4.63,1115.7,13.389999999999999,31.23,1.8500000000000227,26.83,2.2700000000000005,13.389999999999999,31.23,1.8500000000000227,26.83,2.2700000000000005,0,1,0,0,1,SW-Monsoon,15.060000000000002,7.789410000000001,-3.2799999999999727,2.16,8.1,-0.36,1.1,5.47,49,4.102857142857142,0,0,0,0,0,0,0,0.7428571428571429,18.69661224489796,4.418367346938775
FC_0000293,2021-06-10,CI,Central India,19.38,74.28,3,27.12,26.76,1013.49,96.62,2.96,545.3,5.88,normal_monsoon,15.96,28.75,1014.69,72.78,6.46,751.6,11.16,-1.9899999999999984,-1.2000000000000455,23.840000000000003,-3.5,11.16,1.9899999999999984,1.2000000000000455,23.840000000000003,3.5,0,0,0,0,0,SW-Monsoon,3.3799999999999955,1.6140879999999997,-0.2400000000000091,1.16,10.53,-0.43,-0.1,5.32,9,1.96,0,0,0,0,0,0,0,0.28076923076923077,9.609423076923076,1.8744230769230767
FC_0000294,2023-03-12,EC,Bay of Bengal & East Coast,15.49,85.24,7,17.27,25.15,1003.88,100.0,8.77,811.6,11.18,fair_weather,17.02,25.19,1010.9,74.84,7.59,640.9,0.25,-0.0400000000000027,-7.019999999999982,25.159999999999997,1.1799999999999997,0.25,0.0400000000000027,7.019999999999982,25.159999999999997,1.1799999999999997,0,0,0,1,1,Pre-Monsoon,0.0,7.117732,9.370000000000005,3.53,7.89,-1.66,0.15,-3.1,49,1.5971428571428572,0,0,0,0,0,0,0,0.7536231884057971,31.278079710144926,4.301775362318841
FC_0000295,2022-02-02,WG,Western Ghats & West Coast,16.47,76.14,1,8.28,31.63,1014.22,60.29,8.28,716.6,3.93,fair_weather,4.59,31.63,1012.68,56.83,7.95,659.0,3.6899999999999995,0.0,1.5400000000000773,3.460000000000001,0.3299999999999992,3.6899999999999995,0.0,1.5400000000000773,3.460000000000001,0.3299999999999992,0,0,0,0,0,Winter,39.71,5.933447999999999,-0.9700000000000273,2.29,5.71,-1.36,0.66,2.53,1,3.93,0,0,0,0,0,0,0,0.1134453781512605,9.086302521008403,1.0998319327731092
FC_0000296,2024-07-24,SP,Southern Peninsula,12.88,75.61,5,9.65,26.4,1007.25,82.9,15.04,2919.7,8.6,active_break_monsoon,23.44,28.57,1007.29,63.15,10.04,2150.1,-13.790000000000001,-2.1700000000000017,-0.03999999999996362,19.750000000000007,5.0,13.790000000000001,2.1700000000000017,0.03999999999996362,19.750000000000007,5.0,0,0,0,0,0,SW-Monsoon,17.099999999999994,43.912288,6.0,4.6,3.67,-1.11,-1.61,7.13,25,1.72,0,0,0,0,0,1,0,0.5399239543726235,20.9232319391635,3.057984790874525
FC_0000297,2023-03-27,NE,East & Northeast India,26.8,96.81,2,14.29,23.67,1015.51,72.04,5.38,296.0,6.7,fair_weather,14.36,26.51,1014.49,70.4,5.65,708.2,-0.07000000000000028,-2.84,1.0199999999999818,1.6400000000000006,-0.27000000000000046,0.07000000000000028,2.84,1.0199999999999818,1.6400000000000006,0.27000000000000046,0,0,0,0,0,Pre-Monsoon,27.959999999999994,1.5924800000000001,-2.259999999999991,1.63,6.27,-1.41,-1.89,-2.29,4,3.35,0,0,0,0,0,0,0,0.1797752808988764,6.552209737827716,1.8855430711610486
FC_0000298,2024-11-16,NE,East & Northeast India,28.7,95.46,2,20.2,26.24,1006.87,74.23,7.19,743.4,6.2,post_monsoon,4.37,28.44,1006.89,67.58,7.71,741.6,15.829999999999998,-2.200000000000003,-0.01999999999998181,6.650000000000006,-0.5199999999999996,15.829999999999998,2.200000000000003,0.01999999999998181,6.650000000000006,0.5199999999999996,0,0,0,0,0,Post-Monsoon,25.769999999999996,5.345046,6.3799999999999955,2.66,7.98,-2.09,-0.79,2.91,4,3.1,0,0,0,0,0,0,0,0.1797752808988764,6.552209737827716,1.8855430711610486
FC_0000299,2024-03-04,NW,Northwest India,27.93,75.51,3,4.25,28.0,1007.32,69.32,4.43,50.0,11.44,fair_weather,2.34,22.68,1007.1,74.31,3.68,372.5,1.9100000000000001,5.32,0.22000000000002728,-4.990000000000009,0.7499999999999996,1.9100000000000001,5.32,0.22000000000002728,4.990000000000009,0.7499999999999996,0,1,0,0,1,Pre-Monsoon,30.680000000000007,0.2215,5.92999999999995,2.09,2.25,-0.4,1.09,-3.68,9,3.813333333333333,0,0,0,0,0,0,0,0.38207547169811323,10.293254716981133,2.4025000000000003
FC_0000300,2024-05-03,EC,Bay of Bengal & East Coast,20.36,86.1,7,0.0,31.24,1015.11,86.89,7.93,1497.7,13.57,pre_monsoon,0.4,27.74,1011.71,70.42,4.25,1134.4,-0.4,3.5,3.3999999999999773,16.47,3.6799999999999997,0.4,3.5,3.3999999999999773,16.47,3.6799999999999997,0,1,0,0,1,Pre-Monsoon,13.11,11.876761,-1.8600000000000136,2.39,3.61,1.19,2.96,0.1,49,1.9385714285714286,0,0,0,0,0,0,0,0.7536231884057971,31.278079710144926,4.301775362318841
FC_0000301,2022-02-05,NW,Northwest India,27.26,77.54,2,9.17,28.91,1011.81,43.6,5.38,371.1,7.34,fair_weather,1.06,29.11,1011.8,42.55,4.75,314.4,8.11,-0.1999999999999993,0.009999999999990905,1.0500000000000043,0.6299999999999999,8.11,0.1999999999999993,0.009999999999990905,1.0500000000000043,0.6299999999999999,0,0,0,0,0,Winter,56.4,1.996518,1.4400000000000546,1.58,6.07,0.05,-0.21,3.0,4,3.67,0,0,0,0,0,0,0,0.20920502092050208,9.46071129707113,1.7305857740585775
FC_0000302,2022-10-02,SP,Southern Peninsula,11.61,75.71,4,20.19,25.38,1010.97,59.66,1.85,452.2,7.36,post_monsoon,10.7,26.86,1012.28,46.96,3.91,933.8,9.490000000000002,-1.4800000000000004,-1.3099999999999454,12.699999999999996,-2.06,9.490000000000002,1.4800000000000004,1.3099999999999454,12.699999999999996,2.06,0,0,0,0,0,Post-Monsoon,40.34,0.83657,2.2799999999999727,1.14,9.79,-1.9,-0.75,-4.14,16,1.84,0,0,0,0,0,0,0,0.37593984962406013,15.084887218045113,2.2651503759398497
FC_0000303,2023-11-23,CI,Central India,18.88,80.48,4,0.0,29.98,1014.09,67.81,6.4,1269.2,7.14,post_monsoon,0.92,29.33,1012.05,67.33,6.83,665.0,-0.92,0.6500000000000021,2.0400000000000773,0.480000000000004,-0.4299999999999997,0.92,0.6500000000000021,2.0400000000000773,0.480000000000004,0.4299999999999997,0,0,0,0,0,Post-Monsoon,32.19,8.12288,-0.8400000000000318,1.9,0.3,0.98,-1.48,0.18,16,1.785,0,0,0,0,0,0,0,0.37890625,10.3326171875,2.6153125
FC_0000304,2022-11-19,CI,Central India,21.5,74.94,1,1.6,31.65,1011.69,74.13,8.44,484.8,4.75,post_monsoon,2.96,30.96,1011.81,66.61,6.78,612.3,-1.3599999999999999,0.6899999999999977,-0.11999999999989086,7.519999999999996,1.6599999999999993,1.3599999999999999,0.6899999999999977,0.11999999999989086,7.519999999999996,1.6599999999999993,0,0,0,0,0,Post-Monsoon,25.870000000000005,4.091712,1.5599999999999454,2.27,0.61,0.01,-1.89,-4.36,1,4.75,0,0,0,0,0,0,0,0.16923076923076924,8.377038461538461,1.3539230769230768
FC_0000305,2022-04-05,CI,Central India,23.92,81.99,7,14.69,28.1,1010.99,57.05,0.82,50.0,11.03,pre_monsoon,5.71,28.28,1008.11,40.29,3.5,331.1,8.98,-0.17999999999999972,2.8799999999999955,16.759999999999998,-2.68,8.98,0.17999999999999972,2.8799999999999955,16.759999999999998,2.68,0,0,0,0,0,Pre-Monsoon,42.95,0.041,2.259999999999991,0.8,5.18,-1.31,-0.87,-4.03,49,1.5757142857142856,0,0,0,0,0,0,0,0.7537878787878788,21.91992424242424,4.943787878787879
FC_0000306,2023-08-13,NE,East & Northeast India,27.17,87.43,4,9.5,28.34,1014.99,48.64,4.76,845.7,7.59,normal_monsoon,2.37,25.29,1013.79,44.37,3.93,858.0,7.13,3.0500000000000007,1.2000000000000455,4.270000000000003,0.8299999999999996,7.13,3.0500000000000007,1.2000000000000455,4.270000000000003,0.8299999999999996,0,1,0,0,1,SW-Monsoon,51.36,4.025532,-1.740000000000009,1.76,3.54,-0.42,0.74,-3.74,16,1.8975,0,0,0,0,0,0,0,0.3958333333333333,10.796125,2.65775
FC_0000307,2022-04-15,EC,Bay of Bengal & East Coast,18.59,80.1,1,28.16,25.68,1015.83,53.22,8.64,175.2,6.42,pre_monsoon,30.0,27.16,1012.86,49.46,6.61,505.5,-1.8399999999999999,-1.4800000000000004,2.9700000000000273,3.759999999999998,2.0300000000000002,1.8399999999999999,1.4800000000000004,2.9700000000000273,3.759999999999998,2.0300000000000002,0,0,0,0,0,Pre-Monsoon,46.78,1.513728,-2.580000000000041,2.74,11.77,-0.71,0.75,-2.64,1,6.42,0,0,0,0,0,0,0,0.14418604651162792,12.282837209302325,1.1518604651162792
FC_0000308,2024-10-30,NW,Northwest India,27.97,71.99,3,18.42,12.78,1010.8,73.55,13.39,758.5,5.95,western_disturbance,17.58,14.82,1006.59,89.46,11.28,849.4,0.8400000000000034,-2.040000000000001,4.209999999999923,-15.909999999999997,2.110000000000001,0.8400000000000034,2.040000000000001,4.209999999999923,15.909999999999997,2.110000000000001,0,0,0,1,1,Post-Monsoon,26.450000000000003,10.156315000000001,2.4500000000000455,3.73,7.8,-0.16,0.7,-7.02,9,1.9833333333333334,0,0,0,0,1,0,1,0.38207547169811323,10.293254716981133,2.4025000000000003
FC_0000309,2023-11-12,NW,Northwest India,34.86,71.9,8,0.0,34.78,1003.0,87.35,10.26,50.0,39.31,post_monsoon,11.93,27.1,1009.34,73.01,7.02,368.1,-11.93,7.68,-6.340000000000032,14.33999999999999,3.24,11.93,7.68,6.340000000000032,14.33999999999999,3.24,0,1,0,1,1,Post-Monsoon,12.650000000000006,0.513,10.25,3.99,0.36,0.33,-1.66,0.4,64,4.91375,0,0,0,0,0,0,0,0.8306451612903226,22.631330645161288,5.529879032258065
FC_0000310,2023-01-20,SP,Southern Peninsula,8.09,76.94,4,0.0,33.12,1004.05,44.35,11.72,1393.2,7.02,fair_weather,1.2,31.72,1006.54,47.76,3.43,860.0,-1.2,1.3999999999999986,-2.490000000000009,-3.4099999999999966,8.290000000000001,1.2,1.3999999999999986,2.490000000000009,3.4099999999999966,8.290000000000001,0,0,1,0,1,Winter,55.65,16.328304000000003,9.200000000000045,4.42,11.01,2.45,-0.87,2.55,16,1.755,0,0,0,0,0,0,0,0.37593984962406013,15.084887218045113,2.2651503759398497
FC_0000311,2021-02-07,CI,Central India,21.99,83.49,1,0.0,23.28,1012.45,54.31,8.3,860.4,14.46,fair_weather,3.86,26.92,1011.55,57.44,7.96,861.4,-3.86,-3.6400000000000006,0.900000000000091,-3.1299999999999955,0.34000000000000075,3.86,3.6400000000000006,0.900000000000091,3.1299999999999955,0.34000000000000075,0,1,0,0,1,Winter,45.69,7.14132,0.7999999999999545,2.43,1.73,0.3,1.18,3.42,1,14.46,0,0,0,0,0,0,0,0.16923076923076924,8.377038461538461,1.3539230769230768
FC_0000312,2021-08-18,EC,Bay of Bengal & East Coast,21.35,81.63,7,0.0,26.93,1002.22,83.96,6.95,50.0,10.57,normal_monsoon,3.21,28.45,1010.02,74.63,3.03,439.9,-3.21,-1.5199999999999996,-7.7999999999999545,9.329999999999998,3.9200000000000004,3.21,1.5199999999999996,7.7999999999999545,9.329999999999998,3.9200000000000004,0,0,0,1,1,SW-Monsoon,16.040000000000006,0.3475,11.029999999999973,3.48,0.91,-0.37,0.78,1.19,49,1.51,0,0,0,0,0,0,0,0.7536231884057971,31.278079710144926,4.301775362318841
FC_0000313,2024-10-20,EC,Bay of Bengal & East Coast,13.04,81.47,8,186.65,25.69,1006.23,89.84,10.37,5826.4,28.41,cyclone,103.7,27.37,986.57,90.58,28.54,4264.5,82.95,-1.6799999999999997,19.659999999999968,-0.7399999999999949,-18.17,82.95,1.6799999999999997,19.659999999999968,0.7399999999999949,18.17,1,0,1,1,1,Post-Monsoon,10.159999999999997,60.41976799999999,7.019999999999982,3.66,66.15,0.51,-15.65,4.18,64,3.55125,0,0,1,0,0,0,1,0.7910447761194029,29.504365671641793,4.961007462686567
FC_0000314,2022-07-17,SP,Southern Peninsula,14.31,75.03,5,0.0,25.07,1004.63,72.68,14.64,1481.4,17.16,active_break_monsoon,6.15,29.63,1002.03,72.29,12.92,1710.4,-6.15,-4.559999999999999,2.6000000000000227,0.39000000000000057,1.7200000000000006,6.15,4.559999999999999,2.6000000000000227,0.39000000000000057,1.7200000000000006,0,1,0,0,1,SW-Monsoon,27.319999999999993,21.687696000000003,8.620000000000005,4.99,0.54,-2.03,1.16,3.96,25,3.432,0,0,0,0,0,1,0,0.5399239543726235,20.9232319391635,3.057984790874525
FC_0000315,2022-03-14,WG,Western Ghats & West Coast,9.53,74.92,9,271.42,48.1,1009.63,50.6,7.91,607.7,30.51,fair_weather,2.56,31.69,1011.92,50.28,5.57,1045.5,268.86,16.41,-2.2899999999999636,0.3200000000000003,2.34,268.86,16.41,2.2899999999999636,0.3200000000000003,2.34,1,1,0,0,1,Pre-Monsoon,49.4,4.806907,3.6200000000000045,2.59,95.14,0.08,1.08,1.59,81,3.39,0,0,0,0,0,0,0,0.8592592592592593,29.854703703703706,6.722148148148149
FC_0000316,2024-07-30,EC,Bay of Bengal & East Coast,13.72,80.83,7,0.0,47.4,1017.6,46.21,0.5,2239.1,34.19,normal_monsoon,0.48,31.33,1014.36,58.26,4.1,1048.2,-0.48,16.07,3.240000000000009,-12.049999999999997,-3.5999999999999996,0.48,16.07,3.240000000000009,12.049999999999997,3.5999999999999996,0,1,0,0,1,SW-Monsoon,53.79,1.11955,-4.350000000000023,1.16,9.92,-0.5,-0.56,-2.86,49,4.884285714285714,0,0,0,0,0,0,0,0.7536231884057971,31.278079710144926,4.301775362318841
FC_0000317,2021-01-27,EC,Bay of Bengal & East Coast,14.96,82.47,4,0.0,36.88,1006.32,43.84,5.36,869.6,16.29,fair_weather,4.26,28.99,1013.31,47.13,5.91,1165.6,-4.26,7.890000000000004,-6.989999999999895,-3.289999999999999,-0.5499999999999998,4.26,7.890000000000004,6.989999999999895,3.289999999999999,0.5499999999999998,0,1,0,1,1,Winter,56.16,4.661056,6.92999999999995,2.47,1.66,-0.93,0.57,3.54,16,4.0725,0,0,0,0,0,0,0,0.5057034220532319,21.50577946768061,2.6715589353612166
FC_0000318,2021-08-14,NW,Northwest India,30.64,77.79,9,0.0,37.48,998.68,90.68,15.69,1761.9,13.21,active_break_monsoon,10.96,31.82,1002.21,64.57,10.9,2183.7,-10.96,5.659999999999997,-3.5300000000000864,26.110000000000014,4.789999999999999,10.96,5.659999999999997,3.5300000000000864,26.110000000000014,4.789999999999999,0,1,0,0,1,SW-Monsoon,9.319999999999993,27.644211,14.57000000000005,6.12,0.51,0.88,0.23,-0.1,81,1.4677777777777778,0,0,0,0,0,1,0,0.7936507936507936,22.855674603174602,6.38031746031746
FC_0000319,2024-07-24,SP,Southern Peninsula,8.99,77.05,6,0.0,41.32,1007.09,60.87,6.4,967.3,22.48,normal_monsoon,12.3,31.9,1009.24,64.15,5.32,729.3,-12.3,9.420000000000002,-2.1499999999999773,-3.2800000000000082,1.08,12.3,9.420000000000002,2.1499999999999773,3.2800000000000082,1.08,0,1,0,0,1,SW-Monsoon,39.13,6.190720000000001,6.159999999999968,2.78,2.51,1.9,-1.29,-2.96,36,3.7466666666666666,0,0,0,0,0,0,0,0.5946969696969697,21.55094696969697,3.8189015151515155
FC_0000320,2023-03-09,EC,Bay of Bengal & East Coast,21.25,87.89,8,5.54,33.95,1015.04,82.44,8.0,50.0,12.61,fair_weather,7.92,32.4,1014.71,67.12,6.63,684.8,-2.38,1.5500000000000043,0.32999999999992724,15.319999999999993,1.37,2.38,1.5500000000000043,0.32999999999992724,15.319999999999993,1.37,0,0,0,0,0,Pre-Monsoon,17.560000000000002,0.4,-1.7899999999999636,2.21,4.16,-0.78,-0.12,1.87,64,1.57625,0,0,0,0,0,0,0,0.7910447761194029,29.504365671641793,4.961007462686567
FC_0000321,2021-10-11,EC,Bay of Bengal & East Coast,15.34,86.29,2,9.45,21.61,1014.22,60.96,5.34,459.4,5.74,post_monsoon,5.97,23.17,1010.22,60.67,4.41,476.4,3.4799999999999995,-1.5600000000000023,4.0,0.28999999999999915,0.9299999999999997,3.4799999999999995,1.5600000000000023,4.0,0.28999999999999915,0.9299999999999997,0,0,0,1,1,Post-Monsoon,39.04,2.4531959999999997,-0.9700000000000273,1.67,5.86,-1.03,-0.45,2.78,4,2.87,0,0,0,0,0,0,0,0.2558139534883721,13.920542635658915,1.4067054263565892
FC_0000322,2023-05-29,NW,Northwest India,25.14,75.13,5,19.24,25.26,1016.16,71.75,6.93,1557.8,8.21,pre_monsoon,6.43,24.92,1014.58,74.72,7.04,1161.8,12.809999999999999,0.33999999999999986,1.5799999999999272,-2.969999999999999,-0.11000000000000032,12.809999999999999,0.33999999999999986,1.5799999999999272,2.969999999999999,0.11000000000000032,0,0,0,0,0,Pre-Monsoon,28.25,10.795554,-2.909999999999968,2.1,6.74,-0.46,-1.49,0.28,25,1.6420000000000001,0,0,0,0,0,0,0,0.5403225806451613,11.756008064516129,3.5735887096774195
FC_0000323,2023-08-18,EC,Bay of Bengal & East Coast,21.7,84.84,3,136.21,28.3,997.44,92.9,17.07,1904.8,7.98,monsoon_depression,119.43,27.42,996.31,94.91,15.65,1975.5,16.78,0.879999999999999,1.1300000000001091,-2.009999999999991,1.42,16.78,0.879999999999999,1.1300000000001091,2.009999999999991,1.42,0,0,0,0,0,SW-Monsoon,7.099999999999994,32.514936,15.809999999999945,6.41,47.95,0.78,-7.87,6.25,9,2.66,1,0,0,0,0,0,1,0.35269709543568467,20.04215767634855,2.0838589211618257
FC_0000324,2022-03-29,NW,Northwest India,30.48,69.87,5,0.0,23.17,1004.41,64.39,7.07,861.4,8.03,fair_weather,2.45,27.78,1007.15,56.04,5.63,996.8,-2.45,-4.609999999999999,-2.740000000000009,8.350000000000001,1.4400000000000004,2.45,4.609999999999999,2.740000000000009,8.350000000000001,1.4400000000000004,0,1,0,0,1,Pre-Monsoon,35.61,6.090098,8.840000000000032,3.07,0.0,-0.01,0.62,-0.35,25,1.6059999999999999,0,0,0,0,0,0,0,0.5403225806451613,11.756008064516129,3.5735887096774195
FC_0000325,2023-10-17,WG,Western Ghats & West Coast,15.61,75.16,8,0.0,24.98,1012.61,68.43,6.14,50.0,11.73,post_monsoon,3.79,30.89,1014.29,67.6,5.16,615.2,-3.79,-5.91,-1.67999999999995,0.8300000000000125,0.9799999999999995,3.79,5.91,1.67999999999995,0.8300000000000125,0.9799999999999995,0,1,0,0,1,Post-Monsoon,31.569999999999993,0.307,0.6399999999999864,1.92,1.27,0.61,-4.5,-4.58,64,1.46625,0,0,0,0,0,0,0,0.7743362831858407,29.086371681415926,6.164911504424778
FC_0000326,2023-03-27,NE,East & Northeast India,26.54,85.31,6,0.0,25.43,1009.25,77.1,9.48,972.5,9.52,fair_weather,3.74,25.5,1008.97,56.41,5.89,449.4,-3.74,-0.07000000000000028,0.2799999999999727,20.689999999999998,3.5900000000000007,3.74,0.07000000000000028,0.2799999999999727,20.689999999999998,3.5900000000000007,0,0,0,0,0,Pre-Monsoon,22.900000000000006,9.2193,4.0,3.14,0.27,-1.27,-0.46,0.29,36,1.5866666666666667,0,0,0,0,0,0,0,0.5887096774193549,16.5770564516129,4.45866935483871
FC_0000327,2022-10-21,NW,Northwest India,31.13,73.95,1,32.45,16.72,1007.68,60.12,9.45,954.4,4.31,western_disturbance,24.38,15.98,1008.04,69.13,10.43,766.6,8.070000000000004,0.7399999999999984,-0.36000000000001364,-9.009999999999998,-0.9800000000000004,8.070000000000004,0.7399999999999984,0.36000000000001364,9.009999999999998,0.9800000000000004,0,0,0,0,0,Post-Monsoon,39.88,9.01908,5.57000000000005,3.36,11.46,1.15,0.97,3.58,1,4.31,0,0,0,0,1,0,1,0.15873015873015872,5.933611111111111,1.5877777777777777
FC_0000328,2022-07-01,NW,Northwest India,26.7,70.08,7,0.0,26.4,1011.22,77.89,4.43,1646.3,14.02,normal_monsoon,5.92,30.24,1009.25,60.68,4.48,1054.6,-5.92,-3.84,1.9700000000000273,17.21,-0.05000000000000071,5.92,3.84,1.9700000000000273,17.21,0.05000000000000071,0,1,0,0,1,SW-Monsoon,22.11,7.293108999999999,2.0299999999999727,1.4,6.7,1.16,-0.16,-8.95,49,2.0028571428571427,0,0,0,0,0,0,0,0.7428571428571429,18.69661224489796,4.418367346938775
FC_0000329,2024-04-30,EC,Bay of Bengal & East Coast,14.04,86.41,10,0.0,32.96,1008.32,44.52,7.23,75.5,30.45,pre_monsoon,7.57,27.31,1008.81,63.71,7.63,397.0,-7.57,5.650000000000002,-0.4899999999998954,-19.189999999999998,-0.39999999999999947,7.57,5.650000000000002,0.4899999999998954,19.189999999999998,0.39999999999999947,0,1,0,0,1,Pre-Monsoon,55.48,0.545865,4.92999999999995,2.5,1.23,-0.62,0.51,-2.34,100,3.045,0,0,0,0,0,0,0,0.9230769230769231,37.378597285067876,6.533212669683258
FC_0000330,2023-12-09,NW,Northwest India,31.88,76.46,1,4.44,29.4,1010.59,42.96,3.35,413.0,3.67,post_monsoon,4.17,28.5,1010.87,46.81,3.14,364.1,0.27000000000000046,0.8999999999999986,-0.2799999999999727,-3.8500000000000014,0.20999999999999996,0.27000000000000046,0.8999999999999986,0.2799999999999727,3.8500000000000014,0.20999999999999996,0,0,0,0,0,Post-Monsoon,57.04,1.38355,2.659999999999968,1.3,5.09,-1.43,-0.76,0.08,1,3.67,0,0,0,0,0,0,0,0.15873015873015872,5.933611111111111,1.5877777777777777
FC_0000331,2021-01-17,SP,Southern Peninsula,10.37,80.02,1,2.99,25.34,1015.19,70.52,7.58,941.9,4.46,fair_weather,11.56,25.13,1013.26,74.84,6.7,616.1,-8.57,0.21000000000000085,1.9300000000000637,-4.320000000000007,0.8799999999999999,8.57,0.21000000000000085,1.9300000000000637,4.320000000000007,0.8799999999999999,0,0,0,0,0,Winter,29.480000000000004,7.139602,-1.9400000000000546,2.42,1.18,2.54,-1.76,-5.73,1,4.46,0,0,0,0,0,0,0,0.1214574898785425,7.125991902834008,1.2743724696356276
FC_0000332,2024-04-10,CI,Central India,23.95,77.95,4,0.0,29.69,1013.18,63.01,7.9,1980.6,10.66,pre_monsoon,9.38,32.1,1012.29,58.77,6.59,1162.9,-9.38,-2.41,0.8899999999999864,4.239999999999995,1.3100000000000005,9.38,2.41,0.8899999999999864,4.239999999999995,1.3100000000000005,0,0,0,0,0,Pre-Monsoon,36.99,15.64674,0.07000000000005002,2.14,1.81,0.69,0.6,4.56,16,2.665,0,0,0,0,0,0,0,0.37890625,10.3326171875,2.6153125
FC_0000333,2024-05-28,CI,Central India,18.76,76.57,9,0.0,-8.01,1008.29,80.01,11.95,50.0,38.22,pre_monsoon,1.3,31.49,1006.88,40.58,6.56,551.0,-1.3,-39.5,1.4099999999999682,39.43000000000001,5.39,1.3,39.5,1.4099999999999682,39.43000000000001,5.39,0,1,0,0,1,Pre-Monsoon,19.989999999999995,0.5975,4.960000000000036,3.82,0.03,-1.2,0.14,-3.24,81,4.246666666666666,0,0,0,0,0,0,0,0.8769230769230769,22.42480769230769,6.476230769230769
FC_0000334,2021-06-07,WG,Western Ghats & West Coast,19.48,73.9,8,58.02,30.17,1012.24,95.5,7.16,4828.9,27.42,heavy_rainfall,95.71,27.59,998.87,90.81,17.91,3808.8,-37.68999999999999,2.580000000000002,13.370000000000005,4.689999999999998,-10.75,37.68999999999999,2.580000000000002,13.370000000000005,4.689999999999998,10.75,1,0,1,1,1,SW-Monsoon,4.5,34.574923999999996,1.009999999999991,1.85,20.59,0.53,-0.28,0.31,64,3.4275,0,1,0,0,0,0,1,0.7743362831858407,29.086371681415926,6.164911504424778
FC_0000335,2022-04-22,NW,Northwest India,28.29,69.9,10,1.5,23.15,1004.02,57.8,8.89,1011.2,14.49,pre_monsoon,4.46,23.92,1007.35,67.27,7.1,1006.6,-2.96,-0.7700000000000031,-3.330000000000041,-9.469999999999999,1.790000000000001,2.96,0.7700000000000031,3.330000000000041,9.469999999999999,1.790000000000001,0,0,0,0,0,Pre-Monsoon,42.2,8.989568000000002,9.230000000000018,3.79,0.67,-1.03,-1.67,-1.9,100,1.449,0,0,0,0,0,0,0,0.8470588235294118,25.773882352941175,6.877843137254902
FC_0000336,2023-12-06,SP,Southern Peninsula,14.45,76.52,3,4.09,24.47,1007.63,46.02,4.89,1139.9,6.38,post_monsoon,2.47,24.77,1007.88,40.12,3.32,1187.7,1.6199999999999997,-0.3000000000000007,-0.25,5.900000000000006,1.5699999999999998,1.6199999999999997,0.3000000000000007,0.25,5.900000000000006,1.5699999999999998,0,0,0,0,0,Post-Monsoon,53.98,5.574111,5.6200000000000045,2.24,2.07,-1.12,-3.54,-1.6,9,2.1266666666666665,0,0,0,0,0,0,0,0.20179372197309417,7.918385650224215,2.001883408071749
FC_0000337,2024-10-28,EC,Bay of Bengal & East Coast,14.63,83.73,6,0.0,28.23,1006.64,64.83,0.5,711.0,25.24,post_monsoon,0.5,32.05,1010.15,74.11,3.27,901.9,-0.5,-3.8199999999999967,-3.509999999999991,-9.280000000000001,-2.77,0.5,3.8199999999999967,3.509999999999991,9.280000000000001,2.77,0,1,0,0,1,Post-Monsoon,35.17,0.3555,6.610000000000014,1.48,6.97,-0.53,2.48,2.67,36,4.206666666666666,0,0,0,0,0,0,0,0.6809338521400778,24.520038910505836,3.678326848249027
FC_0000338,2022-06-02,EC,Bay of Bengal & East Coast,15.77,83.7,1,10.06,23.53,1008.36,57.17,6.94,409.3,4.84,normal_monsoon,2.57,23.17,1006.42,60.94,6.51,337.3,7.49,0.35999999999999943,1.9400000000000546,-3.769999999999996,0.4300000000000006,7.49,0.35999999999999943,1.9400000000000546,3.769999999999996,0.4300000000000006,0,0,0,0,0,SW-Monsoon,42.83,2.8405420000000006,4.889999999999986,2.38,4.04,1.39,1.88,1.91,1,4.84,0,0,0,0,0,0,0,0.14418604651162792,12.282837209302325,1.1518604651162792
FC_0000339,2021-04-09,NE,East & Northeast India,25.28,94.77,10,5.86,32.03,1016.74,68.38,7.33,212.7,16.0,pre_monsoon,2.13,27.55,1012.38,57.86,3.08,538.9,3.7300000000000004,4.48,4.360000000000014,10.519999999999996,4.25,3.7300000000000004,4.48,4.360000000000014,10.519999999999996,4.25,0,1,0,1,1,Pre-Monsoon,31.620000000000005,1.559091,-3.490000000000009,2.27,2.44,-1.26,-1.05,-3.5,100,1.6,0,0,0,0,0,0,0,0.8785714285714286,31.068464285714285,7.881642857142857
FC_0000340,2023-11-27,WG,Western Ghats & West Coast,17.83,76.09,1,35.35,33.33,1015.66,67.21,4.8,984.5,9.22,post_monsoon,0.61,27.36,1013.97,71.38,3.56,1095.0,34.74,5.969999999999999,1.6899999999999409,-4.170000000000002,1.2399999999999998,34.74,5.969999999999999,1.6899999999999409,4.170000000000002,1.2399999999999998,1,1,0,0,1,Post-Monsoon,32.790000000000006,4.725599999999999,-2.409999999999968,1.66,13.23,-0.57,0.27,1.54,1,9.22,0,0,0,0,0,0,0,0.1134453781512605,9.086302521008403,1.0998319327731092
FC_0000341,2021-10-07,SP,Southern Peninsula,8.81,79.4,6,17.54,30.1,1014.75,65.72,6.54,1280.4,10.62,post_monsoon,12.04,28.3,1011.65,72.09,5.3,1198.4,5.5,1.8000000000000007,3.1000000000000227,-6.3700000000000045,1.2400000000000002,5.5,1.8000000000000007,3.1000000000000227,6.3700000000000045,1.2400000000000002,0,0,0,0,0,Post-Monsoon,34.28,8.373816000000001,-1.5,1.93,6.68,-0.1,-1.68,-2.47,36,1.7699999999999998,0,0,0,0,0,0,0,0.5946969696969697,21.55094696969697,3.8189015151515155
FC_0000342,2024-10-04,SP,Southern Peninsula,8.96,75.69,5,13.57,31.57,1004.93,89.85,1.77,999.8,10.66,post_monsoon,5.96,31.43,1009.53,61.55,6.64,608.4,7.61,0.14000000000000057,-4.600000000000023,28.299999999999997,-4.869999999999999,7.61,0.14000000000000057,4.600000000000023,28.299999999999997,4.869999999999999,0,0,0,1,1,Post-Monsoon,10.150000000000006,1.769646,8.32000000000005,1.93,4.76,0.53,-2.91,-1.04,25,2.132,0,0,0,0,0,0,0,0.5399239543726235,20.9232319391635,3.057984790874525
FC_0000343,2022-05-12,EC,Bay of Bengal & East Coast,21.43,87.37,6,150.16,25.64,999.59,100.0,13.38,3966.8,21.76,cyclone,83.42,28.16,986.9,96.18,28.75,4034.6,66.74,-2.5199999999999996,12.690000000000055,3.819999999999993,-15.37,66.74,2.5199999999999996,12.690000000000055,3.819999999999993,15.37,1,0,1,1,1,Pre-Monsoon,0.0,53.075784000000006,13.659999999999968,5.46,54.13,1.55,-12.18,1.51,36,3.626666666666667,0,0,1,0,0,0,1,0.6809338521400778,24.520038910505836,3.678326848249027
FC_0000344,2021-10-29,NE,East & Northeast India,25.7,95.5,9,1.75,28.88,1002.17,75.0,6.65,50.0,14.18,post_monsoon,0.4,24.72,1009.34,49.41,5.57,302.1,1.35,4.16,-7.170000000000073,25.590000000000003,1.08,1.35,4.16,7.170000000000073,25.590000000000003,1.08,0,1,0,1,1,Post-Monsoon,25.0,0.3325,11.080000000000041,3.6,1.99,-1.54,-1.19,-2.69,81,1.5755555555555556,0,0,0,0,0,0,0,0.8489795918367347,27.977591836734696,6.6734285714285715
FC_0000345,2021-06-30,EC,Bay of Bengal & East Coast,21.88,85.5,5,42.86,28.28,993.52,74.34,13.72,2890.8,8.95,monsoon_depression,26.54,29.4,988.42,87.89,13.42,2673.1,16.32,-1.1199999999999974,5.100000000000023,-13.549999999999997,0.3000000000000007,16.32,1.1199999999999974,5.100000000000023,13.549999999999997,0.3000000000000007,0,0,0,1,1,SW-Monsoon,25.659999999999997,39.661776,19.730000000000018,6.22,17.53,-1.15,-5.3,1.19,25,1.7899999999999998,1,0,0,0,0,0,1,0.5407725321888412,24.05197424892704,2.9729613733905578
FC_0000346,2022-08-30,NE,East & Northeast India,26.21,94.05,2,23.99,21.66,1013.54,62.67,4.05,1043.3,13.55,normal_monsoon,10.41,27.44,1011.09,60.56,3.49,615.6,13.579999999999998,-5.780000000000001,2.449999999999932,2.1099999999999994,0.5599999999999996,13.579999999999998,5.780000000000001,2.449999999999932,2.1099999999999994,0.5599999999999996,0,1,0,0,1,SW-Monsoon,37.33,4.225365,-0.2899999999999636,1.22,8.71,0.23,0.96,-0.59,4,6.775,0,0,0,0,0,0,0,0.1797752808988764,6.552209737827716,1.8855430711610486
FC_0000347,2024-01-28,CI,Central India,19.86,75.67,1,13.92,32.03,1011.69,54.76,4.16,342.9,4.15,fair_weather,5.27,30.76,1009.38,55.09,3.58,323.6,8.65,1.2699999999999996,2.310000000000059,-0.3300000000000054,0.5800000000000001,8.65,1.2699999999999996,2.310000000000059,0.3300000000000054,0.5800000000000001,0,0,0,0,0,Winter,45.24,1.426464,1.5599999999999454,1.48,6.85,-0.64,-0.64,0.31,1,4.15,0,0,0,0,0,0,0,0.16923076923076924,8.377038461538461,1.3539230769230768
FC_0000348,2022-12-01,SP,Southern Peninsula,14.08,76.9,2,0.0,22.44,1009.87,61.55,8.42,1090.7,5.15,post_monsoon,2.11,23.59,1008.55,64.61,3.8,983.3,-2.11,-1.1499999999999986,1.32000000000005,-3.0600000000000023,4.62,2.11,1.1499999999999986,1.32000000000005,3.0600000000000023,4.62,0,0,0,0,0,Post-Monsoon,38.45,9.183694,3.3799999999999955,2.68,0.51,-0.15,-1.15,-1.06,4,2.575,0,0,0,0,0,0,0,0.12658227848101267,6.515105485232067,1.4548523206751058
FC_0000349,2023-09-20,CI,Central India,19.08,77.15,8,0.0,28.05,1001.94,65.96,1.03,2357.8,30.07,monsoon_depression,62.86,29.55,994.61,89.26,13.28,3045.9,-62.86,-1.5,7.330000000000041,-23.30000000000001,-12.25,62.86,1.5,7.330000000000041,23.30000000000001,12.25,1,0,1,1,1,SW-Monsoon,34.040000000000006,2.428534,11.309999999999945,2.29,2.55,1.37,-4.79,4.33,64,3.75875,1,0,0,0,0,0,1,0.7795918367346939,22.1525306122449,5.795224489795918
FC_0000350,2024-02-14,EC,Bay of Bengal & East Coast,14.95,88.69,1,27.74,30.56,1013.76,71.01,5.71,594.5,3.94,fair_weather,19.69,30.72,1010.95,59.83,5.32,577.7,8.049999999999997,-0.16000000000000014,2.8099999999999454,11.180000000000007,0.3899999999999997,8.049999999999997,0.16000000000000014,2.8099999999999454,11.180000000000007,0.3899999999999997,0,0,0,0,0,Winter,28.989999999999995,3.394595,-0.5099999999999909,1.57,12.42,1.22,-0.63,-6.11,1,3.94,0,0,0,0,0,0,0,0.14418604651162792,12.282837209302325,1.1518604651162792
FC_0000351,2021-07-10,WG,Western Ghats & West Coast,16.38,74.89,6,15.52,30.11,1011.16,95.94,13.62,2486.9,29.61,heavy_rainfall,60.64,24.72,999.03,91.87,19.72,2141.8,-45.120000000000005,5.390000000000001,12.129999999999995,4.069999999999993,-6.1,45.120000000000005,5.390000000000001,12.129999999999995,4.069999999999993,6.1,1,1,1,1,1,SW-Monsoon,4.060000000000002,33.871578,2.090000000000032,3.48,8.13,1.8,3.09,9.87,36,4.935,0,1,0,0,0,0,1,0.6075471698113207,19.574377358490565,3.890641509433962
FC_0000352,2021-09-10,NW,Northwest India,36.6,77.03,5,1.35,25.78,1008.56,54.1,8.82,715.1,12.31,normal_monsoon,0.95,32.22,1010.83,53.87,5.0,931.5,0.40000000000000013,-6.439999999999998,-2.2700000000000955,0.23000000000000398,3.8200000000000003,0.40000000000000013,6.439999999999998,2.2700000000000955,0.23000000000000398,3.8200000000000003,0,1,0,0,1,SW-Monsoon,45.9,6.307182000000001,4.690000000000055,2.99,1.15,0.92,0.79,2.06,25,2.462,0,0,0,0,0,0,0,0.5403225806451613,11.756008064516129,3.5735887096774195
FC_0000353,2023-09-08,WG,Western Ghats & West Coast,14.14,76.58,10,57.75,27.89,1015.51,50.48,0.5,247.1,15.8,normal_monsoon,17.19,29.22,1012.47,61.25,3.88,729.0,40.56,-1.3299999999999983,3.0399999999999636,-10.770000000000003,-3.38,40.56,1.3299999999999983,3.0399999999999636,10.770000000000003,3.38,1,0,0,0,1,SW-Monsoon,49.52,0.12355,-2.259999999999991,0.6,23.02,0.0,-0.36,-3.82,100,1.58,0,0,0,0,0,0,0,0.8455284552845529,32.79081300813008,6.509756097560976
FC_0000354,2023-07-17,WG,Western Ghats & West Coast,12.85,73.54,9,0.0,31.32,1004.14,51.09,14.91,840.7,37.63,normal_monsoon,6.11,27.47,1009.29,45.09,7.39,329.2,-6.11,3.8500000000000014,-5.149999999999977,6.0,7.5200000000000005,6.11,3.8500000000000014,5.149999999999977,6.0,7.5200000000000005,0,1,1,1,1,SW-Monsoon,48.91,12.534837000000001,9.110000000000014,4.81,0.95,0.14,1.82,-0.6,81,4.181111111111111,0,0,0,0,0,0,0,0.8592592592592593,29.854703703703706,6.722148148148149
FC_0000355,2024-03-30,NW,Northwest India,27.02,74.62,4,0.0,24.65,1012.17,41.79,5.85,384.9,6.8,fair_weather,3.65,23.48,1014.0,43.59,6.69,557.9,-3.65,1.1699999999999982,-1.830000000000041,-1.8000000000000043,-0.8400000000000007,3.65,1.1699999999999982,1.830000000000041,1.8000000000000043,0.8400000000000007,0,0,0,0,0,Pre-Monsoon,58.21,2.2516649999999996,1.080000000000041,1.68,0.58,1.49,0.01,-4.11,16,1.7,0,0,0,0,0,0,0,0.508833922261484,12.866643109540636,2.8804593639575975
FC_0000356,2024-07-03,SP,Southern Peninsula,12.01,78.62,5,21.52,28.39,1013.89,70.29,13.43,2412.3,8.39,active_break_monsoon,27.04,28.46,1008.81,63.3,13.17,2107.3,-5.52,-0.07000000000000028,5.080000000000041,6.990000000000009,0.2599999999999998,5.52,0.07000000000000028,5.080000000000041,6.990000000000009,0.2599999999999998,0,0,0,1,1,SW-Monsoon,29.709999999999994,32.397189000000004,-0.6399999999999864,3.53,10.18,-0.7,3.09,9.22,25,1.6780000000000002,0,0,0,0,0,1,0,0.5399239543726235,20.9232319391635,3.057984790874525
FC_0000357,2024-09-08,CI,Central India,23.49,74.22,5,49.31,27.95,998.42,79.02,20.75,3056.1,9.21,monsoon_depression,35.7,27.01,996.11,91.42,22.91,2857.0,13.61,0.9399999999999977,2.3099999999999454,-12.400000000000006,-2.16,13.61,0.9399999999999977,2.3099999999999454,12.400000000000006,2.16,0,0,0,0,0,SW-Monsoon,20.980000000000004,63.414075,14.830000000000041,7.05,17.96,2.02,-5.51,-5.32,25,1.842,1,0,0,0,0,0,1,0.5210727969348659,16.352222222222224,3.35264367816092
FC_0000358,2021-05-08,CI,Central India,18.43,79.33,2,11.67,22.24,1011.93,56.94,8.47,1208.7,5.09,pre_monsoon,7.41,24.04,1012.09,62.42,7.4,775.2,4.26,-1.8000000000000007,-0.16000000000008185,-5.480000000000004,1.0700000000000003,4.26,1.8000000000000007,0.16000000000008185,5.480000000000004,1.0700000000000003,0,0,0,0,0,Pre-Monsoon,43.06,10.237689,1.32000000000005,2.44,4.17,-0.52,2.64,-2.82,4,2.545,0,0,0,0,0,0,0,0.2196078431372549,7.970745098039216,2.0045098039215685
FC_0000359,2021-01-18,SP,Southern Peninsula,9.53,78.48,2,42.3,29.44,1007.68,68.18,3.78,776.5,5.12,fair_weather,18.56,29.75,1007.24,53.53,4.09,591.5,23.74,-0.3099999999999987,0.4399999999999409,14.650000000000006,-0.31000000000000005,23.74,0.3099999999999987,0.4399999999999409,14.650000000000006,0.31000000000000005,1,0,0,0,1,Winter,31.819999999999993,2.9351700000000003,5.57000000000005,1.81,15.68,2.7,-0.94,-5.56,4,2.56,0,0,0,0,0,0,0,0.12658227848101267,6.515105485232067,1.4548523206751058
FC_0000360,2022-07-20,NW,Northwest India,31.18,73.86,9,15.63,23.97,1014.02,31.23,3.36,2539.6,14.17,normal_monsoon,11.2,27.62,1009.6,59.53,7.06,1135.3,4.4300000000000015,-3.650000000000002,4.419999999999959,-28.3,-3.6999999999999997,4.4300000000000015,3.650000000000002,4.419999999999959,28.3,3.6999999999999997,0,1,0,1,1,SW-Monsoon,68.77,8.533055999999998,-0.7699999999999818,1.17,5.51,-2.36,1.1,-1.22,81,1.5744444444444445,0,0,0,0,0,0,0,0.7936507936507936,22.855674603174602,6.38031746031746
FC_0000361,2022-07-24,NE,East & Northeast India,23.57,92.68,3,17.53,31.98,1008.37,95.25,10.06,2160.1,5.92,active_break_monsoon,2.35,30.1,1006.08,82.39,7.99,1899.2,15.180000000000001,1.879999999999999,2.2899999999999636,12.86,2.0700000000000003,15.180000000000001,1.879999999999999,2.2899999999999636,12.86,2.0700000000000003,0,0,0,0,0,SW-Monsoon,4.75,21.730605999999998,4.8799999999999955,3.41,8.63,0.61,-1.73,4.99,9,1.9733333333333334,0,0,0,0,0,1,0,0.25190839694656486,7.7308778625954195,2.112251908396947
FC_0000362,2024-09-08,WG,Western Ghats & West Coast,17.95,76.99,6,41.55,22.41,1011.81,84.09,0.5,2398.4,27.8,heavy_rainfall,105.54,26.43,999.11,94.58,13.42,2443.3,-63.99000000000001,-4.02,12.699999999999932,-10.489999999999995,-12.92,63.99000000000001,4.02,12.699999999999932,10.489999999999995,12.92,1,1,1,1,1,SW-Monsoon,15.909999999999997,1.1992,1.4400000000000546,0.53,15.55,-1.19,-1.33,-3.23,36,4.633333333333334,0,1,0,0,0,0,1,0.6075471698113207,19.574377358490565,3.890641509433962
FC_0000363,2022-11-17,EC,Bay of Bengal & East Coast,20.22,85.02,4,103.23,26.75,981.96,100.0,4.76,3823.7,17.81,cyclone,229.41,28.03,969.06,91.42,28.11,4026.2,-126.17999999999999,-1.2800000000000011,12.900000000000091,8.579999999999998,-23.35,126.17999999999999,1.2800000000000011,12.900000000000091,8.579999999999998,23.35,1,0,1,1,1,Post-Monsoon,0.0,18.200812,31.289999999999964,6.01,36.51,0.62,-9.27,2.99,16,4.4525,0,0,1,0,0,0,1,0.5057034220532319,21.50577946768061,2.6715589353612166
FC_0000364,2022-09-18,CI,Central India,19.55,80.81,4,12.23,28.21,1016.31,65.36,4.39,698.0,6.87,normal_monsoon,13.17,30.67,1014.68,53.21,4.7,1192.3,-0.9399999999999995,-2.460000000000001,1.6299999999999955,12.149999999999999,-0.3100000000000005,0.9399999999999995,2.460000000000001,1.6299999999999955,12.149999999999999,0.3100000000000005,0,0,0,0,0,SW-Monsoon,34.64,3.0642199999999997,-3.0599999999999454,1.8,5.35,0.67,-0.75,2.9,16,1.7175,0,0,0,0,0,0,0,0.37890625,10.3326171875,2.6153125
FC_0000365,2024-08-04,SP,Southern Peninsula,15.5,76.17,5,4.68,22.35,1010.81,45.34,8.29,263.2,20.02,normal_monsoon,0.26,23.56,1009.47,43.08,4.92,670.4,4.42,-1.2099999999999973,1.3399999999999181,2.260000000000005,3.369999999999999,4.42,1.2099999999999973,1.3399999999999181,2.260000000000005,3.369999999999999,0,0,0,0,0,SW-Monsoon,54.66,2.181928,2.4400000000000546,2.3,3.14,-2.33,2.9,-5.21,25,4.004,0,0,0,0,0,0,0,0.5399239543726235,20.9232319391635,3.057984790874525
FC_0000366,2023-05-04,EC,Bay of Bengal & East Coast,13.82,81.34,5,13.73,28.23,1009.7,57.89,5.76,973.8,8.67,pre_monsoon,8.18,29.03,1011.83,64.75,4.84,710.9,5.550000000000001,-0.8000000000000007,-2.1299999999999955,-6.859999999999999,0.9199999999999999,5.550000000000001,0.8000000000000007,2.1299999999999955,6.859999999999999,0.9199999999999999,0,0,0,0,0,Pre-Monsoon,42.11,5.609088,3.5499999999999545,2.08,5.61,-1.0,-0.85,7.41,25,1.734,0,0,0,0,0,0,0,0.5407725321888412,24.05197424892704,2.9729613733905578
FC_0000367,2023-08-20,NW,Northwest India,33.58,72.07,7,0.0,36.7,1010.69,75.54,3.91,1855.7,29.18,normal_monsoon,0.96,29.86,1012.41,73.3,3.88,655.0,-0.96,6.840000000000003,-1.7199999999999136,2.240000000000009,0.03000000000000025,0.96,6.840000000000003,1.7199999999999136,2.240000000000009,0.03000000000000025,0,1,0,0,1,SW-Monsoon,24.459999999999994,7.255787000000001,2.5599999999999454,1.47,0.02,1.51,-0.8,6.2,49,4.168571428571428,0,0,0,0,0,0,0,0.7428571428571429,18.69661224489796,4.418367346938775
FC_0000368,2021-06-04,EC,Bay of Bengal & East Coast,11.69,87.87,7,33.62,32.97,1006.59,100.0,7.23,2782.2,33.89,monsoon_depression,43.47,28.91,997.35,89.65,18.83,3048.2,-9.850000000000001,4.059999999999999,9.240000000000009,10.349999999999994,-11.599999999999998,9.850000000000001,4.059999999999999,9.240000000000009,10.349999999999994,11.599999999999998,0,1,1,1,1,SW-Monsoon,0.0,20.115306,6.659999999999968,2.7,12.2,-0.42,-4.34,-3.71,49,4.841428571428572,1,0,0,0,0,0,1,0.7536231884057971,31.278079710144926,4.301775362318841
FC_0000369,2022-05-05,EC,Bay of Bengal & East Coast,17.13,82.98,1,238.04,28.0,984.25,99.77,43.2,2536.0,4.18,cyclone,236.47,29.55,985.08,96.73,42.92,2632.6,1.5699999999999932,-1.5500000000000007,-0.8300000000000409,3.039999999999992,0.28000000000000114,1.5699999999999932,1.5500000000000007,0.8300000000000409,3.039999999999992,0.28000000000000114,0,0,0,0,0,Pre-Monsoon,0.23000000000000398,109.55520000000001,29.0,14.32,84.13,-0.71,-16.93,-0.57,1,4.18,0,0,1,0,0,0,1,0.14418604651162792,12.282837209302325,1.1518604651162792
FC_0000370,2024-11-10,WG,Western Ghats & West Coast,12.13,73.81,6,0.0,29.74,1007.39,82.63,5.61,1090.3,9.77,post_monsoon,0.75,25.92,1011.05,69.32,5.05,503.0,-0.75,3.8199999999999967,-3.659999999999968,13.310000000000002,0.5600000000000005,0.75,3.8199999999999967,3.659999999999968,13.310000000000002,0.5600000000000005,0,1,0,0,1,Post-Monsoon,17.370000000000005,6.116583,5.860000000000014,2.6,0.79,-1.9,-0.06,3.95,36,1.6283333333333332,0,0,0,0,0,0,0,0.6075471698113207,19.574377358490565,3.890641509433962
FC_0000371,2023-02-24,NW,Northwest India,29.92,71.37,4,126.8,22.0,1012.86,78.09,9.65,869.4,19.24,fair_weather,5.11,25.35,1012.91,64.15,7.71,1095.5,121.69,-3.3500000000000014,-0.049999999999954525,13.939999999999998,1.9400000000000004,121.69,3.3500000000000014,0.049999999999954525,13.939999999999998,1.9400000000000004,1,1,0,0,1,Winter,21.909999999999997,8.389710000000001,0.38999999999998636,2.46,44.76,-0.54,-1.69,0.83,16,4.81,0,0,0,0,0,0,0,0.508833922261484,12.866643109540636,2.8804593639575975
FC_0000372,2024-02-02,EC,Bay of Bengal & East Coast,17.03,86.96,2,4.41,22.81,1009.16,61.76,8.51,1371.6,4.47,fair_weather,7.3,23.15,1009.54,51.77,5.38,989.6,-2.8899999999999997,-0.33999999999999986,-0.37999999999999545,9.989999999999995,3.13,2.8899999999999997,0.33999999999999986,0.37999999999999545,9.989999999999995,3.13,0,0,0,0,0,Winter,38.24,11.672315999999999,4.090000000000032,2.92,2.85,0.28,2.04,-7.43,4,2.235,0,0,0,0,0,0,0,0.2558139534883721,13.920542635658915,1.4067054263565892
FC_0000373,2024-11-17,CI,Central India,23.4,76.94,6,24.7,22.17,1008.76,52.05,5.25,2424.8,9.22,post_monsoon,10.32,26.58,1010.25,42.11,6.15,1002.7,14.379999999999999,-4.409999999999997,-1.490000000000009,9.939999999999998,-0.9000000000000004,14.379999999999999,4.409999999999997,1.490000000000009,9.939999999999998,0.9000000000000004,0,1,0,0,1,Post-Monsoon,47.95,12.7302,4.490000000000009,2.13,10.16,0.04,0.04,-4.26,36,1.5366666666666668,0,0,0,0,0,0,0,0.6448979591836734,18.281918367346936,3.7026938775510203
FC_0000374,2021-09-03,NW,Northwest India,30.87,76.4,7,0.0,25.24,1013.39,37.79,11.38,1540.0,11.48,normal_monsoon,1.51,25.48,1011.76,52.34,7.53,990.1,-1.51,-0.240000000000002,1.6299999999999955,-14.550000000000004,3.8500000000000005,1.51,0.240000000000002,1.6299999999999955,14.550000000000004,3.8500000000000005,0,0,0,0,0,SW-Monsoon,62.21,17.5252,-0.13999999999998636,2.74,3.43,0.51,-1.76,1.11,49,1.6400000000000001,0,0,0,0,0,0,0,0.7428571428571429,18.69661224489796,4.418367346938775
FC_0000375,2024-04-14,CI,Central India,18.55,74.78,2,90.31,24.18,1009.5,66.57,7.03,246.2,14.18,pre_monsoon,22.27,27.07,1009.1,55.56,6.24,760.8,68.04,-2.8900000000000006,0.39999999999997726,11.009999999999991,0.79,68.04,2.8900000000000006,0.39999999999997726,11.009999999999991,0.79,1,0,0,0,1,Pre-Monsoon,33.43000000000001,1.7307860000000002,3.75,2.31,33.05,-0.5,1.89,0.24,4,7.09,0,0,0,0,0,0,0,0.2196078431372549,7.970745098039216,2.0045098039215685
FC_0000376,2023-11-29,SP,Southern Peninsula,12.45,78.52,2,0.0,26.49,1012.85,46.16,6.52,839.8,6.39,post_monsoon,3.25,25.79,1013.77,46.94,4.59,478.7,-3.25,0.6999999999999993,-0.9199999999999591,-0.7800000000000011,1.9299999999999997,3.25,0.6999999999999993,0.9199999999999591,0.7800000000000011,1.9299999999999997,0,0,0,0,0,Post-Monsoon,53.84,5.475495999999999,0.39999999999997726,1.75,0.18,0.49,0.98,5.56,4,3.195,0,0,0,0,0,0,0,0.12658227848101267,6.515105485232067,1.4548523206751058
FC_0000377,2023-01-29,SP,Southern Peninsula,9.69,79.1,10,0.0,19.61,1007.14,75.09,0.5,927.5,14.01,fair_weather,1.05,27.63,1007.54,69.2,6.52,469.7,-1.05,-8.02,-0.39999999999997726,5.890000000000001,-6.02,1.05,8.02,0.39999999999997726,5.890000000000001,6.02,0,1,1,0,1,Winter,24.909999999999997,0.46375,6.110000000000014,1.36,0.31,0.15,-0.07,2.45,100,1.401,0,0,0,0,0,0,0,0.8880597014925373,40.953582089552235,6.767388059701492
FC_0000378,2022-06-22,NE,East & Northeast India,26.49,96.08,7,0.0,-5.75,1011.75,59.19,6.03,50.0,25.49,normal_monsoon,14.93,26.25,1013.83,62.91,4.42,636.0,-14.93,-32.0,-2.080000000000041,-3.719999999999999,1.6100000000000003,14.93,32.0,2.080000000000041,3.719999999999999,1.6100000000000003,0,1,0,0,1,SW-Monsoon,40.81,0.3015,1.5,1.69,0.03,-0.52,-1.34,-0.98,49,3.641428571428571,0,0,0,0,0,0,0,0.777292576419214,16.60921397379913,5.613624454148471
FC_0000379,2023-07-10,SP,Southern Peninsula,9.35,79.13,9,6.11,33.76,1018.88,80.25,0.5,769.8,14.84,normal_monsoon,4.93,29.19,1011.05,54.82,3.45,409.4,1.1800000000000006,4.569999999999997,7.830000000000041,25.43,-2.95,1.1800000000000006,4.569999999999997,7.830000000000041,25.43,2.95,0,1,0,1,1,SW-Monsoon,19.75,0.38489999999999996,-5.6299999999999955,1.4,4.37,0.37,-2.25,-3.94,81,1.6488888888888888,0,0,0,0,0,0,0,0.8717948717948718,33.72879120879121,7.428937728937728
FC_0000380,2022-02-12,EC,Bay of Bengal & East Coast,11.92,85.09,3,11.71,30.02,1019.1,74.0,6.95,1172.0,6.54,fair_weather,12.93,31.19,1014.04,56.61,7.68,1053.9,-1.2199999999999989,-1.1700000000000017,5.060000000000059,17.39,-0.7299999999999995,1.2199999999999989,1.1700000000000017,5.060000000000059,17.39,0.7299999999999995,0,0,0,1,1,Winter,26.0,8.1454,-5.850000000000023,2.66,5.04,0.26,0.24,-1.09,9,2.18,0,0,0,0,0,0,0,0.35269709543568467,20.04215767634855,2.0838589211618257
FC_0000381,2022-06-09,NW,Northwest India,31.17,71.88,3,2.48,26.92,1011.16,53.44,5.68,50.0,5.61,normal_monsoon,1.51,26.23,1012.56,65.39,7.45,345.4,0.97,0.6900000000000013,-1.3999999999999773,-11.950000000000003,-1.7700000000000005,0.97,0.6900000000000013,1.3999999999999773,11.950000000000003,1.7700000000000005,0,0,0,0,0,SW-Monsoon,46.56,0.284,2.090000000000032,1.68,3.37,0.04,-0.98,-1.03,9,1.87,0,0,0,0,0,0,0,0.38207547169811323,10.293254716981133,2.4025000000000003
FC_0000382,2023-04-08,SP,Southern Peninsula,14.76,75.02,8,151.82,47.66,1011.51,27.06,13.77,1535.0,37.2,pre_monsoon,0.21,25.88,1007.89,53.99,3.62,1040.1,151.60999999999999,21.779999999999998,3.6200000000000045,-26.930000000000003,10.149999999999999,151.60999999999999,21.779999999999998,3.6200000000000045,26.930000000000003,10.149999999999999,1,1,1,0,1,Pre-Monsoon,72.94,21.136950000000002,1.740000000000009,3.49,57.84,-1.46,0.76,-0.02,64,4.65,0,0,0,0,0,0,0,0.8173913043478261,28.809652173913044,6.443217391304348
FC_0000383,2023-06-22,CI,Central India,22.16,76.17,2,7.6,25.48,1013.53,58.79,6.03,1119.6,7.45,normal_monsoon,3.18,24.23,1013.22,44.09,6.1,1146.5,4.42,1.25,0.30999999999994543,14.699999999999996,-0.0699999999999994,4.42,1.25,0.30999999999994543,14.699999999999996,0.0699999999999994,0,0,0,0,0,SW-Monsoon,41.21,6.751188,-0.2799999999999727,1.82,2.82,0.66,1.53,2.76,4,3.725,0,0,0,0,0,0,0,0.2196078431372549,7.970745098039216,2.0045098039215685
FC_0000384,2021-02-05,EC,Bay of Bengal & East Coast,19.18,80.39,9,5.7,24.07,1011.95,45.38,1.51,1578.5,12.95,fair_weather,1.65,27.0,1014.49,41.9,4.56,1035.6,4.050000000000001,-2.9299999999999997,-2.5399999999999636,3.480000000000004,-3.05,4.050000000000001,2.9299999999999997,2.5399999999999636,3.480000000000004,3.05,0,0,0,0,0,Winter,54.62,2.3835349999999997,1.2999999999999545,0.99,3.55,1.47,0.96,-0.54,81,1.4388888888888889,0,0,0,0,0,0,0,0.8455284552845529,35.98406504065041,6.411097560975609
FC_0000385,2022-11-16,SP,Southern Peninsula,14.65,79.61,7,0.0,8.43,1014.25,12.41,8.29,1266.1,29.14,post_monsoon,0.53,23.69,1010.12,51.61,6.99,603.4,-0.53,-15.260000000000002,4.1299999999999955,-39.2,1.299999999999999,0.53,15.260000000000002,4.1299999999999955,39.2,1.299999999999999,0,1,0,1,1,Post-Monsoon,87.59,10.495968999999997,-1.0,2.26,0.2,0.62,-0.28,-1.04,49,4.162857142857143,0,0,0,0,0,0,0,0.690677966101695,21.64720338983051,4.4192372881355935
FC_0000386,2021-01-20,WG,Western Ghats & West Coast,17.99,73.19,8,0.0,25.82,1012.59,44.06,5.57,1224.4,12.08,fair_weather,4.93,29.37,1011.37,57.89,3.68,355.8,-4.93,-3.5500000000000007,1.2200000000000273,-13.829999999999998,1.8900000000000001,4.93,3.5500000000000007,1.2200000000000273,13.829999999999998,1.8900000000000001,0,1,0,0,1,Winter,55.94,6.819908000000002,0.6599999999999682,1.79,0.37,-0.94,0.77,-3.03,64,1.51,0,0,0,0,0,0,0,0.7743362831858407,29.086371681415926,6.164911504424778
FC_0000387,2021-11-17,CI,Central India,23.04,74.14,9,0.0,31.52,1015.23,35.1,4.78,1769.3,13.17,post_monsoon,6.29,27.98,1012.53,65.27,6.7,318.3,-6.29,3.539999999999999,2.7000000000000455,-30.169999999999995,-1.92,6.29,3.539999999999999,2.7000000000000455,30.169999999999995,1.92,0,1,0,0,1,Post-Monsoon,64.9,8.457254,-1.9800000000000182,1.79,0.79,-0.13,1.03,1.38,81,1.4633333333333334,0,0,0,0,0,0,0,0.8769230769230769,22.42480769230769,6.476230769230769
FC_0000388,2022-05-27,CI,Central India,24.78,81.23,3,14.43,25.22,1004.28,54.73,7.21,906.0,8.59,pre_monsoon,7.85,24.46,1007.11,46.53,6.3,1027.4,6.58,0.759999999999998,-2.830000000000041,8.199999999999996,0.9100000000000001,6.58,0.759999999999998,2.830000000000041,8.199999999999996,0.9100000000000001,0,0,0,0,0,Pre-Monsoon,45.27,6.53226,8.970000000000027,3.05,5.87,-1.17,2.6,-2.9,9,2.8633333333333333,0,0,0,0,0,0,0,0.28076923076923077,9.609423076923076,1.8744230769230767
FC_0000389,2022-02-04,NE,East & Northeast India,25.51,93.77,6,0.0,14.58,1010.31,43.92,4.4,2083.7,24.93,fair_weather,4.8,23.79,1007.63,47.3,5.41,906.5,-4.8,-9.209999999999999,2.67999999999995,-3.3799999999999955,-1.0099999999999998,4.8,9.209999999999999,2.67999999999995,3.3799999999999955,1.0099999999999998,0,1,0,0,1,Winter,56.08,9.168280000000001,2.9400000000000546,1.86,0.03,-0.6,-1.72,2.02,36,4.155,0,0,0,0,0,0,0,0.5887096774193549,16.5770564516129,4.45866935483871
FC_0000390,2022-10-16,WG,Western Ghats & West Coast,9.13,74.88,8,0.0,27.55,1007.63,62.38,0.5,735.6,13.06,post_monsoon,0.58,28.32,1008.57,72.84,6.14,892.3,-0.58,-0.7699999999999996,-0.9400000000000546,-10.46,-5.64,0.58,0.7699999999999996,0.9400000000000546,10.46,5.64,0,0,0,0,0,Post-Monsoon,37.62,0.3678,5.6200000000000045,1.16,0.56,-0.19,1.14,-6.27,64,1.6325,0,0,0,0,0,0,0,0.7743362831858407,29.086371681415926,6.164911504424778
FC_0000391,2023-08-30,NE,East & Northeast India,23.48,96.67,1,0.0,22.12,1009.17,56.77,4.63,525.4,10.21,normal_monsoon,19.05,24.32,1007.86,48.79,5.55,746.4,-19.05,-2.1999999999999993,1.3099999999999454,7.980000000000004,-0.9199999999999999,19.05,2.1999999999999993,1.3099999999999454,7.980000000000004,0.9199999999999999,1,0,0,0,1,SW-Monsoon,43.23,2.4326019999999997,4.080000000000041,1.92,3.42,0.52,-0.88,5.46,1,10.21,0,0,0,0,0,0,0,0.08396946564885496,4.686832061068703,1.254083969465649
FC_0000392,2022-04-16,SP,Southern Peninsula,14.86,79.03,6,11.8,22.05,1004.28,40.77,10.51,362.2,13.54,pre_monsoon,8.17,22.36,1006.87,41.89,5.54,343.4,3.630000000000001,-0.3099999999999987,-2.590000000000032,-1.1199999999999974,4.97,3.630000000000001,0.3099999999999987,2.590000000000032,1.1199999999999974,4.97,0,0,0,0,0,Pre-Monsoon,59.23,3.8067219999999997,8.970000000000027,3.89,7.17,-1.09,1.19,-8.7,36,2.2566666666666664,0,0,0,0,0,0,0,0.5946969696969697,21.55094696969697,3.8189015151515155
FC_0000393,2024-03-12,WG,Western Ghats & West Coast,19.2,74.06,3,137.08,16.65,1017.37,74.57,5.75,1229.7,20.65,fair_weather,2.98,24.21,1011.43,67.4,4.45,724.1,134.10000000000002,-7.560000000000002,5.940000000000055,7.1699999999999875,1.2999999999999998,134.10000000000002,7.560000000000002,5.940000000000055,7.1699999999999875,1.2999999999999998,1,1,0,1,1,Pre-Monsoon,25.430000000000007,7.070775,-4.1200000000000045,2.34,51.41,1.43,-2.33,4.25,9,6.883333333333333,0,0,0,0,0,0,0,0.32926829268292684,13.52512195121951,2.1642276422764226
FC_0000394,2024-01-21,CI,Central India,25.21,77.25,8,27.52,29.8,1004.84,57.48,4.45,1072.6,11.68,fair_weather,2.97,32.49,1012.39,49.5,6.12,1024.3,24.55,-2.6900000000000013,-7.5499999999999545,7.979999999999997,-1.67,24.55,2.6900000000000013,7.5499999999999545,7.979999999999997,1.67,0,0,0,1,1,Winter,42.52,4.77307,8.409999999999968,2.37,9.71,-0.16,-0.85,-0.46,64,1.46,0,0,0,0,0,0,0,0.7795918367346939,22.1525306122449,5.795224489795918
FC_0000395,2024-10-09,NE,East & Northeast India,27.23,93.84,9,0.0,44.84,1009.02,21.06,3.37,225.2,38.17,post_monsoon,16.64,32.06,1008.72,47.03,7.07,866.7,-16.64,12.780000000000001,0.2999999999999545,-25.970000000000002,-3.7,16.64,12.780000000000001,0.2999999999999545,25.970000000000002,3.7,1,1,0,0,1,Post-Monsoon,78.94,0.7589239999999999,4.230000000000018,1.81,0.72,2.13,-0.78,2.45,81,4.2411111111111115,0,0,0,0,0,0,0,0.8489795918367347,27.977591836734696,6.6734285714285715
FC_0000396,2023-04-14,EC,Bay of Bengal & East Coast,11.2,83.25,5,4.19,30.14,1007.68,60.81,7.29,934.9,8.33,pre_monsoon,0.22,26.56,1008.77,43.9,5.46,1044.7,3.97,3.580000000000002,-1.0900000000000318,16.910000000000004,1.83,3.97,3.580000000000002,1.0900000000000318,16.910000000000004,1.83,0,1,0,0,1,Pre-Monsoon,39.19,6.815421000000001,5.57000000000005,2.88,2.49,-2.51,-1.18,-1.15,25,1.666,0,0,0,0,0,0,0,0.5407725321888412,24.05197424892704,2.9729613733905578
FC_0000397,2022-12-28,WG,Western Ghats & West Coast,8.23,76.99,2,0.0,23.26,1013.7,58.95,7.3,531.1,7.62,post_monsoon,2.66,25.44,1013.05,55.96,6.34,469.8,-2.66,-2.1799999999999997,0.650000000000091,2.990000000000002,0.96,2.66,2.1799999999999997,0.650000000000091,2.990000000000002,0.96,0,0,0,0,0,Post-Monsoon,41.05,3.8770300000000004,-0.4500000000000455,2.03,0.6,2.73,1.9,1.15,4,3.81,0,0,0,0,0,0,0,0.20392156862745098,10.022705882352941,1.5912549019607842
FC_0000398,2023-05-04,CI,Central India,18.98,79.43,7,21.82,19.41,1014.8,43.91,7.06,965.2,13.98,pre_monsoon,6.05,24.76,1007.01,46.13,4.59,462.4,15.77,-5.350000000000001,7.789999999999964,-2.220000000000006,2.4699999999999998,15.77,5.350000000000001,7.789999999999964,2.220000000000006,2.4699999999999998,0,1,0,1,1,Pre-Monsoon,56.09,6.814312,-1.5499999999999545,2.13,9.24,-0.68,-0.3,8.0,49,1.997142857142857,0,0,0,0,0,0,0,0.7537878787878788,21.91992424242424,4.943787878787879
FC_0000399,2021-02-20,NW,Northwest India,34.28,70.01,6,10.82,17.83,1013.16,58.42,16.37,1093.8,9.72,western_disturbance,13.86,17.75,1007.38,82.58,10.9,773.1,-3.039999999999999,0.0799999999999983,5.779999999999973,-24.159999999999997,5.470000000000001,3.039999999999999,0.0799999999999983,5.779999999999973,24.159999999999997,5.470000000000001,0,0,0,1,1,Winter,41.58,17.905506000000003,0.09000000000003183,4.11,5.63,2.01,-0.05,-4.92,36,1.62,0,0,0,0,1,0,1,0.6025641025641025,14.582179487179488,3.756153846153846
FC_0000400,2022-07-29,WG,Western Ghats & West Coast,13.82,75.23,6,12.76,29.8,1015.66,79.05,1.69,1065.9,9.52,normal_monsoon,3.23,29.91,1012.2,52.96,5.0,589.2,9.53,-0.10999999999999943,3.4599999999999227,26.089999999999996,-3.31,9.53,0.10999999999999943,3.4599999999999227,26.089999999999996,3.31,0,0,0,0,0,SW-Monsoon,20.950000000000003,1.801371,-2.409999999999968,1.21,4.85,-0.99,1.62,3.09,36,1.5866666666666667,0,0,0,0,0,0,0,0.6075471698113207,19.574377358490565,3.890641509433962
FC_0000401,2024-04-28,WG,Western Ghats & West Coast,9.92,76.0,1,5.78,32.58,1010.57,60.87,5.31,665.1,4.54,pre_monsoon,4.22,32.88,1008.0,59.85,5.35,1001.0,1.5600000000000005,-0.30000000000000426,2.57000000000005,1.019999999999996,-0.040000000000000036,1.5600000000000005,0.30000000000000426,2.57000000000005,1.019999999999996,0.040000000000000036,0,0,0,0,0,Pre-Monsoon,39.13,3.531681,2.67999999999995,1.94,2.13,-0.74,-2.64,0.04,1,4.54,0,0,0,0,0,0,0,0.1134453781512605,9.086302521008403,1.0998319327731092
FC_0000402,2024-02-23,SP,Southern Peninsula,10.39,76.16,1,0.0,33.32,1014.2,47.6,7.54,769.2,8.37,fair_weather,0.7,32.29,1014.83,45.77,4.37,997.8,-0.7,1.0300000000000011,-0.6299999999999955,1.8299999999999983,3.17,0.7,1.0300000000000011,0.6299999999999955,1.8299999999999983,3.17,0,0,0,0,0,Winter,52.4,5.799768,-0.9500000000000455,2.0,0.41,0.28,-0.85,-0.34,1,8.37,0,0,0,0,0,0,0,0.1214574898785425,7.125991902834008,1.2743724696356276
FC_0000403,2021-05-30,EC,Bay of Bengal & East Coast,17.14,83.69,6,254.96,26.06,986.77,80.28,40.01,3367.4,9.87,cyclone,243.43,26.62,980.49,98.05,39.09,4468.3,11.530000000000001,-0.5600000000000023,6.279999999999973,-17.769999999999996,0.9199999999999946,11.530000000000001,0.5600000000000023,6.279999999999973,17.769999999999996,0.9199999999999946,0,0,0,1,1,Pre-Monsoon,19.72,134.729674,26.480000000000018,12.95,90.49,1.46,-15.62,-0.87,36,1.6449999999999998,0,0,1,0,0,0,1,0.6809338521400778,24.520038910505836,3.678326848249027
FC_0000404,2021-11-10,SP,Southern Peninsula,15.36,79.84,6,5.21,27.14,1016.28,45.11,5.98,1101.2,11.99,post_monsoon,3.02,28.52,1014.7,42.58,5.57,868.9,2.19,-1.379999999999999,1.5799999999999272,2.530000000000001,0.41000000000000014,2.19,1.379999999999999,1.5799999999999272,2.530000000000001,0.41000000000000014,0,0,0,0,0,Post-Monsoon,54.89,6.585176000000001,-3.0299999999999727,2.16,3.21,0.24,-2.32,-6.69,36,1.9983333333333333,0,0,0,0,0,0,0,0.5946969696969697,21.55094696969697,3.8189015151515155
FC_0000405,2022-07-24,WG,Western Ghats & West Coast,13.8,74.12,4,103.31,23.48,1008.31,100.0,20.39,2649.1,7.55,heavy_rainfall,99.84,25.73,1002.57,97.58,17.18,2573.1,3.469999999999999,-2.25,5.739999999999895,2.4200000000000017,3.210000000000001,3.469999999999999,2.25,5.739999999999895,2.4200000000000017,3.210000000000001,0,0,0,1,1,SW-Monsoon,0.0,54.015149,4.940000000000055,5.43,37.0,-1.2,-0.84,6.37,16,1.8875,0,1,0,0,0,0,1,0.42084942084942084,15.014478764478765,2.5983397683397684
FC_0000406,2024-09-27,WG,Western Ghats & West Coast,11.91,73.7,8,21.28,21.02,1007.22,100.0,12.83,4157.6,35.68,heavy_rainfall,68.97,25.27,999.36,95.65,19.56,3051.0,-47.69,-4.25,7.860000000000014,4.349999999999994,-6.729999999999999,47.69,4.25,7.860000000000014,4.349999999999994,6.729999999999999,1,1,1,1,1,SW-Monsoon,0.0,53.342008,6.029999999999973,4.12,8.76,1.33,1.78,4.45,64,4.46,0,1,0,0,0,0,1,0.7743362831858407,29.086371681415926,6.164911504424778
FC_0000407,2021-11-01,EC,Bay of Bengal & East Coast,16.99,87.24,9,0.0,38.29,1013.86,45.3,12.46,1463.4,12.96,post_monsoon,1.78,30.87,1006.52,52.19,5.87,875.9,-1.78,7.419999999999998,7.340000000000032,-6.890000000000001,6.590000000000001,1.78,7.419999999999998,7.340000000000032,6.890000000000001,6.590000000000001,0,1,1,1,1,Post-Monsoon,54.7,18.233964000000004,-0.6100000000000136,3.18,1.57,0.36,0.08,0.68,81,1.4400000000000002,0,0,0,0,0,0,0,0.8455284552845529,35.98406504065041,6.411097560975609
FC_0000408,2022-11-13,EC,Bay of Bengal & East Coast,14.42,81.71,6,83.5,21.97,1002.23,94.61,23.9,2944.6,16.66,cyclone,185.55,28.14,986.94,91.77,49.99,3906.0,-102.05000000000001,-6.170000000000002,15.289999999999964,2.8400000000000034,-26.090000000000003,102.05000000000001,6.170000000000002,15.289999999999964,2.8400000000000034,26.090000000000003,1,1,1,1,1,Post-Monsoon,5.390000000000001,70.37593999999999,11.019999999999982,7.33,29.52,0.55,-13.89,1.81,36,2.776666666666667,0,0,1,0,0,0,1,0.6809338521400778,24.520038910505836,3.678326848249027
FC_0000409,2023-04-18,NE,East & Northeast India,25.04,85.83,10,13.11,50.61,1014.81,45.75,7.31,1969.8,36.81,pre_monsoon,5.59,32.69,1007.39,52.18,3.26,436.3,7.52,17.92,7.419999999999959,-6.43,4.05,7.52,17.92,7.419999999999959,6.43,4.05,0,1,0,1,1,Pre-Monsoon,54.25,14.399237999999999,-1.5599999999999454,2.21,8.65,0.94,0.55,2.71,100,3.681,0,0,0,0,0,0,0,0.8785714285714286,31.068464285714285,7.881642857142857
FC_0000410,2023-12-14,CI,Central India,23.61,79.18,8,31.2,33.05,1014.46,67.06,3.55,1050.0,13.78,post_monsoon,14.85,32.98,1014.12,40.07,5.25,1003.8,16.35,0.07000000000000028,0.34000000000003183,26.990000000000002,-1.7000000000000002,16.35,0.07000000000000028,0.34000000000003183,26.990000000000002,1.7000000000000002,0,0,0,0,0,Post-Monsoon,32.94,3.7275,-1.2100000000000364,1.06,11.93,-0.5,-0.17,1.11,64,1.7225,0,0,0,0,0,0,0,0.7795918367346939,22.1525306122449,5.795224489795918
FC_0000411,2023-09-30,CI,Central India,21.97,77.0,8,1.46,27.68,1008.65,77.04,4.34,50.0,13.68,normal_monsoon,3.27,24.49,1007.84,64.24,6.52,554.4,-1.81,3.1900000000000013,0.8099999999999454,12.800000000000011,-2.1799999999999997,1.81,3.1900000000000013,0.8099999999999454,12.800000000000011,2.1799999999999997,0,1,0,0,1,SW-Monsoon,22.959999999999994,0.217,4.600000000000023,1.75,1.99,-0.73,2.12,2.56,64,1.71,0,0,0,0,0,0,0,0.7795918367346939,22.1525306122449,5.795224489795918
FC_0000412,2022-03-20,NE,East & Northeast India,28.69,86.09,2,7.9,24.77,1013.88,56.9,2.83,85.3,5.14,fair_weather,3.61,27.25,1013.0,63.63,3.34,436.0,4.290000000000001,-2.4800000000000004,0.8799999999999955,-6.730000000000004,-0.5099999999999998,4.290000000000001,2.4800000000000004,0.8799999999999955,6.730000000000004,0.5099999999999998,0,0,0,0,0,Pre-Monsoon,43.1,0.241399,-0.6299999999999955,0.88,4.78,-0.45,0.83,6.06,4,2.57,0,0,0,0,0,0,0,0.1797752808988764,6.552209737827716,1.8855430711610486
FC_0000413,2022-09-05,CI,Central India,24.96,77.77,4,40.07,27.43,1004.43,82.56,5.38,3814.2,18.07,monsoon_depression,77.45,30.2,994.36,89.74,14.65,3287.1,-37.38,-2.7699999999999996,10.069999999999936,-7.179999999999993,-9.27,37.38,2.7699999999999996,10.069999999999936,7.179999999999993,9.27,1,0,1,1,1,SW-Monsoon,17.439999999999998,20.520395999999998,8.82000000000005,2.92,14.16,1.37,-7.3,-3.67,16,4.5175,1,0,0,0,0,0,1,0.37890625,10.3326171875,2.6153125
FC_0000414,2023-09-20,WG,Western Ghats & West Coast,18.57,75.78,1,177.06,27.6,1005.59,97.73,12.78,2081.3,3.28,heavy_rainfall,175.72,27.19,1004.26,91.68,13.48,2171.9,1.3400000000000034,0.41000000000000014,1.330000000000041,6.049999999999997,-0.7000000000000011,1.3400000000000034,0.41000000000000014,1.330000000000041,6.049999999999997,0.7000000000000011,0,0,0,0,0,SW-Monsoon,2.269999999999996,26.599014,7.659999999999968,4.15,62.34,-2.06,3.35,5.28,1,3.28,0,1,0,0,0,0,1,0.1134453781512605,9.086302521008403,1.0998319327731092
FC_0000415,2021-09-21,NE,East & Northeast India,21.89,94.98,1,0.0,24.34,1011.25,72.87,6.15,1176.2,3.77,normal_monsoon,2.3,25.25,1012.02,65.03,5.94,993.1,-2.3,-0.9100000000000001,-0.7699999999999818,7.840000000000003,0.20999999999999996,2.3,0.9100000000000001,0.7699999999999818,7.840000000000003,0.20999999999999996,0,0,0,0,0,SW-Monsoon,27.129999999999995,7.233630000000001,2.0,1.88,0.84,0.45,0.61,0.7,1,3.77,0,0,0,0,0,0,0,0.08396946564885496,4.686832061068703,1.254083969465649
FC_0000416,2023-12-13,NE,East & Northeast India,26.8,85.39,6,17.16,28.47,1013.78,78.23,2.37,360.9,9.89,post_monsoon,5.93,26.97,1009.23,58.25,3.71,849.9,11.23,1.5,4.5499999999999545,19.980000000000004,-1.3399999999999999,11.23,1.5,4.5499999999999545,19.980000000000004,1.3399999999999999,0,0,0,1,1,Post-Monsoon,21.769999999999996,0.855333,-0.5299999999999727,0.8,6.94,0.79,0.82,-0.44,36,1.6483333333333334,0,0,0,0,0,0,0,0.5887096774193549,16.5770564516129,4.45866935483871
FC_0000417,2023-10-01,CI,Central India,19.07,80.36,7,32.1,27.24,1013.22,37.34,6.02,1642.6,13.14,post_monsoon,3.71,24.25,1011.99,54.97,4.12,899.6,28.39,2.9899999999999984,1.2300000000000182,-17.629999999999995,1.8999999999999995,28.39,2.9899999999999984,1.2300000000000182,17.629999999999995,1.8999999999999995,1,0,0,0,1,Post-Monsoon,62.66,9.888452,0.029999999999972715,1.72,11.88,-0.29,0.33,0.07,49,1.8771428571428572,0,0,0,0,0,0,0,0.7537878787878788,21.91992424242424,4.943787878787879
FC_0000418,2021-01-05,NW,Northwest India,32.61,75.47,5,2.24,31.18,1015.04,28.12,4.62,488.1,11.36,fair_weather,4.16,31.38,1011.02,53.68,5.92,745.8,-1.92,-0.1999999999999993,4.019999999999982,-25.56,-1.2999999999999998,1.92,0.1999999999999993,4.019999999999982,25.56,1.2999999999999998,0,0,0,1,1,Winter,71.88,2.255022,-1.7899999999999636,1.57,1.6,0.79,-0.48,2.0,25,2.272,0,0,0,0,0,0,0,0.5403225806451613,11.756008064516129,3.5735887096774195
FC_0000419,2024-02-01,CI,Central India,23.76,80.6,8,86.4,10.15,1015.73,80.29,3.29,419.9,23.53,fair_weather,1.65,30.21,1010.38,51.07,3.47,647.9,84.75,-20.060000000000002,5.350000000000023,29.220000000000006,-0.18000000000000016,84.75,20.060000000000002,5.350000000000023,29.220000000000006,0.18000000000000016,1,1,0,1,1,Winter,19.709999999999994,1.381471,-2.480000000000018,1.38,31.5,-0.25,-1.23,-1.83,64,2.94125,0,0,0,0,0,0,0,0.7795918367346939,22.1525306122449,5.795224489795918
FC_0000420,2024-05-04,SP,Southern Peninsula,14.13,78.16,9,10.09,28.86,1012.33,67.13,3.05,567.5,13.08,pre_monsoon,3.7,32.48,1010.91,65.98,7.92,670.6,6.39,-3.6199999999999974,1.4200000000000728,1.1499999999999915,-4.87,6.39,3.6199999999999974,1.4200000000000728,1.1499999999999915,4.87,0,1,0,0,1,Pre-Monsoon,32.870000000000005,1.730875,0.9199999999999591,1.03,3.54,-0.55,-1.27,0.8,81,1.4533333333333334,0,0,0,0,0,0,0,0.8717948717948718,33.72879120879121,7.428937728937728
FC_0000421,2023-02-13,NW,Northwest India,27.39,77.12,4,0.21,34.46,1008.2,76.61,6.11,705.5,17.9,fair_weather,20.75,27.69,1009.86,67.66,5.22,504.9,-20.54,6.77,-1.6599999999999682,8.950000000000003,0.8900000000000006,20.54,6.77,1.6599999999999682,8.950000000000003,0.8900000000000006,0,1,0,0,1,Winter,23.39,4.310605000000001,5.0499999999999545,2.59,2.55,0.09,-0.57,-0.37,16,4.475,0,0,0,0,0,0,0,0.508833922261484,12.866643109540636,2.8804593639575975
FC_0000422,2023-05-27,NE,East & Northeast India,21.15,89.4,1,9.99,33.36,1012.82,37.49,4.99,880.2,3.3,pre_monsoon,7.47,32.3,1013.77,44.06,6.52,876.4,2.5200000000000005,1.0600000000000023,-0.9499999999999318,-6.57,-1.5299999999999994,2.5200000000000005,1.0600000000000023,0.9499999999999318,6.57,1.5299999999999994,0,0,0,0,0,Pre-Monsoon,62.51,4.3921980000000005,0.42999999999995,1.39,3.78,-1.28,1.42,-1.41,1,3.3,0,0,0,0,0,0,0,0.08396946564885496,4.686832061068703,1.254083969465649
FC_0000423,2023-09-19,NW,Northwest India,33.48,72.27,6,0.2,27.59,1008.12,51.15,4.35,50.0,10.05,normal_monsoon,0.92,27.32,1009.73,61.62,6.39,405.3,-0.72,0.2699999999999996,-1.6100000000000136,-10.469999999999999,-2.04,0.72,0.2699999999999996,1.6100000000000136,10.469999999999999,2.04,0,0,0,0,0,SW-Monsoon,48.85,0.21749999999999997,5.1299999999999955,2.21,1.91,0.61,1.52,5.77,36,1.675,0,0,0,0,0,0,0,0.6025641025641025,14.582179487179488,3.756153846153846
FC_0000424,2023-06-03,WG,Western Ghats & West Coast,8.3,72.8,1,85.38,24.39,1005.28,89.02,19.89,3600.7,4.17,heavy_rainfall,78.18,26.22,1004.29,90.41,17.85,3567.0,7.199999999999989,-1.8299999999999983,0.9900000000000091,-1.3900000000000006,2.039999999999999,7.199999999999989,1.8299999999999983,0.9900000000000091,1.3900000000000006,2.039999999999999,0,0,0,0,0,SW-Monsoon,10.980000000000004,71.61792299999999,7.970000000000027,5.7,30.24,-0.45,-0.18,3.74,1,4.17,0,1,0,0,0,0,1,0.1134453781512605,9.086302521008403,1.0998319327731092
FC_0000425,2024-10-05,EC,Bay of Bengal & East Coast,18.14,88.68,2,283.06,28.1,991.15,98.96,13.29,3389.0,16.7,cyclone,157.25,28.79,972.62,96.11,33.07,3765.9,125.81,-0.6899999999999977,18.529999999999973,2.8499999999999943,-19.78,125.81,0.6899999999999977,18.529999999999973,2.8499999999999943,19.78,1,0,1,1,1,Post-Monsoon,1.0400000000000063,45.039809999999996,22.100000000000023,6.61,102.8,-0.13,-9.42,-5.9,4,8.35,0,0,1,0,0,0,1,0.2558139534883721,13.920542635658915,1.4067054263565892
FC_0000426,2021-02-16,NW,Northwest India,31.17,73.07,4,11.48,14.27,1003.71,93.73,11.04,903.9,22.07,western_disturbance,38.25,8.44,1004.11,89.4,10.09,1036.4,-26.77,5.83,-0.39999999999997726,4.329999999999998,0.9499999999999993,26.77,5.83,0.39999999999997726,4.329999999999998,0.9499999999999993,1,1,0,0,1,Winter,6.269999999999996,9.979055999999998,9.539999999999964,3.99,6.93,-0.19,0.75,5.91,16,5.5175,0,0,0,0,1,0,1,0.508833922261484,12.866643109540636,2.8804593639575975
FC_0000427,2023-05-17,SP,Southern Peninsula,10.55,76.41,4,12.91,29.4,1011.16,57.24,2.55,366.8,7.77,pre_monsoon,1.03,31.76,1007.79,53.38,5.52,781.3,11.88,-2.360000000000003,3.3700000000000045,3.8599999999999994,-2.9699999999999998,11.88,2.360000000000003,3.3700000000000045,3.8599999999999994,2.9699999999999998,0,0,0,0,0,Pre-Monsoon,42.76,0.93534,2.090000000000032,0.98,6.24,-2.1,-0.12,1.93,16,1.9425,0,0,0,0,0,0,0,0.37593984962406013,15.084887218045113,2.2651503759398497
FC_0000428,2023-04-03,EC,Bay of Bengal & East Coast,11.23,82.46,6,0.0,30.86,1011.93,51.81,6.39,375.3,10.11,pre_monsoon,5.29,26.24,1012.62,64.5,3.15,834.0,-5.29,4.620000000000001,-0.6900000000000546,-12.689999999999998,3.2399999999999998,5.29,4.620000000000001,0.6900000000000546,12.689999999999998,3.2399999999999998,0,1,0,0,1,Pre-Monsoon,48.19,2.398167,1.32000000000005,1.97,0.89,0.22,-1.24,-3.03,36,1.6849999999999998,0,0,0,0,0,0,0,0.6809338521400778,24.520038910505836,3.678326848249027
FC_0000429,2023-07-25,WG,Western Ghats & West Coast,13.39,73.39,8,52.84,26.69,1009.45,85.89,1.78,2783.0,37.78,heavy_rainfall,137.4,27.56,1003.32,96.2,12.41,3750.7,-84.56,-0.8699999999999974,6.1299999999999955,-10.310000000000002,-10.63,84.56,0.8699999999999974,6.1299999999999955,10.310000000000002,10.63,1,0,1,1,1,SW-Monsoon,14.11,4.95374,3.7999999999999545,1.13,18.66,-0.89,0.3,-8.6,64,4.7225,0,1,0,0,0,0,1,0.7743362831858407,29.086371681415926,6.164911504424778
FC_0000430,2022-10-18,SP,Southern Peninsula,8.7,78.95,3,3.48,32.81,1010.98,46.87,3.79,810.7,6.88,post_monsoon,8.06,30.87,1010.14,47.94,6.91,493.1,-4.58,1.9400000000000013,0.8400000000000318,-1.0700000000000003,-3.12,4.58,1.9400000000000013,0.8400000000000318,1.0700000000000003,3.12,0,0,0,0,0,Post-Monsoon,53.13,3.0725530000000005,2.269999999999982,1.46,2.8,-1.13,-2.73,-1.66,9,2.2933333333333334,0,0,0,0,0,0,0,0.20179372197309417,7.918385650224215,2.001883408071749
FC_0000431,2021-09-26,EC,Bay of Bengal & East Coast,20.84,88.43,6,0.0,31.7,1004.06,74.64,14.86,1166.9,21.46,normal_monsoon,2.86,27.36,1007.82,61.51,7.91,728.6,-2.86,4.34,-3.7600000000001046,13.130000000000003,6.949999999999999,2.86,4.34,3.7600000000001046,13.130000000000003,6.949999999999999,0,1,1,0,1,SW-Monsoon,25.36,17.340134000000003,9.190000000000055,5.07,1.11,0.42,2.14,-0.02,36,3.5766666666666667,0,0,0,0,0,0,0,0.6809338521400778,24.520038910505836,3.678326848249027
FC_0000432,2022-01-05,WG,Western Ghats & West Coast,15.42,72.74,3,15.67,32.78,1008.8,59.83,4.77,1487.0,16.35,fair_weather,2.8,27.49,1008.05,49.89,7.38,1153.3,12.870000000000001,5.290000000000003,0.75,9.939999999999998,-2.6100000000000003,12.870000000000001,5.290000000000003,0.75,9.939999999999998,2.6100000000000003,0,1,0,0,1,Winter,40.17,7.0929899999999995,4.4500000000000455,2.04,6.82,2.0,-1.47,4.1,9,5.45,0,0,0,0,0,0,0,0.32926829268292684,13.52512195121951,2.1642276422764226
FC_0000433,2022-09-28,EC,Bay of Bengal & East Coast,19.15,80.99,2,31.29,31.21,991.58,99.81,23.27,3664.2,4.47,monsoon_depression,34.86,30.13,994.08,92.14,21.3,3361.1,-3.5700000000000003,1.0800000000000018,-2.5,7.670000000000002,1.9699999999999989,3.5700000000000003,1.0800000000000018,2.5,7.670000000000002,1.9699999999999989,0,0,0,0,0,SW-Monsoon,0.18999999999999773,85.26593399999999,21.66999999999996,8.55,12.62,0.43,-4.83,-1.63,4,2.235,1,0,0,0,0,0,1,0.2558139534883721,13.920542635658915,1.4067054263565892
FC_0000434,2024-02-04,EC,Bay of Bengal & East Coast,18.37,87.01,4,5.21,25.72,1011.12,87.19,0.5,1504.2,7.22,fair_weather,2.03,26.82,1006.88,61.4,4.37,1168.2,3.18,-1.1000000000000014,4.240000000000009,25.79,-3.87,3.18,1.1000000000000014,4.240000000000009,25.79,3.87,0,0,0,1,1,Winter,12.810000000000002,0.7521,2.1299999999999955,0.54,2.74,0.46,2.04,0.04,16,1.805,0,0,0,0,0,0,0,0.5057034220532319,21.50577946768061,2.6715589353612166
FC_0000435,2022-10-19,CI,Central India,23.81,83.52,4,27.75,21.51,1014.6,69.42,5.7,1708.6,11.52,post_monsoon,19.99,22.51,1010.46,61.23,5.92,977.4,7.760000000000002,-1.0,4.139999999999986,8.190000000000005,-0.21999999999999975,7.760000000000002,1.0,4.139999999999986,8.190000000000005,0.21999999999999975,0,0,0,1,1,Post-Monsoon,30.58,9.73902,-1.3500000000000227,1.92,10.69,2.07,0.38,-1.64,16,2.88,0,0,0,0,0,0,0,0.37890625,10.3326171875,2.6153125
FC_0000436,2021-04-30,SP,Southern Peninsula,13.91,78.81,2,0.0,17.6,1012.08,68.05,6.83,1419.4,16.62,pre_monsoon,13.13,23.0,1013.12,69.76,5.43,928.0,-13.13,-5.399999999999999,-1.0399999999999636,-1.710000000000008,1.4000000000000004,13.13,5.399999999999999,1.0399999999999636,1.710000000000008,1.4000000000000004,0,1,0,0,1,Pre-Monsoon,31.950000000000003,9.694502,1.169999999999959,2.01,0.31,0.89,-0.25,3.32,4,8.31,0,0,0,0,0,0,0,0.12658227848101267,6.515105485232067,1.4548523206751058
FC_0000437,2023-04-11,SP,Southern Peninsula,10.09,80.09,3,0.0,24.19,1008.5,38.44,2.17,1085.6,6.35,pre_monsoon,0.84,27.03,1008.72,49.74,3.83,517.2,-0.84,-2.84,-0.22000000000002728,-11.300000000000004,-1.6600000000000001,0.84,2.84,0.22000000000002728,11.300000000000004,1.6600000000000001,0,0,0,0,0,Pre-Monsoon,61.56,2.355752,4.75,1.53,0.28,0.16,-0.42,2.67,9,2.1166666666666667,0,0,0,0,0,0,0,0.20179372197309417,7.918385650224215,2.001883408071749
FC_0000438,2023-12-18,NW,Northwest India,26.33,77.05,9,0.0,28.64,1009.0,70.65,4.42,1585.6,12.98,post_monsoon,3.29,27.48,1008.96,71.74,6.89,302.3,-3.29,1.1600000000000001,0.03999999999996362,-1.0899999999999892,-2.4699999999999998,3.29,1.1600000000000001,0.03999999999996362,1.0899999999999892,2.4699999999999998,0,0,0,0,0,Post-Monsoon,29.349999999999994,7.0083519999999995,4.25,2.06,0.14,0.64,-1.4,1.95,81,1.4422222222222223,0,0,0,0,0,0,0,0.7936507936507936,22.855674603174602,6.38031746031746
FC_0000439,2024-10-01,SP,Southern Peninsula,10.5,75.72,10,0.0,28.02,1001.34,30.65,11.65,379.8,14.68,post_monsoon,7.22,28.27,1006.48,43.99,4.39,852.5,-7.22,-0.25,-5.139999999999986,-13.340000000000003,7.260000000000001,7.22,0.25,5.139999999999986,13.340000000000003,7.260000000000001,0,0,1,1,1,Post-Monsoon,69.35,4.42467,11.909999999999968,4.8,1.15,-1.33,1.14,-0.63,100,1.468,0,0,0,0,0,0,0,0.8880597014925373,40.953582089552235,6.767388059701492
FC_0000440,2023-01-11,SP,Southern Peninsula,14.61,75.01,9,290.52,35.06,1010.7,100.0,8.39,1144.7,23.73,fair_weather,3.99,32.15,1014.84,72.79,6.19,712.2,286.53,2.9100000000000037,-4.139999999999986,27.209999999999994,2.2,286.53,2.9100000000000037,4.139999999999986,27.209999999999994,2.2,1,0,0,1,1,Winter,0.0,9.604033000000001,2.5499999999999545,2.4,102.03,1.04,-1.06,0.85,81,2.6366666666666667,0,0,0,0,0,0,0,0.8717948717948718,33.72879120879121,7.428937728937728
FC_0000441,2021-04-27,EC,Bay of Bengal & East Coast,20.15,82.36,10,42.56,31.29,1009.76,67.92,7.89,650.2,16.16,pre_monsoon,9.4,29.5,1014.49,66.37,4.96,744.0,33.160000000000004,1.7899999999999991,-4.730000000000018,1.5499999999999972,2.9299999999999997,33.160000000000004,1.7899999999999991,4.730000000000018,1.5499999999999972,2.9299999999999997,1,0,0,1,1,Pre-Monsoon,32.08,5.130078,3.490000000000009,2.41,16.16,0.42,0.49,-0.71,100,1.616,0,0,0,0,0,0,0,0.9230769230769231,37.378597285067876,6.533212669683258
FC_0000442,2023-03-02,NE,East & Northeast India,28.52,93.3,7,0.0,21.37,1010.16,64.49,11.74,50.0,12.36,fair_weather,0.17,22.52,1008.53,68.21,4.6,405.2,-0.17,-1.1499999999999986,1.6299999999999955,-3.719999999999999,7.140000000000001,0.17,1.1499999999999986,1.6299999999999955,3.719999999999999,7.140000000000001,0,0,1,0,1,Pre-Monsoon,35.510000000000005,0.587,3.090000000000032,3.31,1.64,-0.16,2.34,-8.68,49,1.7657142857142856,0,0,0,0,0,0,0,0.777292576419214,16.60921397379913,5.613624454148471
FC_0000443,2024-02-25,CI,Central India,23.33,77.65,2,0.0,24.49,1012.98,74.71,6.31,875.4,9.4,fair_weather,2.19,25.92,1014.9,74.0,6.68,1046.0,-2.19,-1.4300000000000033,-1.919999999999959,0.7099999999999937,-0.3700000000000001,2.19,1.4300000000000033,1.919999999999959,0.7099999999999937,0.3700000000000001,0,0,0,0,0,Winter,25.290000000000006,5.5237739999999995,0.2699999999999818,1.72,1.05,2.11,1.28,3.2,4,4.7,0,0,0,0,0,0,0,0.2196078431372549,7.970745098039216,2.0045098039215685
FC_0000444,2024-11-17,NW,Northwest India,24.77,76.3,5,7.31,26.58,1021.02,65.73,10.31,263.3,8.52,post_monsoon,4.63,24.79,1014.99,51.31,7.93,469.4,2.6799999999999997,1.7899999999999991,6.029999999999973,14.420000000000002,2.380000000000001,2.6799999999999997,1.7899999999999991,6.029999999999973,14.420000000000002,2.380000000000001,0,0,0,1,1,Post-Monsoon,34.269999999999996,2.714623,-7.769999999999982,3.83,4.61,1.26,0.17,1.44,25,1.704,0,0,0,0,0,0,0,0.5403225806451613,11.756008064516129,3.5735887096774195
FC_0000445,2023-10-10,CI,Central India,19.37,77.72,8,0.0,26.21,1015.26,47.34,2.13,393.1,12.77,post_monsoon,9.14,28.82,1011.34,50.81,7.07,481.6,-9.14,-2.6099999999999994,3.919999999999959,-3.469999999999999,-4.94,9.14,2.6099999999999994,3.919999999999959,3.469999999999999,4.94,0,0,0,0,0,Post-Monsoon,52.66,0.837303,-2.009999999999991,0.96,0.31,2.27,-1.53,-0.42,64,1.59625,0,0,0,0,0,0,0,0.7795918367346939,22.1525306122449,5.795224489795918
FC_0000446,2023-12-18,NW,Northwest India,31.8,72.82,1,1.36,25.74,1015.07,50.05,5.23,1054.5,3.62,post_monsoon,1.97,26.73,1010.46,53.56,3.9,967.7,-0.6099999999999999,-0.990000000000002,4.610000000000014,-3.510000000000005,1.3300000000000005,0.6099999999999999,0.990000000000002,4.610000000000014,3.510000000000005,1.3300000000000005,0,0,0,1,1,Post-Monsoon,49.95,5.515035000000001,-1.82000000000005,1.82,1.13,0.47,2.3,2.84,1,3.62,0,0,0,0,0,0,0,0.15873015873015872,5.933611111111111,1.5877777777777777
FC_0000447,2022-09-26,WG,Western Ghats & West Coast,10.38,73.13,1,210.48,23.65,1004.28,100.0,20.78,2138.8,5.83,heavy_rainfall,209.57,24.88,1005.09,94.29,19.71,2049.8,0.9099999999999966,-1.2300000000000004,-0.8100000000000591,5.709999999999994,1.0700000000000003,0.9099999999999966,1.2300000000000004,0.8100000000000591,5.709999999999994,1.0700000000000003,0,0,0,0,0,SW-Monsoon,0.0,44.444264000000004,8.970000000000027,6.05,74.45,-0.07,-1.64,-2.88,1,5.83,0,1,0,0,0,0,1,0.1134453781512605,9.086302521008403,1.0998319327731092
FC_0000448,2022-05-28,EC,Bay of Bengal & East Coast,12.36,87.77,6,197.64,28.04,985.07,94.56,44.11,4471.8,13.59,cyclone,179.44,29.16,979.05,92.96,40.27,3689.1,18.19999999999999,-1.120000000000001,6.0200000000000955,1.6000000000000085,3.8399999999999963,18.19999999999999,1.120000000000001,6.0200000000000955,1.6000000000000085,3.8399999999999963,0,0,0,1,1,Pre-Monsoon,5.439999999999998,197.25109799999998,28.17999999999995,14.19,69.65,1.55,-11.8,4.93,36,2.265,0,0,1,0,0,0,1,0.6809338521400778,24.520038910505836,3.678326848249027
FC_0000449,2023-03-13,SP,Southern Peninsula,8.25,80.37,7,38.62,30.82,1007.27,36.57,3.36,1075.0,11.98,fair_weather,12.71,23.64,1010.81,43.12,4.96,494.9,25.909999999999997,7.18,-3.5399999999999636,-6.549999999999997,-1.6,25.909999999999997,7.18,3.5399999999999636,6.549999999999997,1.6,1,1,0,0,1,Pre-Monsoon,63.43,3.612,5.980000000000018,2.02,13.54,0.38,0.67,5.27,49,1.7114285714285715,0,0,0,0,0,0,0,0.690677966101695,21.64720338983051,4.4192372881355935
FC_0000450,2024-01-25,SP,Southern Peninsula,9.59,75.61,7,106.1,20.26,1015.46,65.85,7.81,736.8,29.42,fair_weather,17.55,23.85,1012.07,50.56,6.39,1022.7,88.55,-3.59,3.3899999999999864,15.289999999999992,1.42,88.55,3.59,3.3899999999999864,15.289999999999992,1.42,1,1,0,0,1,Winter,34.150000000000006,5.754408,-2.2100000000000364,2.43,39.97,-0.27,-0.38,-0.97,49,4.202857142857143,0,0,0,0,0,0,0,0.690677966101695,21.64720338983051,4.4192372881355935
FC_0000451,2024-02-16,NE,East & Northeast India,25.9,85.96,3,33.29,24.63,1014.37,81.95,6.39,188.0,6.09,fair_weather,25.12,25.49,1013.93,67.9,6.58,334.9,8.169999999999998,-0.8599999999999994,0.44000000000005457,14.049999999999997,-0.1900000000000004,8.169999999999998,0.8599999999999994,0.44000000000005457,14.049999999999997,0.1900000000000004,0,0,0,0,0,Winter,18.049999999999997,1.20132,-1.1200000000000045,1.88,13.63,-0.21,0.52,-7.78,9,2.03,0,0,0,0,0,0,0,0.25190839694656486,7.7308778625954195,2.112251908396947
FC_0000452,2022-07-14,CI,Central India,22.82,82.51,10,0.0,18.68,1014.43,76.02,4.94,949.4,14.01,normal_monsoon,1.08,22.25,1014.25,47.61,6.51,1181.9,-1.08,-3.5700000000000003,0.17999999999994998,28.409999999999997,-1.5699999999999994,1.08,3.5700000000000003,0.17999999999994998,28.409999999999997,1.5699999999999994,0,1,0,0,1,SW-Monsoon,23.980000000000004,4.690036,-1.17999999999995,1.71,0.98,0.62,-2.36,1.42,100,1.401,0,0,0,0,0,0,0,0.8715953307392996,29.820038910505836,6.153385214007782
FC_0000453,2022-05-03,CI,Central India,18.38,82.0,4,0.0,35.2,1014.48,76.12,8.66,548.9,15.12,pre_monsoon,3.07,32.31,1012.13,66.58,5.75,770.7,-3.07,2.8900000000000006,2.3500000000000227,9.540000000000006,2.91,3.07,2.8900000000000006,2.3500000000000227,9.540000000000006,2.91,0,0,0,0,0,Pre-Monsoon,23.879999999999995,4.753474,-1.2300000000000182,2.57,0.34,0.43,0.03,5.98,16,3.78,0,0,0,0,0,0,0,0.37890625,10.3326171875,2.6153125
FC_0000454,2024-06-14,CI,Central India,21.16,75.59,9,19.67,22.88,1005.33,43.48,0.5,989.2,17.02,normal_monsoon,6.76,24.46,1008.64,50.8,4.33,359.2,12.910000000000002,-1.5800000000000018,-3.3099999999999454,-7.32,-3.83,12.910000000000002,1.5800000000000018,3.3099999999999454,7.32,3.83,0,0,0,0,0,SW-Monsoon,56.52,0.49460000000000004,7.919999999999959,1.41,7.75,-2.75,-0.4,2.13,81,1.891111111111111,0,0,0,0,0,0,0,0.8769230769230769,22.42480769230769,6.476230769230769
FC_0000455,2023-06-16,SP,Southern Peninsula,9.41,80.05,10,0.0,34.09,1023.61,68.58,10.82,1110.3,28.42,normal_monsoon,11.93,31.28,1012.51,72.47,6.16,875.7,-11.93,2.8100000000000023,11.100000000000023,-3.8900000000000006,4.66,11.93,2.8100000000000023,11.100000000000023,3.8900000000000006,4.66,0,0,0,1,1,SW-Monsoon,31.42,12.013446,-10.360000000000014,4.11,0.09,0.11,3.51,-4.34,100,2.842,0,0,0,0,0,0,0,0.8880597014925373,40.953582089552235,6.767388059701492
FC_0000456,2024-07-19,CI,Central India,18.88,82.67,4,0.0,30.32,1010.78,78.13,4.49,165.8,7.65,normal_monsoon,1.4,31.76,1009.92,64.64,4.34,505.8,-1.4,-1.4400000000000013,0.8600000000000136,13.489999999999995,0.15000000000000036,1.4,1.4400000000000013,0.8600000000000136,13.489999999999995,0.15000000000000036,0,0,0,0,0,SW-Monsoon,21.870000000000005,0.7444420000000002,2.4700000000000273,1.83,1.69,0.19,1.23,-3.68,16,1.9125,0,0,0,0,0,0,0,0.37890625,10.3326171875,2.6153125
FC_0000457,2024-04-27,EC,Bay of Bengal & East Coast,16.99,80.35,5,57.64,29.04,1011.12,55.98,4.49,670.5,9.85,pre_monsoon,33.14,31.88,1009.48,48.28,5.02,573.5,24.5,-2.84,1.6399999999999864,7.699999999999996,-0.5299999999999994,24.5,2.84,1.6399999999999864,7.699999999999996,0.5299999999999994,0,0,0,0,0,Pre-Monsoon,44.02,3.010545,2.1299999999999955,1.59,20.76,1.51,1.85,0.85,25,1.97,0,0,0,0,0,0,0,0.5407725321888412,24.05197424892704,2.9729613733905578
FC_0000458,2022-12-05,NW,Northwest India,30.04,76.17,6,6.39,27.03,1008.28,66.92,2.77,718.3,9.24,post_monsoon,13.87,31.04,1009.52,60.99,3.39,716.0,-7.4799999999999995,-4.009999999999998,-1.240000000000009,5.93,-0.6200000000000001,7.4799999999999995,4.009999999999998,1.240000000000009,5.93,0.6200000000000001,0,1,0,0,1,Post-Monsoon,33.08,1.9896909999999999,4.970000000000027,1.76,2.77,0.17,-1.36,7.19,36,1.54,0,0,0,0,0,0,0,0.6025641025641025,14.582179487179488,3.756153846153846
FC_0000459,2022-08-04,SP,Southern Peninsula,13.81,77.69,7,25.64,23.67,1003.79,90.79,11.55,3490.1,11.73,active_break_monsoon,13.34,28.04,1003.23,81.95,11.04,2499.4,12.3,-4.369999999999997,0.5599999999999454,8.840000000000003,0.5100000000000016,12.3,4.369999999999997,0.5599999999999454,8.840000000000003,0.5100000000000016,0,1,0,0,1,SW-Monsoon,9.209999999999994,40.310655,9.460000000000036,4.23,11.79,0.48,-0.87,3.73,49,1.6757142857142857,0,0,0,0,0,1,0,0.690677966101695,21.64720338983051,4.4192372881355935
FC_0000460,2023-03-01,EC,Bay of Bengal & East Coast,20.46,81.08,5,11.83,32.02,1012.67,55.8,4.48,308.4,11.95,fair_weather,1.11,32.32,1010.62,46.84,5.27,705.1,10.72,-0.29999999999999716,2.0499999999999545,8.959999999999994,-0.7899999999999991,10.72,0.29999999999999716,2.0499999999999545,8.959999999999994,0.7899999999999991,0,0,0,0,0,Pre-Monsoon,44.2,1.381632,0.5800000000000409,1.53,5.56,1.48,-1.71,1.35,25,2.3899999999999997,0,0,0,0,0,0,0,0.5407725321888412,24.05197424892704,2.9729613733905578
FC_0000461,2023-05-11,WG,Western Ghats & West Coast,18.92,76.31,7,31.22,28.63,1016.71,95.2,4.92,409.2,10.42,pre_monsoon,22.41,30.09,1011.66,68.56,5.02,365.5,8.809999999999999,-1.4600000000000009,5.050000000000068,26.64,-0.09999999999999964,8.809999999999999,1.4600000000000009,5.050000000000068,26.64,0.09999999999999964,0,0,0,1,1,Pre-Monsoon,4.799999999999997,2.013264,-3.4600000000000364,1.92,11.96,-1.4,2.41,0.01,49,1.4885714285714287,0,0,0,0,0,0,0,0.7466666666666667,29.23102222222222,4.842444444444444
FC_0000462,2021-09-04,EC,Bay of Bengal & East Coast,18.79,87.36,2,0.0,27.41,1006.54,44.89,0.81,775.3,7.0,normal_monsoon,14.06,27.66,1008.16,49.2,3.52,1197.1,-14.06,-0.25,-1.6200000000000045,-4.310000000000002,-2.71,14.06,0.25,1.6200000000000045,4.310000000000002,2.71,0,0,0,0,0,SW-Monsoon,55.11,0.627993,6.710000000000036,1.54,1.29,-0.48,-1.13,-1.71,4,3.5,0,0,0,0,0,0,0,0.2558139534883721,13.920542635658915,1.4067054263565892
FC_0000463,2024-01-05,EC,Bay of Bengal & East Coast,16.98,86.08,7,0.0,25.56,1019.38,75.48,6.31,1084.3,10.61,fair_weather,2.13,26.56,1014.34,68.39,7.38,1155.4,-2.13,-1.0,5.039999999999964,7.090000000000003,-1.0700000000000003,2.13,1.0,5.039999999999964,7.090000000000003,1.0700000000000003,0,0,0,1,1,Winter,24.519999999999996,6.841932999999999,-6.1299999999999955,2.53,0.19,0.64,-0.47,0.68,49,1.5157142857142856,0,0,0,0,0,0,0,0.7536231884057971,31.278079710144926,4.301775362318841
FC_0000464,2021-06-03,WG,Western Ghats & West Coast,14.73,74.1,5,27.52,32.55,1008.19,47.46,5.48,721.8,10.09,normal_monsoon,25.47,31.42,1011.75,48.43,3.84,842.0,2.0500000000000007,1.1299999999999955,-3.5599999999999454,-0.9699999999999989,1.6400000000000006,2.0500000000000007,1.1299999999999955,3.5599999999999454,0.9699999999999989,1.6400000000000006,0,0,0,0,0,SW-Monsoon,52.54,3.955464,5.059999999999945,2.43,10.09,-0.37,-0.21,-3.96,25,2.018,0,0,0,0,0,0,0,0.47297297297297297,15.318648648648647,2.9495045045045045
FC_0000465,2024-12-29,EC,Bay of Bengal & East Coast,17.26,82.32,10,3.86,23.02,1021.69,49.95,2.17,898.5,14.82,post_monsoon,0.84,25.95,1013.18,52.24,5.23,850.6,3.02,-2.9299999999999997,8.510000000000105,-2.289999999999999,-3.0600000000000005,3.02,2.9299999999999997,8.510000000000105,2.289999999999999,3.0600000000000005,0,0,0,1,1,Post-Monsoon,50.05,1.9497449999999998,-8.440000000000055,1.95,3.72,0.12,1.15,5.46,100,1.482,0,0,0,0,0,0,0,0.9230769230769231,37.378597285067876,6.533212669683258
FC_0000466,2023-09-24,NW,Northwest India,29.72,70.81,5,41.35,31.7,1015.79,49.2,5.38,698.1,28.04,normal_monsoon,12.07,26.42,1014.84,53.48,3.89,550.3,29.28,5.279999999999998,0.9499999999999318,-4.279999999999994,1.4899999999999998,29.28,5.279999999999998,0.9499999999999318,4.279999999999994,1.4899999999999998,1,1,0,0,1,SW-Monsoon,50.8,3.7557780000000003,-2.5399999999999636,1.97,16.35,-0.15,2.74,-4.26,25,5.608,0,0,0,0,0,0,0,0.5403225806451613,11.756008064516129,3.5735887096774195
FC_0000467,2024-01-15,SP,Southern Peninsula,8.98,76.77,6,0.0,29.79,1013.68,57.73,2.96,183.3,10.87,fair_weather,0.52,29.41,1012.07,58.47,3.23,669.6,-0.52,0.379999999999999,1.6099999999999,-0.740000000000002,-0.27,0.52,0.379999999999999,1.6099999999999,0.740000000000002,0.27,0,0,0,0,0,Winter,42.27,0.5425679999999999,-0.42999999999995,1.19,0.28,2.63,0.06,-1.96,36,1.8116666666666665,0,0,0,0,0,0,0,0.5946969696969697,21.55094696969697,3.8189015151515155
FC_0000468,2022-11-28,NE,East & Northeast India,28.24,89.57,9,0.0,27.29,1016.67,64.11,0.5,369.2,38.3,post_monsoon,0.84,24.54,1014.47,50.19,5.47,850.8,-0.84,2.75,2.199999999999932,13.920000000000002,-4.97,0.84,2.75,2.199999999999932,13.920000000000002,4.97,0,0,0,0,0,Post-Monsoon,35.89,0.1846,-3.419999999999959,0.81,0.33,-0.24,-0.88,3.62,81,4.2555555555555555,0,0,0,0,0,0,0,0.8489795918367347,27.977591836734696,6.6734285714285715
FC_0000469,2024-08-01,WG,Western Ghats & West Coast,16.98,73.29,4,55.29,29.18,1002.12,100.0,17.25,1867.1,9.72,heavy_rainfall,46.23,27.14,1004.36,98.95,15.91,3057.6,9.060000000000002,2.039999999999999,-2.240000000000009,1.0499999999999972,1.3399999999999999,9.060000000000002,2.039999999999999,2.240000000000009,1.0499999999999972,1.3399999999999999,0,0,0,0,0,SW-Monsoon,0.0,32.207474999999995,11.129999999999995,5.7,19.59,1.34,-0.11,0.94,16,2.43,0,1,0,0,0,0,1,0.42084942084942084,15.014478764478765,2.5983397683397684
FC_0000470,2024-05-28,SP,Southern Peninsula,11.4,75.63,5,0.0,29.35,1007.13,37.54,3.93,863.0,9.64,pre_monsoon,1.36,32.63,1006.15,57.24,3.29,353.3,-1.36,-3.280000000000001,0.9800000000000182,-19.700000000000003,0.6400000000000001,1.36,3.280000000000001,0.9800000000000182,19.700000000000003,0.6400000000000001,0,1,0,0,1,Pre-Monsoon,62.46,3.3915900000000003,6.1200000000000045,2.27,0.05,-0.92,0.39,-0.51,25,1.9280000000000002,0,0,0,0,0,0,0,0.5399239543726235,20.9232319391635,3.057984790874525
FC_0000471,2023-12-29,CI,Central India,19.11,80.17,5,4.02,20.63,1011.89,44.33,3.48,605.1,12.17,post_monsoon,5.78,22.36,1011.63,48.95,5.25,677.0,-1.7600000000000007,-1.7300000000000004,0.2599999999999909,-4.6200000000000045,-1.77,1.7600000000000007,1.7300000000000004,0.2599999999999909,4.6200000000000045,1.77,0,0,0,0,0,Post-Monsoon,55.67,2.105748,1.3600000000000136,1.31,2.52,1.39,-0.89,3.88,25,2.434,0,0,0,0,0,0,0,0.5210727969348659,16.352222222222224,3.35264367816092
FC_0000472,2023-12-07,NW,Northwest India,31.9,70.13,3,14.94,27.75,1013.38,54.22,6.4,617.1,6.2,post_monsoon,1.34,27.42,1013.31,50.09,4.63,885.6,13.6,0.3299999999999983,0.07000000000005002,4.1299999999999955,1.7700000000000005,13.6,0.3299999999999983,0.07000000000005002,4.1299999999999955,1.7700000000000005,0,0,0,0,0,Post-Monsoon,45.78,3.9494400000000005,-0.12999999999999545,1.9,9.29,-2.05,1.75,3.19,9,2.066666666666667,0,0,0,0,0,0,0,0.38207547169811323,10.293254716981133,2.4025000000000003
FC_0000473,2023-10-06,NE,East & Northeast India,25.03,95.36,3,13.72,30.67,1011.71,67.01,3.58,1209.7,7.7,post_monsoon,1.37,32.8,1009.22,53.1,5.65,1051.6,12.350000000000001,-2.1299999999999955,2.490000000000009,13.910000000000004,-2.0700000000000003,12.350000000000001,2.1299999999999955,2.490000000000009,13.910000000000004,2.0700000000000003,0,0,0,0,0,Post-Monsoon,32.989999999999995,4.330726,1.5399999999999636,1.23,5.38,-1.3,2.82,1.68,9,2.566666666666667,0,0,0,0,0,0,0,0.25190839694656486,7.7308778625954195,2.112251908396947
FC_0000474,2021-04-04,NW,Northwest India,26.26,68.19,1,0.0,28.78,1010.92,48.14,5.8,892.0,4.67,pre_monsoon,1.38,29.98,1012.41,44.41,3.96,654.4,-1.38,-1.1999999999999993,-1.490000000000009,3.730000000000004,1.8399999999999999,1.38,1.1999999999999993,1.490000000000009,3.730000000000004,1.8399999999999999,0,0,0,0,0,Pre-Monsoon,51.86,5.1735999999999995,2.330000000000041,1.99,1.96,-0.16,-0.34,-3.71,1,4.67,0,0,0,0,0,0,0,0.15873015873015872,5.933611111111111,1.5877777777777777
FC_0000475,2023-08-16,NW,Northwest India,32.48,68.53,4,2.13,24.81,1012.42,53.72,2.38,1277.6,8.41,normal_monsoon,12.23,25.79,1014.97,47.11,6.29,824.2,-10.100000000000001,-0.9800000000000004,-2.550000000000068,6.609999999999999,-3.91,10.100000000000001,0.9800000000000004,2.550000000000068,6.609999999999999,3.91,0,0,0,0,0,SW-Monsoon,46.28,3.040688,0.8300000000000409,1.07,2.11,-1.47,-1.5,3.08,16,2.1025,0,0,0,0,0,0,0,0.508833922261484,12.866643109540636,2.8804593639575975
FC_0000476,2023-10-09,CI,Central India,25.84,80.1,9,5.46,33.61,996.62,64.49,2.51,3197.8,12.94,post_monsoon,7.22,30.46,1008.48,69.43,5.39,1139.6,-1.7599999999999998,3.1499999999999986,-11.860000000000014,-4.940000000000012,-2.88,1.7599999999999998,3.1499999999999986,11.860000000000014,4.940000000000012,2.88,0,1,0,1,1,Post-Monsoon,35.510000000000005,8.026478000000001,16.629999999999995,3.3,3.38,-1.22,-0.45,-3.02,81,1.4377777777777778,0,0,0,0,0,0,0,0.8769230769230769,22.42480769230769,6.476230769230769
FC_0000477,2022-03-29,NE,East & Northeast India,25.0,90.16,2,0.0,27.48,1015.05,67.31,8.92,657.1,12.99,fair_weather,2.06,28.16,1014.07,68.92,7.73,1104.2,-2.06,-0.6799999999999997,0.9799999999999045,-1.6099999999999994,1.1899999999999995,2.06,0.6799999999999997,0.9799999999999045,1.6099999999999994,1.1899999999999995,0,0,0,0,0,Pre-Monsoon,32.69,5.861332,-1.7999999999999545,2.41,0.18,-1.33,1.21,4.01,4,6.495,0,0,0,0,0,0,0,0.1797752808988764,6.552209737827716,1.8855430711610486
FC_0000478,2024-05-12,NW,Northwest India,31.45,68.91,10,0.0,26.56,1009.15,24.95,6.49,1879.1,15.96,pre_monsoon,10.13,24.7,1011.35,54.12,3.04,927.9,-10.13,1.8599999999999994,-2.2000000000000455,-29.169999999999998,3.45,10.13,1.8599999999999994,2.2000000000000455,29.169999999999998,3.45,0,0,0,0,0,Pre-Monsoon,75.05,12.195359,4.100000000000023,2.52,0.75,-1.45,-3.09,2.96,100,1.596,0,0,0,0,0,0,0,0.8470588235294118,25.773882352941175,6.877843137254902
FC_0000479,2023-07-01,CI,Central India,25.44,80.26,4,38.54,29.08,1001.86,91.41,10.55,2361.6,15.43,monsoon_depression,50.54,30.27,991.11,85.75,19.91,2607.5,-12.0,-1.1900000000000013,10.75,5.659999999999997,-9.36,12.0,1.1900000000000013,10.75,5.659999999999997,9.36,0,0,1,1,1,SW-Monsoon,8.590000000000003,24.91488,11.389999999999986,4.3,14.09,-1.73,-7.36,-1.0,16,3.8575,1,0,0,0,0,0,1,0.37890625,10.3326171875,2.6153125
FC_0000480,2021-08-06,WG,Western Ghats & West Coast,10.21,75.03,9,18.02,23.32,1011.34,88.67,0.5,50.0,15.25,normal_monsoon,4.98,27.47,1012.92,58.79,5.63,733.1,13.04,-4.149999999999999,-1.5799999999999272,29.880000000000003,-5.13,13.04,4.149999999999999,1.5799999999999272,29.880000000000003,5.13,0,1,0,0,1,SW-Monsoon,11.329999999999998,0.025,1.9099999999999682,0.51,9.01,2.49,1.22,0.63,81,1.6944444444444444,0,0,0,0,0,0,0,0.8592592592592593,29.854703703703706,6.722148148148149
FC_0000481,2022-04-19,CI,Central India,19.07,74.18,9,19.93,22.04,1002.48,88.72,1.07,844.8,13.52,pre_monsoon,5.85,26.7,1006.22,65.31,4.57,635.4,14.08,-4.66,-3.740000000000009,23.409999999999997,-3.5,14.08,4.66,3.740000000000009,23.409999999999997,3.5,0,1,0,0,1,Pre-Monsoon,11.280000000000001,0.9039360000000001,10.769999999999982,2.29,8.02,-0.75,0.84,3.09,81,1.5022222222222221,0,0,0,0,0,0,0,0.8769230769230769,22.42480769230769,6.476230769230769
FC_0000482,2022-03-08,EC,Bay of Bengal & East Coast,17.94,85.84,8,39.02,32.11,1009.27,62.89,1.67,209.0,11.66,fair_weather,1.71,28.76,1011.93,44.47,6.25,945.5,37.31,3.349999999999998,-2.659999999999968,18.42,-4.58,37.31,3.349999999999998,2.659999999999968,18.42,4.58,1,1,0,0,1,Pre-Monsoon,37.11,0.34902999999999995,3.980000000000018,1.4,15.0,0.93,0.96,0.85,64,1.4575,0,0,0,0,0,0,0,0.7910447761194029,29.504365671641793,4.961007462686567
FC_0000483,2021-12-07,SP,Southern Peninsula,12.67,76.01,2,6.11,27.78,1009.65,72.33,4.32,176.8,6.1,post_monsoon,8.93,29.7,1010.65,70.27,4.17,645.0,-2.8199999999999994,-1.9199999999999982,-1.0,2.0600000000000023,0.15000000000000036,2.8199999999999994,1.9199999999999982,1.0,2.0600000000000023,0.15000000000000036,0,0,0,0,0,Post-Monsoon,27.67,0.7637760000000001,3.6000000000000227,1.71,3.86,-0.68,-1.15,4.54,4,3.05,0,0,0,0,0,0,0,0.12658227848101267,6.515105485232067,1.4548523206751058
FC_0000484,2022-07-05,CI,Central India,22.83,74.57,3,120.17,31.98,995.02,99.53,16.88,2173.7,8.54,monsoon_depression,113.58,30.78,989.1,97.36,15.51,2088.7,6.590000000000003,1.1999999999999993,5.919999999999959,2.1700000000000017,1.3699999999999992,6.590000000000003,1.1999999999999993,5.919999999999959,2.1700000000000017,1.3699999999999992,0,0,0,1,1,SW-Monsoon,0.46999999999999886,36.692055999999994,18.230000000000018,6.92,47.36,0.84,-5.18,3.72,9,2.8466666666666662,1,0,0,0,0,0,1,0.28076923076923077,9.609423076923076,1.8744230769230767
FC_0000485,2024-08-05,CI,Central India,22.87,79.54,6,139.57,27.72,991.39,94.27,18.2,1434.9,10.84,monsoon_depression,121.11,26.09,994.73,90.09,21.7,2163.1,18.459999999999994,1.629999999999999,-3.340000000000032,4.179999999999993,-3.5,18.459999999999994,1.629999999999999,3.340000000000032,4.179999999999993,3.5,0,0,0,0,0,SW-Monsoon,5.730000000000004,26.11518,21.860000000000014,7.75,49.63,0.05,-7.24,3.83,36,1.8066666666666666,1,0,0,0,0,0,1,0.6448979591836734,18.281918367346936,3.7026938775510203
FC_0000486,2024-07-01,CI,Central India,23.24,82.95,2,7.46,25.74,1007.82,74.93,3.94,83.2,4.45,normal_monsoon,1.86,23.87,1006.49,69.37,3.67,642.1,5.6,1.8699999999999974,1.330000000000041,5.560000000000002,0.27,5.6,1.8699999999999974,1.330000000000041,5.560000000000002,0.27,0,0,0,0,0,SW-Monsoon,25.069999999999993,0.327808,5.42999999999995,2.0,2.66,-1.66,-0.29,-0.63,4,2.225,0,0,0,0,0,0,0,0.2196078431372549,7.970745098039216,2.0045098039215685
FC_0000487,2021-12-23,NW,Northwest India,35.05,77.81,3,7.22,26.7,1012.02,81.48,1.94,584.0,6.34,post_monsoon,1.61,27.09,1013.96,65.75,3.14,694.8,5.609999999999999,-0.39000000000000057,-1.9400000000000546,15.730000000000004,-1.2000000000000002,5.609999999999999,0.39000000000000057,1.9400000000000546,15.730000000000004,1.2000000000000002,0,0,0,0,0,Post-Monsoon,18.519999999999996,1.13296,1.2300000000000182,1.09,5.79,0.73,1.46,-2.06,9,2.1133333333333333,0,0,0,0,0,0,0,0.38207547169811323,10.293254716981133,2.4025000000000003
FC_0000488,2021-01-23,NE,East & Northeast India,29.3,94.27,1,7.24,23.1,1010.46,75.91,6.84,1203.5,6.26,fair_weather,6.11,23.52,1010.44,68.3,6.42,1036.7,1.13,-0.41999999999999815,0.01999999999998181,7.609999999999999,0.41999999999999993,1.13,0.41999999999999815,0.01999999999998181,7.609999999999999,0.41999999999999993,0,0,0,0,0,Winter,24.090000000000003,8.23194,2.7899999999999636,2.13,2.77,3.11,-0.66,-2.86,1,6.26,0,0,0,0,0,0,0,0.08396946564885496,4.686832061068703,1.254083969465649
FC_0000489,2022-06-06,CI,Central India,25.65,82.67,4,14.21,29.38,1000.49,94.3,5.69,3567.9,24.18,monsoon_depression,94.58,30.38,990.43,87.96,16.24,3375.7,-80.37,-1.0,10.06000000000006,6.340000000000003,-10.549999999999997,80.37,1.0,10.06000000000006,6.340000000000003,10.549999999999997,1,0,1,1,1,SW-Monsoon,5.700000000000003,20.301351000000004,12.759999999999991,3.54,5.08,-1.71,-5.48,-4.55,16,6.045,1,0,0,0,0,0,1,0.37890625,10.3326171875,2.6153125
FC_0000490,2024-01-29,CI,Central India,23.82,74.75,6,32.78,27.79,1011.39,72.49,6.0,1185.0,9.31,fair_weather,8.2,25.49,1006.01,60.25,4.41,967.7,24.580000000000002,2.3000000000000007,5.3799999999999955,12.239999999999995,1.5899999999999999,24.580000000000002,2.3000000000000007,5.3799999999999955,12.239999999999995,1.5899999999999999,0,0,0,1,1,Winter,27.510000000000005,7.11,1.8600000000000136,1.84,13.04,-1.45,-1.31,-0.24,36,1.5516666666666667,0,0,0,0,0,0,0,0.6448979591836734,18.281918367346936,3.7026938775510203
FC_0000491,2023-03-13,EC,Bay of Bengal & East Coast,11.54,87.54,1,4.8,33.96,1009.99,74.24,6.22,684.2,3.53,fair_weather,4.56,32.9,1010.8,74.1,4.8,656.7,0.2400000000000002,1.0600000000000023,-0.8099999999999454,0.14000000000000057,1.42,0.2400000000000002,1.0600000000000023,0.8099999999999454,0.14000000000000057,1.42,0,0,0,0,0,Pre-Monsoon,25.760000000000005,4.255724,3.259999999999991,2.25,4.09,-0.61,0.22,5.16,1,3.53,0,0,0,0,0,0,0,0.14418604651162792,12.282837209302325,1.1518604651162792
FC_0000492,2024-04-18,EC,Bay of Bengal & East Coast,16.39,87.33,1,9.81,30.14,1011.71,50.28,4.58,1038.9,5.37,pre_monsoon,4.08,29.66,1012.92,54.4,6.44,993.1,5.73,0.4800000000000004,-1.2099999999999227,-4.119999999999997,-1.8600000000000003,5.73,0.4800000000000004,1.2099999999999227,4.119999999999997,1.8600000000000003,0,0,0,0,0,Pre-Monsoon,49.72,4.7581620000000004,1.5399999999999636,1.61,5.79,1.36,-1.59,4.76,1,5.37,0,0,0,0,0,0,0,0.14418604651162792,12.282837209302325,1.1518604651162792
FC_0000493,2024-05-31,WG,Western Ghats & West Coast,11.76,74.29,8,5.88,29.9,1010.93,60.86,0.5,541.3,12.25,pre_monsoon,1.36,29.07,1010.65,73.83,3.52,934.7,4.52,0.8299999999999983,0.2799999999999727,-12.969999999999999,-3.02,4.52,0.8299999999999983,0.2799999999999727,12.969999999999999,3.02,0,0,0,0,0,Pre-Monsoon,39.14,0.27065,2.32000000000005,0.8,2.87,2.3,0.49,2.73,64,1.53125,0,0,0,0,0,0,0,0.7743362831858407,29.086371681415926,6.164911504424778
FC_0000494,2023-02-01,WG,Western Ghats & West Coast,16.4,76.62,7,74.32,47.37,1011.07,54.21,5.74,1073.9,38.11,fair_weather,6.74,30.67,1007.01,42.62,5.53,588.9,67.58,16.699999999999996,4.060000000000059,11.590000000000003,0.20999999999999996,67.58,16.699999999999996,4.060000000000059,11.590000000000003,0.20999999999999996,1,1,0,1,1,Winter,45.79,6.164186000000001,2.17999999999995,2.0,28.46,0.55,1.29,0.47,49,5.444285714285714,0,0,0,0,0,0,0,0.7466666666666667,29.23102222222222,4.842444444444444
FC_0000495,2022-03-18,EC,Bay of Bengal & East Coast,11.97,87.75,7,0.0,26.43,1021.43,52.67,8.45,695.5,12.02,fair_weather,1.91,26.3,1013.38,69.75,3.08,1032.0,-1.91,0.129999999999999,8.049999999999955,-17.08,5.369999999999999,1.91,0.129999999999999,8.049999999999955,17.08,5.369999999999999,0,0,0,1,1,Pre-Monsoon,47.33,5.876975,-8.17999999999995,3.35,0.29,-1.84,0.25,4.28,49,1.717142857142857,0,0,0,0,0,0,0,0.7536231884057971,31.278079710144926,4.301775362318841
FC_0000496,2023-02-08,NE,East & Northeast India,27.74,88.79,7,16.36,31.6,1002.51,70.7,11.13,758.9,10.69,fair_weather,3.64,29.41,1006.74,63.4,4.32,794.7,12.719999999999999,2.1900000000000013,-4.230000000000018,7.300000000000004,6.8100000000000005,12.719999999999999,2.1900000000000013,4.230000000000018,7.300000000000004,6.8100000000000005,0,0,1,1,1,Winter,29.299999999999997,8.446557,10.740000000000009,4.3,6.03,0.14,1.5,1.19,49,1.5271428571428571,0,0,0,0,0,0,0,0.777292576419214,16.60921397379913,5.613624454148471
FC_0000497,2023-10-13,WG,Western Ghats & West Coast,12.26,72.71,5,22.53,23.22,1012.79,60.6,5.14,1894.2,8.2,post_monsoon,12.62,24.44,1009.14,64.03,5.47,1122.9,9.910000000000002,-1.2200000000000024,3.6499999999999773,-3.4299999999999997,-0.33000000000000007,9.910000000000002,1.2200000000000024,3.6499999999999773,3.4299999999999997,0.33000000000000007,0,0,0,0,0,Post-Monsoon,39.4,9.736188,0.4600000000000364,1.32,9.0,0.08,1.35,1.7,25,1.64,0,0,0,0,0,0,0,0.47297297297297297,15.318648648648647,2.9495045045045045
FC_0000498,2024-09-10,SP,Southern Peninsula,8.13,77.62,4,49.01,21.2,1009.73,59.62,7.95,544.0,13.13,normal_monsoon,18.65,24.51,1012.77,64.54,7.2,886.5,30.36,-3.3100000000000023,-3.0399999999999636,-4.920000000000009,0.75,30.36,3.3100000000000023,3.0399999999999636,4.920000000000009,0.75,1,1,0,0,1,SW-Monsoon,40.38,4.3248,3.519999999999982,2.4,18.53,1.21,-0.09,-2.64,16,3.2825,0,0,0,0,0,0,0,0.37593984962406013,15.084887218045113,2.2651503759398497
FC_0000499,2022-05-31,SP,Southern Peninsula,8.76,76.07,7,13.13,25.59,1015.03,60.4,7.28,516.6,10.58,pre_monsoon,7.19,23.21,1009.94,59.37,5.04,454.0,5.94,2.379999999999999,5.089999999999918,1.0300000000000011,2.24,5.94,2.379999999999999,5.089999999999918,1.0300000000000011,2.24,0,0,0,1,1,Pre-Monsoon,39.6,3.760848,-1.7799999999999727,2.33,5.5,0.1,-0.75,-2.35,49,1.5114285714285713,0,0,0,0,0,0,0,0.690677966101695,21.64720338983051,4.4192372881355935
FC_0000500,2023-11-06,NE,East & Northeast India,28.2,91.85,3,0.0,36.61,1008.17,64.0,4.93,1258.8,19.58,post_monsoon,0.39,27.33,1006.48,58.66,3.9,861.3,-0.39,9.280000000000001,1.6899999999999409,5.340000000000003,1.0299999999999998,0.39,9.280000000000001,1.6899999999999409,5.340000000000003,1.0299999999999998,0,1,0,0,1,Post-Monsoon,36.0,6.205883999999999,5.080000000000041,2.24,0.23,0.39,-1.88,1.09,9,6.526666666666666,0,0,0,0,0,0,0,0.25190839694656486,7.7308778625954195,2.112251908396947
FC_0000501,2023-03-03,EC,Bay of Bengal & East Coast,17.97,81.69,9,249.36,10.45,1013.45,79.41,0.5,734.0,24.06,fair_weather,9.82,24.1,1007.32,55.54,5.33,858.1,239.54000000000002,-13.650000000000002,6.1299999999999955,23.869999999999997,-4.83,239.54000000000002,13.650000000000002,6.1299999999999955,23.869999999999997,4.83,1,1,0,1,1,Pre-Monsoon,20.590000000000003,0.367,-0.20000000000004547,0.29,89.39,-1.5,-0.39,0.68,81,2.6733333333333333,0,0,0,0,0,0,0,0.8455284552845529,35.98406504065041,6.411097560975609
FC_0000502,2021-12-02,WG,Western Ghats & West Coast,17.94,76.41,2,11.53,26.41,1014.77,50.71,2.6,1127.0,11.23,post_monsoon,6.42,26.43,1012.9,44.3,3.37,909.7,5.109999999999999,-0.019999999999999574,1.8700000000000045,6.410000000000004,-0.77,5.109999999999999,0.019999999999999574,1.8700000000000045,6.410000000000004,0.77,0,0,0,0,0,Post-Monsoon,49.29,2.9302,-1.5199999999999818,0.95,4.62,-0.84,-0.9,6.01,4,5.615,0,0,0,0,0,0,0,0.20392156862745098,10.022705882352941,1.5912549019607842
FC_0000503,2021-09-15,CI,Central India,22.19,83.13,1,9.08,29.08,1007.44,85.43,13.4,3612.5,9.09,monsoon_depression,35.65,30.27,994.33,88.88,22.49,3343.0,-26.57,-1.1900000000000013,13.110000000000014,-3.4499999999999886,-9.089999999999998,26.57,1.1900000000000013,13.110000000000014,3.4499999999999886,9.089999999999998,1,0,1,1,1,SW-Monsoon,14.569999999999993,48.4075,5.809999999999945,3.96,4.79,-1.23,-4.58,0.77,1,9.09,1,0,0,0,0,0,1,0.16923076923076924,8.377038461538461,1.3539230769230768
FC_0000504,2022-05-12,EC,Bay of Bengal & East Coast,20.29,86.58,8,7.1,27.44,1005.26,61.06,2.7,1331.3,15.56,pre_monsoon,2.2,28.46,1009.94,49.78,5.16,344.8,4.8999999999999995,-1.0199999999999996,-4.680000000000064,11.280000000000001,-2.46,4.8999999999999995,1.0199999999999996,4.680000000000064,11.280000000000001,2.46,0,0,0,1,1,Pre-Monsoon,38.94,3.59451,7.990000000000009,1.92,3.37,1.81,-2.21,5.76,64,1.945,0,0,0,0,0,0,0,0.7910447761194029,29.504365671641793,4.961007462686567
FC_0000505,2023-06-15,WG,Western Ghats & West Coast,16.81,72.97,6,0.0,24.63,1021.5,31.45,4.15,1340.4,10.33,normal_monsoon,1.47,23.16,1014.14,56.29,5.4,775.8,-1.47,1.4699999999999989,7.360000000000014,-24.84,-1.25,1.47,1.4699999999999989,7.360000000000014,24.84,1.25,0,0,0,1,1,SW-Monsoon,68.55,5.562660000000001,-8.25,2.46,2.09,0.59,0.6,-2.77,36,1.7216666666666667,0,0,0,0,0,0,0,0.6075471698113207,19.574377358490565,3.890641509433962
FC_0000506,2021-06-09,NE,East & Northeast India,23.3,85.8,4,0.0,28.56,1006.35,56.47,5.28,681.4,9.57,normal_monsoon,0.54,27.5,1008.91,42.36,3.35,369.5,-0.54,1.0599999999999987,-2.5599999999999454,14.11,1.9300000000000002,0.54,1.0599999999999987,2.5599999999999454,14.11,1.9300000000000002,0,0,0,0,0,SW-Monsoon,43.53,3.597792,6.899999999999977,2.52,1.61,0.3,-0.2,3.45,16,2.3925,0,0,0,0,0,0,0,0.3958333333333333,10.796125,2.65775
FC_0000507,2023-05-02,SP,Southern Peninsula,8.07,75.87,10,3.67,34.04,1007.34,32.93,6.25,2400.2,14.76,pre_monsoon,1.48,31.87,1006.61,40.1,6.07,855.3,2.19,2.169999999999998,0.7300000000000182,-7.170000000000002,0.17999999999999972,2.19,2.169999999999998,0.7300000000000182,7.170000000000002,0.17999999999999972,0,0,0,0,0,Pre-Monsoon,67.07,15.001249999999999,5.909999999999968,2.73,1.68,0.11,-0.26,-5.13,100,1.476,0,0,0,0,0,0,0,0.8880597014925373,40.953582089552235,6.767388059701492
FC_0000508,2022-11-21,NE,East & Northeast India,28.48,87.88,9,12.84,28.78,1009.77,100.0,13.86,1018.7,13.3,post_monsoon,1.97,24.91,1009.04,52.39,6.89,1145.6,10.87,3.870000000000001,0.7300000000000182,47.61,6.97,10.87,3.870000000000001,0.7300000000000182,47.61,6.97,0,1,1,0,1,Post-Monsoon,0.0,14.119182,3.480000000000018,4.06,5.42,-1.53,0.86,5.68,81,1.4777777777777779,0,0,0,0,0,0,0,0.8489795918367347,27.977591836734696,6.6734285714285715
FC_0000509,2022-01-15,WG,Western Ghats & West Coast,19.64,75.19,5,18.36,31.01,1015.92,73.69,1.82,813.9,8.16,fair_weather,2.99,28.47,1008.65,69.03,3.45,689.9,15.37,2.5400000000000027,7.269999999999982,4.659999999999997,-1.6300000000000001,15.37,2.5400000000000027,7.269999999999982,4.659999999999997,1.6300000000000001,0,0,0,1,1,Winter,26.310000000000002,1.481298,-2.669999999999959,0.93,7.24,1.12,-0.57,2.15,25,1.6320000000000001,0,0,0,0,0,0,0,0.47297297297297297,15.318648648648647,2.9495045045045045
FC_0000510,2023-08-15,NE,East & Northeast India,23.02,90.97,1,2.17,27.99,1006.1,58.91,4.46,838.9,3.31,normal_monsoon,1.73,29.32,1007.21,62.81,6.0,857.4,0.43999999999999995,-1.3300000000000018,-1.1100000000000136,-3.9000000000000057,-1.54,0.43999999999999995,1.3300000000000018,1.1100000000000136,3.9000000000000057,1.54,0,0,0,0,0,SW-Monsoon,41.09,3.741494,7.149999999999977,2.46,0.76,-0.53,-0.13,1.24,1,3.31,0,0,0,0,0,0,0,0.08396946564885496,4.686832061068703,1.254083969465649
FC_0000511,2022-11-22,WG,Western Ghats & West Coast,10.63,76.93,1,10.48,31.71,1015.13,31.37,2.9,669.3,3.36,post_monsoon,2.34,32.76,1014.87,41.64,3.2,1072.8,8.14,-1.0499999999999972,0.2599999999999909,-10.27,-0.30000000000000027,8.14,1.0499999999999972,0.2599999999999909,10.27,0.30000000000000027,0,0,0,0,0,Post-Monsoon,68.63,1.9409699999999999,-1.8799999999999955,1.17,4.02,-0.64,-2.3,-4.36,1,3.36,0,0,0,0,0,0,0,0.1134453781512605,9.086302521008403,1.0998319327731092
FC_0000512,2024-12-21,WG,Western Ghats & West Coast,18.17,72.62,7,0.0,27.82,1009.55,42.36,16.03,1003.0,29.09,post_monsoon,2.65,25.54,1006.46,40.08,6.16,770.4,-2.65,2.280000000000001,3.089999999999918,2.280000000000001,9.870000000000001,2.65,2.280000000000001,3.089999999999918,2.280000000000001,9.870000000000001,0,0,1,0,1,Post-Monsoon,57.64,16.078090000000003,3.7000000000000455,4.2,0.4,0.22,0.99,4.53,49,4.155714285714286,0,0,0,0,0,0,0,0.7466666666666667,29.23102222222222,4.842444444444444
FC_0000513,2024-07-15,NE,East & Northeast India,29.06,93.65,1,8.8,30.26,1014.66,56.06,4.14,841.6,4.64,normal_monsoon,1.55,30.01,1013.63,49.18,5.24,631.3,7.250000000000001,0.25,1.0299999999999727,6.880000000000003,-1.1000000000000005,7.250000000000001,0.25,1.0299999999999727,6.880000000000003,1.1000000000000005,0,0,0,0,0,SW-Monsoon,43.94,3.4842239999999998,-1.4099999999999682,1.23,4.58,-0.18,-0.75,-3.89,1,4.64,0,0,0,0,0,0,0,0.08396946564885496,4.686832061068703,1.254083969465649
FC_0000514,2024-12-11,NW,Northwest India,25.07,74.71,6,27.15,18.14,1001.24,39.75,4.69,1358.2,29.83,post_monsoon,10.32,31.41,1009.98,52.51,6.93,492.5,16.83,-13.27,-8.740000000000009,-12.759999999999998,-2.2399999999999993,16.83,13.27,8.740000000000009,12.759999999999998,2.2399999999999993,0,1,0,1,1,Post-Monsoon,60.25,6.3699580000000005,12.009999999999991,3.07,10.29,0.82,-1.26,0.38,36,4.971666666666667,0,0,0,0,0,0,0,0.6025641025641025,14.582179487179488,3.756153846153846
FC_0000515,2024-04-06,CI,Central India,23.18,76.19,7,43.62,36.95,1009.47,77.42,11.28,1269.7,10.49,pre_monsoon,2.3,32.35,1010.17,68.29,6.98,923.8,41.32,4.600000000000001,-0.6999999999999318,9.129999999999995,4.299999999999999,41.32,4.600000000000001,0.6999999999999318,9.129999999999995,4.299999999999999,1,1,0,0,1,Pre-Monsoon,22.58,14.322216000000001,3.7799999999999727,3.18,15.73,0.97,2.43,4.95,49,1.4985714285714287,0,0,0,0,0,0,0,0.7537878787878788,21.91992424242424,4.943787878787879
FC_0000516,2023-12-03,EC,Bay of Bengal & East Coast,19.34,80.78,10,15.72,16.72,1006.68,62.85,7.08,50.0,14.67,post_monsoon,1.66,23.27,1012.42,70.08,3.84,1190.3,14.06,-6.550000000000001,-5.740000000000009,-7.229999999999997,3.24,14.06,6.550000000000001,5.740000000000009,7.229999999999997,3.24,0,1,0,1,1,Post-Monsoon,37.15,0.354,6.57000000000005,2.7,7.4,-0.71,0.17,-4.74,100,1.467,0,0,0,0,0,0,0,0.9230769230769231,37.378597285067876,6.533212669683258
FC_0000517,2021-10-12,SP,Southern Peninsula,11.92,75.05,5,213.82,27.39,971.02,93.6,35.95,3495.5,12.3,cyclone,205.62,28.48,972.88,94.58,31.5,3864.8,8.199999999999989,-1.0899999999999999,-1.8600000000000136,-0.980000000000004,4.450000000000003,8.199999999999989,1.0899999999999999,1.8600000000000136,0.980000000000004,4.450000000000003,0,0,0,0,0,Post-Monsoon,6.400000000000006,125.66322500000001,42.23000000000002,14.5,75.25,-1.27,-11.7,5.01,25,2.46,0,0,1,0,0,0,1,0.5399239543726235,20.9232319391635,3.057984790874525
FC_0000518,2022-02-01,CI,Central India,25.75,81.52,3,22.66,29.27,1009.86,69.42,11.77,197.7,5.93,fair_weather,23.76,28.18,1007.64,59.64,7.5,335.6,-1.1000000000000014,1.0899999999999999,2.2200000000000273,9.780000000000001,4.27,1.1000000000000014,1.0899999999999999,2.2200000000000273,9.780000000000001,4.27,0,0,0,0,0,Winter,30.58,2.326929,3.3899999999999864,3.27,8.57,0.52,0.23,-4.88,9,1.9766666666666666,0,0,0,0,0,0,0,0.28076923076923077,9.609423076923076,1.8744230769230767
FC_0000519,2021-01-12,EC,Bay of Bengal & East Coast,12.75,83.08,3,0.0,30.39,1013.1,74.15,4.43,883.7,18.77,fair_weather,1.44,27.47,1014.62,63.29,4.36,1190.9,-1.44,2.9200000000000017,-1.5199999999999818,10.860000000000007,0.0699999999999994,1.44,2.9200000000000017,1.5199999999999818,10.860000000000007,0.0699999999999994,0,0,0,0,0,Winter,25.849999999999994,3.914791,0.14999999999997726,1.45,4.95,-1.21,-2.01,-1.64,9,6.256666666666667,0,0,0,0,0,0,0,0.35269709543568467,20.04215767634855,2.0838589211618257
FC_0000520,2024-08-18,EC,Bay of Bengal & East Coast,12.77,86.9,2,0.0,24.1,1014.47,69.66,6.18,845.8,5.63,normal_monsoon,2.41,24.4,1012.08,59.86,7.12,902.4,-2.41,-0.29999999999999716,2.3899999999999864,9.799999999999997,-0.9400000000000004,2.41,0.29999999999999716,2.3899999999999864,9.799999999999997,0.9400000000000004,0,0,0,0,0,SW-Monsoon,30.340000000000003,5.227044,-1.2200000000000273,1.95,0.2,0.57,-1.36,-2.61,4,2.815,0,0,0,0,0,0,0,0.2558139534883721,13.920542635658915,1.4067054263565892
FC_0000521,2024-06-30,SP,Southern Peninsula,8.47,79.62,1,18.31,30.66,1006.98,71.77,10.91,2307.0,4.19,active_break_monsoon,4.9,31.47,1004.07,62.45,9.22,2304.8,13.409999999999998,-0.8099999999999987,2.909999999999968,9.319999999999993,1.6899999999999995,13.409999999999998,0.8099999999999987,2.909999999999968,9.319999999999993,1.6899999999999995,0,0,0,0,0,SW-Monsoon,28.230000000000004,25.16937,6.269999999999982,3.5,8.61,1.2,0.58,-3.8,1,4.19,0,0,0,0,0,1,0,0.1214574898785425,7.125991902834008,1.2743724696356276
FC_0000522,2022-05-14,CI,Central India,25.54,80.77,8,0.0,40.06,998.79,27.65,12.89,50.0,30.59,heat_wave,1.06,43.85,1002.81,34.95,8.35,549.2,-1.06,-3.789999999999999,-4.019999999999982,-7.300000000000004,4.540000000000001,1.06,3.789999999999999,4.019999999999982,7.300000000000004,4.540000000000001,0,1,0,1,1,Pre-Monsoon,72.35,0.6445,14.460000000000036,5.2,3.58,-0.45,1.38,4.4,64,3.82375,0,0,0,1,0,0,1,0.7795918367346939,22.1525306122449,5.795224489795918
FC_0000523,2023-01-24,SP,Southern Peninsula,9.7,76.98,9,0.0,25.19,1012.26,96.34,0.5,1438.6,15.6,fair_weather,2.16,28.53,1014.54,64.92,6.91,805.2,-2.16,-3.34,-2.2799999999999727,31.42,-6.41,2.16,3.34,2.2799999999999727,31.42,6.41,0,1,1,0,1,Winter,3.6599999999999966,0.7192999999999999,0.9900000000000091,0.47,3.27,1.01,0.54,-0.41,81,1.7333333333333334,0,0,0,0,0,0,0,0.8717948717948718,33.72879120879121,7.428937728937728
FC_0000524,2021-02-04,WG,Western Ghats & West Coast,13.73,75.22,2,9.46,31.84,1007.82,59.5,5.47,673.5,7.0,fair_weather,1.12,32.64,1009.5,57.5,5.77,998.7,8.34,-0.8000000000000007,-1.67999999999995,2.0,-0.2999999999999998,8.34,0.8000000000000007,1.67999999999995,2.0,0.2999999999999998,0,0,0,0,0,Winter,40.5,3.684045,5.42999999999995,2.26,4.78,-0.47,0.99,4.55,4,3.5,0,0,0,0,0,0,0,0.20392156862745098,10.022705882352941,1.5912549019607842
FC_0000525,2022-12-28,SP,Southern Peninsula,13.35,78.05,4,0.0,30.49,1013.76,54.04,6.42,931.5,10.75,post_monsoon,0.34,30.01,1012.51,49.18,5.08,705.2,-0.34,0.4799999999999969,1.25,4.859999999999999,1.3399999999999999,0.34,0.4799999999999969,1.25,4.859999999999999,1.3399999999999999,0,0,0,0,0,Post-Monsoon,45.96,5.98023,-0.5099999999999909,1.95,2.52,-0.22,-0.48,3.25,16,2.6875,0,0,0,0,0,0,0,0.37593984962406013,15.084887218045113,2.2651503759398497
FC_0000526,2023-04-29,NE,East & Northeast India,23.99,95.69,3,0.0,26.39,1010.77,68.62,4.02,326.0,15.86,pre_monsoon,6.86,29.63,1009.41,68.46,3.61,509.4,-6.86,-3.2399999999999984,1.3600000000000136,0.1600000000000108,0.4099999999999997,6.86,3.2399999999999984,1.3600000000000136,0.1600000000000108,0.4099999999999997,0,1,0,0,1,Pre-Monsoon,31.379999999999995,1.3105199999999997,2.480000000000018,1.4,0.06,1.7,-0.13,-4.04,9,5.286666666666666,0,0,0,0,0,0,0,0.25190839694656486,7.7308778625954195,2.112251908396947
FC_0000527,2021-03-31,NW,Northwest India,25.06,72.66,4,2.86,24.48,1013.9,71.85,5.25,1258.2,14.0,fair_weather,1.48,26.67,1014.35,72.47,3.85,671.9,1.38,-2.1900000000000013,-0.4500000000000455,-0.6200000000000045,1.4,1.38,2.1900000000000013,0.4500000000000455,0.6200000000000045,1.4,0,0,0,0,0,Pre-Monsoon,28.150000000000006,6.60555,-0.6499999999999773,1.44,1.1,2.48,1.67,-4.82,16,3.5,0,0,0,0,0,0,0,0.508833922261484,12.866643109540636,2.8804593639575975
FC_0000528,2023-02-15,NW,Northwest India,34.08,68.61,4,40.45,17.34,1004.79,77.49,12.51,894.1,7.39,western_disturbance,30.43,17.92,1004.43,86.07,11.06,984.6,10.020000000000003,-0.5800000000000018,0.36000000000001364,-8.579999999999998,1.4499999999999993,10.020000000000003,0.5800000000000018,0.36000000000001364,8.579999999999998,1.4499999999999993,0,0,0,0,0,Winter,22.510000000000005,11.185191000000001,8.460000000000036,4.34,14.23,0.21,2.32,4.57,16,1.8475,0,0,0,0,1,0,1,0.508833922261484,12.866643109540636,2.8804593639575975
FC_0000529,2022-08-28,NW,Northwest India,33.17,76.2,8,17.04,28.2,1010.25,66.69,4.9,50.0,12.73,normal_monsoon,7.11,28.8,1007.78,59.15,6.23,796.9,9.93,-0.6000000000000014,2.4700000000000273,7.539999999999999,-1.33,9.93,0.6000000000000014,2.4700000000000273,7.539999999999999,1.33,0,0,0,0,0,SW-Monsoon,33.31,0.24500000000000002,3.0,1.87,7.13,3.5,-0.31,-1.36,64,1.59125,0,0,0,0,0,0,0,0.8306451612903226,22.631330645161288,5.529879032258065
FC_0000530,2023-08-28,CI,Central India,23.29,74.13,3,127.35,27.6,990.68,94.56,14.41,3006.8,5.66,monsoon_depression,118.79,30.72,988.52,87.48,15.31,2716.6,8.559999999999988,-3.1199999999999974,2.159999999999968,7.079999999999998,-0.9000000000000004,8.559999999999988,3.1199999999999974,2.159999999999968,7.079999999999998,0.9000000000000004,0,1,0,0,1,SW-Monsoon,5.439999999999998,43.327988000000005,22.57000000000005,6.82,46.9,-2.21,-7.06,0.48,9,1.8866666666666667,1,0,0,0,0,0,1,0.28076923076923077,9.609423076923076,1.8744230769230767
FC_0000531,2023-10-19,CI,Central India,19.44,77.42,3,0.0,21.05,1010.99,49.82,5.73,485.7,6.29,post_monsoon,5.76,22.24,1011.91,50.18,4.32,471.4,-5.76,-1.1899999999999977,-0.9199999999999591,-0.35999999999999943,1.4100000000000001,5.76,1.1899999999999977,0.9199999999999591,0.35999999999999943,1.4100000000000001,0,0,0,0,0,Post-Monsoon,50.18,2.783061,2.259999999999991,1.71,1.82,0.59,0.74,-0.62,9,2.0966666666666667,0,0,0,0,0,0,0,0.28076923076923077,9.609423076923076,1.8744230769230767
FC_0000532,2022-02-22,WG,Western Ghats & West Coast,10.8,76.83,6,23.59,21.53,1016.44,74.95,8.87,1127.5,11.6,fair_weather,6.3,24.37,1011.45,72.02,7.14,818.4,17.29,-2.84,4.990000000000009,2.930000000000007,1.7299999999999995,17.29,2.84,4.990000000000009,2.930000000000007,1.7299999999999995,0,0,0,1,1,Winter,25.049999999999997,10.000924999999999,-3.1900000000000546,2.93,9.02,-2.33,2.11,2.69,36,1.9333333333333333,0,0,0,0,0,0,0,0.6075471698113207,19.574377358490565,3.890641509433962
FC_0000533,2021-04-25,NW,Northwest India,32.47,70.97,3,5.67,21.57,1007.74,53.62,1.59,1207.1,7.25,pre_monsoon,2.35,23.84,1010.28,54.72,3.32,622.4,3.32,-2.2699999999999996,-2.5399999999999636,-1.1000000000000014,-1.7299999999999998,3.32,2.2699999999999996,2.5399999999999636,1.1000000000000014,1.7299999999999998,0,0,0,0,0,Pre-Monsoon,46.38,1.919289,5.509999999999991,1.47,3.7,-1.05,-1.66,9.68,9,2.4166666666666665,0,0,0,0,0,0,0,0.38207547169811323,10.293254716981133,2.4025000000000003
FC_0000534,2022-09-09,WG,Western Ghats & West Coast,19.16,75.83,5,0.0,5.73,1013.67,29.84,4.14,698.7,20.79,normal_monsoon,5.13,24.06,1014.37,44.89,7.31,535.9,-5.13,-18.33,-0.7000000000000455,-15.05,-3.17,5.13,18.33,0.7000000000000455,15.05,3.17,0,1,0,0,1,SW-Monsoon,70.16,2.892618,-0.4199999999999591,1.1,1.73,-1.48,-1.87,7.66,25,4.1579999999999995,0,0,0,0,0,0,0,0.47297297297297297,15.318648648648647,2.9495045045045045
FC_0000535,2024-05-04,NW,Northwest India,27.7,71.79,4,13.78,30.09,1005.05,59.54,4.8,1537.6,6.93,pre_monsoon,5.61,29.58,1007.96,52.93,5.73,1120.7,8.169999999999998,0.5100000000000016,-2.910000000000082,6.609999999999999,-0.9300000000000006,8.169999999999998,0.5100000000000016,2.910000000000082,6.609999999999999,0.9300000000000006,0,0,0,0,0,Pre-Monsoon,40.46,7.3804799999999995,8.200000000000045,2.65,6.51,-1.79,4.48,0.33,16,1.7325,0,0,0,0,0,0,0,0.508833922261484,12.866643109540636,2.8804593639575975
FC_0000536,2023-04-06,CI,Central India,19.6,83.71,4,0.0,19.75,1013.6,56.31,11.13,812.2,9.88,pre_monsoon,2.53,24.03,1014.95,67.64,4.92,428.0,-2.53,-4.280000000000001,-1.3500000000000227,-11.329999999999998,6.210000000000001,2.53,4.280000000000001,1.3500000000000227,11.329999999999998,6.210000000000001,0,1,1,0,1,Pre-Monsoon,43.69,9.039786000000001,-0.35000000000002274,2.63,0.19,0.16,-0.26,-5.36,16,2.47,0,0,0,0,0,0,0,0.37890625,10.3326171875,2.6153125
FC_0000537,2024-01-04,NE,East & Northeast India,25.4,95.75,2,8.28,20.57,1005.11,59.56,6.25,613.9,8.83,fair_weather,5.26,27.51,1008.33,64.92,5.71,630.3,3.0199999999999996,-6.940000000000001,-3.2200000000000273,-5.359999999999999,0.54,3.0199999999999996,6.940000000000001,3.2200000000000273,5.359999999999999,0.54,0,1,0,0,1,Winter,40.44,3.836875,8.139999999999986,2.8,4.42,-0.99,-2.85,1.71,4,4.415,0,0,0,0,0,0,0,0.1797752808988764,6.552209737827716,1.8855430711610486
FC_0000538,2022-02-17,NE,East & Northeast India,23.95,95.33,9,0.0,52.02,1020.03,73.7,2.38,1199.7,43.92,fair_weather,2.01,25.19,1013.11,57.44,4.41,1009.6,-2.01,26.830000000000002,6.919999999999959,16.260000000000005,-2.0300000000000002,2.01,26.830000000000002,6.919999999999959,16.260000000000005,2.0300000000000002,0,1,0,1,1,Winter,26.299999999999997,2.855286,-6.779999999999973,1.95,0.96,1.41,-1.38,4.03,81,4.88,0,0,0,0,0,0,0,0.8489795918367347,27.977591836734696,6.6734285714285715
FC_0000539,2024-10-31,NE,East & Northeast India,21.46,96.79,5,44.07,20.77,1012.96,65.22,4.19,1365.9,8.87,post_monsoon,32.23,22.24,1014.0,66.0,4.33,1100.9,11.840000000000003,-1.4699999999999989,-1.0399999999999636,-0.7800000000000011,-0.13999999999999968,11.840000000000003,1.4699999999999989,1.0399999999999636,0.7800000000000011,0.13999999999999968,0,0,0,0,0,Post-Monsoon,34.78,5.723121000000001,0.2899999999999636,1.44,17.47,1.25,-0.67,1.87,25,1.7739999999999998,0,0,0,0,0,0,0,0.51440329218107,12.827283950617282,3.27
FC_0000540,2024-12-14,SP,Southern Peninsula,15.3,77.0,5,105.68,30.3,965.12,93.87,47.79,3214.7,9.29,cyclone,106.78,29.27,969.03,96.15,47.5,3508.9,-1.0999999999999943,1.0300000000000011,-3.909999999999968,-2.280000000000001,0.28999999999999915,1.0999999999999943,1.0300000000000011,3.909999999999968,2.280000000000001,0.28999999999999915,0,0,0,0,0,Post-Monsoon,6.1299999999999955,153.63051299999998,48.129999999999995,18.09,38.65,0.66,-13.64,-3.58,25,1.8579999999999999,0,0,1,0,0,0,1,0.5399239543726235,20.9232319391635,3.057984790874525
FC_0000541,2022-12-30,NE,East & Northeast India,27.59,94.03,7,0.0,30.41,1008.49,75.93,0.7,73.2,12.79,post_monsoon,3.14,28.07,1012.03,70.11,5.55,1172.1,-3.14,2.34,-3.5399999999999636,5.820000000000007,-4.85,3.14,2.34,3.5399999999999636,5.820000000000007,4.85,0,0,0,0,0,Post-Monsoon,24.069999999999993,0.05124,4.759999999999991,1.25,0.37,1.88,-2.41,0.07,49,1.827142857142857,0,0,0,0,0,0,0,0.777292576419214,16.60921397379913,5.613624454148471
FC_0000542,2024-07-24,EC,Bay of Bengal & East Coast,20.91,82.77,3,17.13,32.15,1005.2,45.81,7.06,1396.8,17.49,normal_monsoon,0.78,26.44,1006.13,60.27,7.07,1063.6,16.349999999999998,5.709999999999997,-0.92999999999995,-14.46,-0.010000000000000675,16.349999999999998,5.709999999999997,0.92999999999995,14.46,0.010000000000000675,0,1,0,0,1,SW-Monsoon,54.19,9.861407999999999,8.049999999999955,3.21,6.35,-0.13,1.06,-2.13,9,5.829999999999999,0,0,0,0,0,0,0,0.35269709543568467,20.04215767634855,2.0838589211618257
FC_0000543,2023-10-18,NW,Northwest India,30.05,76.65,6,1.76,30.58,1013.53,50.43,8.84,208.1,11.16,post_monsoon,4.48,32.6,1007.89,63.74,7.46,467.1,-2.7200000000000006,-2.020000000000003,5.639999999999986,-13.310000000000002,1.38,2.7200000000000006,2.020000000000003,5.639999999999986,13.310000000000002,1.38,0,0,0,1,1,Post-Monsoon,49.57,1.8396039999999998,-0.2799999999999727,2.35,0.7,0.94,-0.56,-6.47,36,1.86,0,0,0,0,0,0,0,0.6025641025641025,14.582179487179488,3.756153846153846
FC_0000544,2023-01-31,NE,East & Northeast India,27.62,89.72,1,13.25,26.37,1010.1,69.81,7.46,763.2,4.43,fair_weather,9.17,25.83,1008.11,71.45,7.21,754.6,4.08,0.5400000000000027,1.990000000000009,-1.6400000000000006,0.25,4.08,0.5400000000000027,1.990000000000009,1.6400000000000006,0.25,0,0,0,0,0,Winter,30.189999999999998,5.693472000000001,3.1499999999999773,2.56,5.76,1.63,-1.46,1.06,1,4.43,0,0,0,0,0,0,0,0.08396946564885496,4.686832061068703,1.254083969465649
FC_0000545,2022-11-07,EC,Bay of Bengal & East Coast,20.3,80.42,5,0.0,34.21,1013.7,56.67,3.03,670.3,8.1,post_monsoon,2.1,32.97,1014.38,50.18,6.47,979.7,-2.1,1.240000000000002,-0.67999999999995,6.490000000000002,-3.44,2.1,1.240000000000002,0.67999999999995,6.490000000000002,3.44,0,0,0,0,0,Post-Monsoon,43.33,2.0310089999999996,-0.4500000000000455,1.11,0.59,-0.48,0.6,3.59,25,1.6199999999999999,0,0,0,0,0,0,0,0.5407725321888412,24.05197424892704,2.9729613733905578
FC_0000546,2024-11-18,EC,Bay of Bengal & East Coast,19.6,81.86,5,381.74,29.16,991.54,97.21,37.86,3820.8,8.84,cyclone,378.32,28.6,985.26,95.33,37.11,3649.4,3.420000000000016,0.5599999999999987,6.279999999999973,1.8799999999999955,0.75,3.420000000000016,0.5599999999999987,6.279999999999973,1.8799999999999955,0.75,0,0,0,1,1,Post-Monsoon,2.7900000000000063,144.65548800000002,21.710000000000036,11.97,133.99,-0.26,-8.87,1.72,25,1.768,0,0,1,0,0,0,1,0.5407725321888412,24.05197424892704,2.9729613733905578
FC_0000547,2022-04-02,EC,Bay of Bengal & East Coast,14.15,84.44,9,30.62,27.44,1010.35,49.15,4.87,301.3,16.03,pre_monsoon,7.83,28.28,1006.79,72.93,7.7,311.3,22.79,-0.8399999999999999,3.560000000000059,-23.78000000000001,-2.83,22.79,0.8399999999999999,3.560000000000059,23.78000000000001,2.83,0,0,0,0,0,Pre-Monsoon,50.85,1.4673310000000002,2.8999999999999773,1.62,13.42,-0.59,2.03,5.05,81,1.7811111111111113,0,0,0,0,0,0,0,0.8455284552845529,35.98406504065041,6.411097560975609
FC_0000548,2023-07-09,WG,Western Ghats & West Coast,13.4,74.84,5,23.97,27.2,1006.42,56.5,8.38,184.7,10.44,normal_monsoon,7.92,27.77,1008.52,62.37,6.28,495.5,16.049999999999997,-0.5700000000000003,-2.1000000000000227,-5.869999999999997,2.1000000000000005,16.049999999999997,0.5700000000000003,2.1000000000000227,5.869999999999997,2.1000000000000005,0,0,0,0,0,SW-Monsoon,43.5,1.547786,6.830000000000041,3.22,9.19,0.39,-0.49,-2.43,25,2.088,0,0,0,0,0,0,0,0.47297297297297297,15.318648648648647,2.9495045045045045
FC_0000549,2021-07-11,WG,Western Ghats & West Coast,14.54,73.99,8,22.5,23.45,1011.21,67.07,7.23,50.0,13.79,normal_monsoon,8.38,24.32,1012.38,70.21,7.42,442.2,14.12,-0.870000000000001,-1.169999999999959,-3.1400000000000006,-0.1899999999999995,14.12,0.870000000000001,1.169999999999959,3.1400000000000006,0.1899999999999995,0,0,0,0,0,SW-Monsoon,32.93000000000001,0.3615,2.0399999999999636,2.14,9.68,0.11,2.55,3.07,64,1.72375,0,0,0,0,0,0,0,0.7743362831858407,29.086371681415926,6.164911504424778
FC_0000550,2023-01-09,EC,Bay of Bengal & East Coast,12.93,86.92,3,16.27,31.08,1011.71,51.87,8.65,994.8,6.73,fair_weather,6.54,30.83,1011.8,49.46,7.15,1190.9,9.73,0.25,-0.08999999999991815,2.4099999999999966,1.5,9.73,0.25,0.08999999999991815,2.4099999999999966,1.5,0,0,0,0,0,Winter,48.13,8.60502,1.5399999999999636,2.32,6.84,-1.11,1.49,4.24,9,2.2433333333333336,0,0,0,0,0,0,0,0.35269709543568467,20.04215767634855,2.0838589211618257
FC_0000551,2024-01-28,SP,Southern Peninsula,11.2,77.78,6,42.4,39.15,1010.69,65.0,2.15,157.4,19.5,fair_weather,8.08,23.79,1009.42,46.58,3.69,487.9,34.32,15.36,1.2700000000000955,18.42,-1.54,34.32,15.36,1.2700000000000955,18.42,1.54,1,1,0,0,1,Winter,35.0,0.33841000000000004,2.5599999999999454,1.07,15.8,-0.65,0.58,-0.79,36,3.25,0,0,0,0,0,0,0,0.5946969696969697,21.55094696969697,3.8189015151515155
FC_0000552,2023-09-05,NE,East & Northeast India,26.48,95.92,2,13.1,33.38,1008.68,81.09,7.46,1742.2,5.04,active_break_monsoon,9.53,33.11,1008.24,82.72,7.21,2080.1,3.5700000000000003,0.2700000000000031,0.4399999999999409,-1.6299999999999955,0.25,3.5700000000000003,0.2700000000000031,0.4399999999999409,1.6299999999999955,0.25,0,0,0,0,0,SW-Monsoon,18.909999999999997,12.996812,4.57000000000005,2.58,6.45,0.79,1.62,-0.55,4,2.52,0,0,0,0,0,1,0,0.1797752808988764,6.552209737827716,1.8855430711610486
FC_0000553,2023-10-06,NW,Northwest India,33.2,68.45,9,19.73,5.53,1001.88,97.13,11.95,1031.3,15.81,western_disturbance,28.8,8.51,1005.73,85.97,10.92,1194.8,-9.07,-2.9799999999999995,-3.8500000000000227,11.159999999999997,1.0299999999999994,9.07,2.9799999999999995,3.8500000000000227,11.159999999999997,1.0299999999999994,0,0,0,0,0,Post-Monsoon,2.8700000000000045,12.324034999999999,11.370000000000005,4.7,7.24,-0.18,0.24,8.5,81,1.7566666666666668,0,0,0,0,1,0,1,0.7936507936507936,22.855674603174602,6.38031746031746
FC_0000554,2021-04-06,SP,Southern Peninsula,14.71,80.44,6,3.76,23.82,1015.17,70.54,5.84,1294.7,9.71,pre_monsoon,1.56,23.55,1011.8,73.91,6.67,413.2,2.1999999999999997,0.2699999999999996,3.3700000000000045,-3.3699999999999903,-0.8300000000000001,2.1999999999999997,0.2699999999999996,3.3700000000000045,3.3699999999999903,0.8300000000000001,0,0,0,0,0,Pre-Monsoon,29.459999999999994,7.5610479999999995,-1.919999999999959,1.7,1.52,-2.72,0.98,2.89,36,1.6183333333333334,0,0,0,0,0,0,0,0.5946969696969697,21.55094696969697,3.8189015151515155
FC_0000555,2022-10-25,CI,Central India,21.78,83.7,5,103.21,21.36,1009.2,42.7,4.18,961.4,22.65,post_monsoon,33.34,26.56,1006.62,49.99,3.62,1038.4,69.86999999999999,-5.199999999999999,2.580000000000041,-7.289999999999999,0.5599999999999996,69.86999999999999,5.199999999999999,2.580000000000041,7.289999999999999,0.5599999999999996,1,1,0,0,1,Post-Monsoon,57.3,4.0186519999999994,4.0499999999999545,1.98,40.18,-1.28,-1.73,-3.92,25,4.529999999999999,0,0,0,0,0,0,0,0.5210727969348659,16.352222222222224,3.35264367816092
FC_0000556,2024-04-28,WG,Western Ghats & West Coast,14.57,74.57,9,0.0,15.5,1016.24,72.09,0.5,574.8,36.93,pre_monsoon,2.53,31.17,1009.02,68.47,3.79,1039.8,-2.53,-15.670000000000002,7.220000000000027,3.6200000000000045,-3.29,2.53,15.670000000000002,7.220000000000027,3.6200000000000045,3.29,0,1,0,1,1,Pre-Monsoon,27.909999999999997,0.2874,-2.990000000000009,0.96,1.99,-1.88,0.24,4.16,81,4.1033333333333335,0,0,0,0,0,0,0,0.8592592592592593,29.854703703703706,6.722148148148149
FC_0000557,2021-02-06,NE,East & Northeast India,23.82,92.89,1,0.0,22.44,1011.22,43.61,4.39,526.9,4.47,fair_weather,2.1,23.06,1010.53,44.23,3.37,543.0,-2.1,-0.6199999999999974,0.6900000000000546,-0.6199999999999974,1.0199999999999996,2.1,0.6199999999999974,0.6900000000000546,0.6199999999999974,1.0199999999999996,0,0,0,0,0,Winter,56.39,2.313091,2.0299999999999727,1.66,2.76,-0.19,-1.18,-2.2,1,4.47,0,0,0,0,0,0,0,0.08396946564885496,4.686832061068703,1.254083969465649
FC_0000558,2024-10-24,NE,East & Northeast India,22.95,86.26,3,12.62,26.57,1013.15,69.96,3.66,478.5,5.84,post_monsoon,10.07,28.45,1012.59,59.16,6.31,783.7,2.549999999999999,-1.879999999999999,0.5599999999999454,10.799999999999997,-2.6499999999999995,2.549999999999999,1.879999999999999,0.5599999999999454,10.799999999999997,2.6499999999999995,0,0,0,0,0,Post-Monsoon,30.040000000000006,1.7513100000000001,0.10000000000002274,0.95,5.11,0.77,-0.11,-1.62,9,1.9466666666666665,0,0,0,0,0,0,0,0.25190839694656486,7.7308778625954195,2.112251908396947
FC_0000559,2021-10-06,CI,Central India,18.22,76.92,2,20.72,21.62,1009.7,56.97,4.37,665.5,14.97,post_monsoon,0.1,27.95,1009.45,59.56,5.97,757.0,20.619999999999997,-6.329999999999998,0.25,-2.5900000000000034,-1.5999999999999996,20.619999999999997,6.329999999999998,0.25,2.5900000000000034,1.5999999999999996,0,1,0,0,1,Post-Monsoon,43.03,2.9082350000000003,3.5499999999999545,1.84,9.0,-0.04,1.39,3.47,4,7.485,0,0,0,0,0,0,0,0.2196078431372549,7.970745098039216,2.0045098039215685
FC_0000560,2021-08-05,CI,Central India,21.17,79.52,9,0.0,32.65,999.28,16.9,4.2,821.1,13.82,normal_monsoon,2.76,29.68,1007.29,41.12,5.85,747.5,-2.76,2.969999999999999,-8.009999999999991,-24.22,-1.6499999999999995,2.76,2.969999999999999,8.009999999999991,24.22,1.6499999999999995,0,0,0,1,1,SW-Monsoon,83.1,3.4486200000000005,13.970000000000027,3.42,2.1,1.7,1.11,-3.28,81,1.5355555555555556,0,0,0,0,0,0,0,0.8769230769230769,22.42480769230769,6.476230769230769
FC_0000561,2023-05-17,NE,East & Northeast India,23.49,96.81,6,0.0,55.62,1008.69,29.09,2.95,1422.8,22.38,pre_monsoon,1.5,24.59,1011.23,43.74,3.68,523.9,-1.5,31.029999999999998,-2.5399999999999636,-14.650000000000002,-0.73,1.5,31.029999999999998,2.5399999999999636,14.650000000000002,0.73,0,1,0,0,1,Pre-Monsoon,70.91,4.19726,4.559999999999945,1.61,0.28,0.88,-2.83,-5.76,36,3.73,0,0,0,0,0,0,0,0.5887096774193549,16.5770564516129,4.45866935483871
FC_0000562,2023-05-23,CI,Central India,20.33,78.41,6,74.48,15.9,1010.94,59.45,8.5,336.0,30.05,pre_monsoon,7.33,31.73,1011.02,52.92,5.09,454.7,67.15,-15.83,-0.07999999999992724,6.530000000000001,3.41,67.15,15.83,0.07999999999992724,6.530000000000001,3.41,1,1,0,0,1,Pre-Monsoon,40.55,2.856,2.3099999999999454,2.66,28.91,0.74,1.33,-6.55,36,5.008333333333334,0,0,0,0,0,0,0,0.6448979591836734,18.281918367346936,3.7026938775510203
FC_0000563,2024-07-20,NE,East & Northeast India,21.88,88.13,5,0.57,29.01,1009.1,50.28,10.66,392.6,9.26,normal_monsoon,1.2,31.25,1012.85,48.38,6.78,573.6,-0.63,-2.2399999999999984,-3.75,1.8999999999999986,3.88,0.63,2.2399999999999984,3.75,1.8999999999999986,3.88,0,0,0,0,0,SW-Monsoon,49.72,4.185116,4.149999999999977,3.42,1.03,0.86,1.24,-0.49,25,1.8519999999999999,0,0,0,0,0,0,0,0.51440329218107,12.827283950617282,3.27
FC_0000564,2021-03-03,SP,Southern Peninsula,8.39,78.08,4,14.17,31.62,1015.67,41.15,1.26,2125.7,9.14,fair_weather,15.15,32.79,1013.89,46.34,3.42,1167.7,-0.9800000000000004,-1.1699999999999982,1.7799999999999727,-5.190000000000005,-2.16,0.9800000000000004,1.1699999999999982,1.7799999999999727,5.190000000000005,2.16,0,0,0,0,0,Pre-Monsoon,58.85,2.6783819999999996,-2.419999999999959,0.95,6.23,1.44,4.71,2.71,16,2.285,0,0,0,0,0,0,0,0.37593984962406013,15.084887218045113,2.2651503759398497
FC_0000565,2022-08-19,CI,Central India,24.01,75.96,4,33.23,26.12,1003.83,95.99,12.4,2323.6,18.49,monsoon_depression,77.53,28.18,995.55,91.95,23.24,1896.0,-44.300000000000004,-2.0599999999999987,8.280000000000086,4.039999999999992,-10.839999999999998,44.300000000000004,2.0599999999999987,8.280000000000086,4.039999999999992,10.839999999999998,1,0,1,1,1,SW-Monsoon,4.010000000000005,28.81264,9.419999999999959,4.54,11.92,0.83,-4.68,11.89,16,4.6225,1,0,0,0,0,0,1,0.37890625,10.3326171875,2.6153125
FC_0000566,2022-12-30,SP,Southern Peninsula,10.94,75.09,2,13.25,31.02,1009.77,61.26,4.63,731.0,4.49,post_monsoon,6.98,31.18,1008.98,56.46,5.36,338.7,6.27,-0.16000000000000014,0.7899999999999636,4.799999999999997,-0.7300000000000004,6.27,0.16000000000000014,0.7899999999999636,4.799999999999997,0.7300000000000004,0,0,0,0,0,Post-Monsoon,38.74,3.38453,3.480000000000018,1.86,5.71,-0.04,-0.95,-1.7,4,2.245,0,0,0,0,0,0,0,0.12658227848101267,6.515105485232067,1.4548523206751058
FC_0000567,2024-09-27,SP,Southern Peninsula,14.72,79.29,7,0.0,31.59,1004.39,81.5,16.67,975.9,12.72,active_break_monsoon,0.82,31.21,1005.61,65.38,12.67,1297.2,-0.82,0.379999999999999,-1.2200000000000273,16.120000000000005,4.000000000000002,0.82,0.379999999999999,1.2200000000000273,16.120000000000005,4.000000000000002,0,0,0,0,0,SW-Monsoon,18.5,16.268253,8.860000000000014,5.45,1.85,-0.13,0.05,-6.43,49,1.8171428571428572,0,0,0,0,0,1,0,0.690677966101695,21.64720338983051,4.4192372881355935
FC_0000568,2022-02-01,CI,Central India,18.51,77.65,6,12.17,27.27,1013.46,76.52,7.16,763.2,11.29,fair_weather,3.15,25.25,1011.42,74.56,3.65,635.5,9.02,2.0199999999999996,2.0400000000000773,1.9599999999999937,3.5100000000000002,9.02,2.0199999999999996,2.0400000000000773,1.9599999999999937,3.5100000000000002,0,0,0,0,0,Winter,23.480000000000004,5.464512000000001,-0.21000000000003638,1.73,4.91,0.36,1.02,2.6,36,1.8816666666666666,0,0,0,0,0,0,0,0.6448979591836734,18.281918367346936,3.7026938775510203
FC_0000569,2022-11-30,NE,East & Northeast India,29.12,89.7,3,5.19,30.21,1007.9,75.11,2.96,1307.8,7.67,post_monsoon,2.81,29.49,1008.17,68.52,3.94,602.9,2.3800000000000003,0.7200000000000024,-0.2699999999999818,6.590000000000003,-0.98,2.3800000000000003,0.7200000000000024,0.2699999999999818,6.590000000000003,0.98,0,0,0,0,0,Post-Monsoon,24.89,3.871088,5.350000000000023,1.66,2.04,0.0,2.03,0.63,9,2.5566666666666666,0,0,0,0,0,0,0,0.25190839694656486,7.7308778625954195,2.112251908396947
FC_0000570,2023-11-09,EC,Bay of Bengal & East Coast,16.79,83.2,7,250.23,26.04,983.83,92.51,45.37,3107.5,13.71,cyclone,258.04,26.96,984.23,94.61,46.0,3865.2,-7.810000000000031,-0.9200000000000017,-0.39999999999997726,-2.0999999999999943,-0.6300000000000026,7.810000000000031,0.9200000000000017,0.39999999999997726,2.0999999999999943,0.6300000000000026,0,0,0,0,0,Post-Monsoon,7.489999999999995,140.98727499999998,29.41999999999996,14.65,88.39,-1.73,-10.54,-12.1,49,1.9585714285714286,0,0,1,0,0,0,1,0.7536231884057971,31.278079710144926,4.301775362318841
FC_0000571,2021-06-26,NE,East & Northeast India,26.07,96.74,9,0.0,38.49,1009.23,68.01,0.5,1264.1,44.91,normal_monsoon,1.41,25.93,1009.25,58.14,4.0,546.1,-1.41,12.560000000000002,-0.01999999999998181,9.870000000000005,-3.5,1.41,12.560000000000002,0.01999999999998181,9.870000000000005,3.5,0,1,0,0,1,SW-Monsoon,31.989999999999995,0.63205,4.019999999999982,0.91,0.85,-0.08,0.67,6.05,81,4.989999999999999,0,0,0,0,0,0,0,0.8489795918367347,27.977591836734696,6.6734285714285715
FC_0000572,2022-01-31,NW,Northwest India,36.97,75.75,10,4.55,19.62,1011.68,97.03,14.33,936.9,33.05,western_disturbance,15.18,14.47,1007.05,87.79,10.19,988.5,-10.629999999999999,5.15,4.6299999999999955,9.239999999999995,4.140000000000001,10.629999999999999,5.15,4.6299999999999955,9.239999999999995,4.140000000000001,0,1,0,1,1,Winter,2.969999999999999,13.425777,1.57000000000005,3.68,6.35,0.02,-0.36,-0.78,100,3.3049999999999997,0,0,0,0,1,0,1,0.8470588235294118,25.773882352941175,6.877843137254902
FC_0000573,2022-03-21,CI,Central India,21.23,78.94,1,6.65,32.75,1012.25,40.56,7.84,1026.6,3.24,fair_weather,10.76,32.98,1010.28,44.36,7.83,948.6,-4.109999999999999,-0.22999999999999687,1.9700000000000273,-3.799999999999997,0.009999999999999787,4.109999999999999,0.22999999999999687,1.9700000000000273,3.799999999999997,0.009999999999999787,0,0,0,0,0,Pre-Monsoon,59.44,8.048544,1.0,2.34,3.48,-0.83,0.65,-7.04,1,3.24,0,0,0,0,0,0,0,0.16923076923076924,8.377038461538461,1.3539230769230768
FC_0000574,2024-06-10,WG,Western Ghats & West Coast,12.28,76.94,10,243.12,35.91,1008.78,100.0,18.43,4405.8,15.65,heavy_rainfall,242.94,28.19,1001.83,90.78,10.62,3164.2,0.18000000000000682,7.719999999999995,6.949999999999932,9.219999999999999,7.8100000000000005,0.18000000000000682,7.719999999999995,6.949999999999932,9.219999999999999,7.8100000000000005,0,1,1,1,1,SW-Monsoon,0.0,81.198894,4.470000000000027,4.89,85.31,0.78,0.35,-2.59,100,1.565,0,1,0,0,0,0,1,0.8455284552845529,32.79081300813008,6.509756097560976
FC_0000575,2021-03-17,CI,Central India,23.66,78.49,8,15.26,23.32,1010.59,38.9,9.56,623.5,13.03,fair_weather,6.74,24.08,1014.61,52.45,6.68,1120.2,8.52,-0.759999999999998,-4.019999999999982,-13.550000000000004,2.880000000000001,8.52,0.759999999999998,4.019999999999982,13.550000000000004,2.880000000000001,0,0,0,1,1,Pre-Monsoon,61.1,5.960660000000001,2.659999999999968,2.63,5.77,-1.7,1.15,7.0,64,1.62875,0,0,0,0,0,0,0,0.7795918367346939,22.1525306122449,5.795224489795918
FC_0000576,2021-09-22,NW,Northwest India,24.16,73.2,2,0.0,32.72,1011.38,55.59,4.18,355.4,5.73,normal_monsoon,0.53,31.28,1012.1,50.59,7.51,453.7,-0.53,1.4399999999999977,-0.7200000000000273,5.0,-3.33,0.53,1.4399999999999977,0.7200000000000273,5.0,3.33,0,0,0,0,0,SW-Monsoon,44.41,1.485572,1.8700000000000045,1.38,0.12,-0.21,1.49,-0.56,4,2.865,0,0,0,0,0,0,0,0.20920502092050208,9.46071129707113,1.7305857740585775
FC_0000577,2022-03-31,SP,Southern Peninsula,15.87,77.88,1,0.0,25.55,1008.13,50.31,6.63,419.9,7.86,fair_weather,4.06,24.45,1008.97,52.58,5.12,429.4,-4.06,1.1000000000000014,-0.8400000000000318,-2.269999999999996,1.5099999999999998,4.06,1.1000000000000014,0.8400000000000318,2.269999999999996,1.5099999999999998,0,0,0,0,0,Pre-Monsoon,49.69,2.783937,5.1200000000000045,2.57,1.09,0.91,-2.48,-5.13,1,7.86,0,0,0,0,0,0,0,0.1214574898785425,7.125991902834008,1.2743724696356276
FC_0000578,2022-12-19,WG,Western Ghats & West Coast,10.19,72.6,9,16.7,26.11,1005.34,62.7,0.5,933.1,13.02,post_monsoon,1.29,23.06,1010.81,54.05,6.32,923.8,15.41,3.0500000000000007,-5.469999999999914,8.650000000000006,-5.82,15.41,3.0500000000000007,5.469999999999914,8.650000000000006,5.82,0,1,0,1,1,Post-Monsoon,37.3,0.46655,7.909999999999968,1.74,10.97,-0.37,0.95,-2.0,81,1.4466666666666665,0,0,0,0,0,0,0,0.8592592592592593,29.854703703703706,6.722148148148149
FC_0000579,2023-01-05,WG,Western Ghats & West Coast,12.26,76.63,2,2.54,28.58,1014.57,60.64,7.14,383.2,4.5,fair_weather,1.55,28.93,1011.6,59.7,6.19,524.2,0.99,-0.3500000000000014,2.9700000000000273,0.9399999999999977,0.9499999999999993,0.99,0.3500000000000014,2.9700000000000273,0.9399999999999977,0.9499999999999993,0,0,0,0,0,Winter,39.36,2.736048,-1.32000000000005,2.03,4.29,-0.8,2.16,9.01,4,2.25,0,0,0,0,0,0,0,0.20392156862745098,10.022705882352941,1.5912549019607842
FC_0000580,2024-11-08,NE,East & Northeast India,29.47,96.34,7,27.69,35.23,1012.56,61.72,0.5,1310.4,12.95,post_monsoon,26.19,32.87,1013.91,48.34,6.76,413.0,1.5,2.3599999999999994,-1.3500000000000227,13.379999999999995,-6.26,1.5,2.3599999999999994,1.3500000000000227,13.379999999999995,6.26,0,0,1,0,1,Post-Monsoon,38.28,0.6552,0.6900000000000546,0.66,10.31,-0.12,1.56,8.63,49,1.8499999999999999,0,0,0,0,0,0,0,0.777292576419214,16.60921397379913,5.613624454148471
FC_0000581,2023-05-01,EC,Bay of Bengal & East Coast,19.02,85.02,7,68.76,29.89,1013.17,65.27,4.94,1058.8,24.7,pre_monsoon,1.52,32.09,1009.97,62.53,4.83,514.8,67.24000000000001,-2.200000000000003,3.199999999999932,2.739999999999995,0.11000000000000032,67.24000000000001,2.200000000000003,3.199999999999932,2.739999999999995,0.11000000000000032,1,0,0,0,1,Pre-Monsoon,34.730000000000004,5.230472,0.08000000000004093,1.59,31.31,-0.59,-2.88,2.16,49,3.5285714285714285,0,0,0,0,0,0,0,0.7536231884057971,31.278079710144926,4.301775362318841
FC_0000582,2024-10-22,NE,East & Northeast India,26.02,91.47,1,9.65,31.42,1009.91,50.69,5.52,834.0,3.53,post_monsoon,10.04,30.72,1010.3,50.46,6.55,1110.0,-0.3899999999999988,0.7000000000000028,-0.38999999999998636,0.22999999999999687,-1.0300000000000002,0.3899999999999988,0.7000000000000028,0.38999999999998636,0.22999999999999687,1.0300000000000002,0,0,0,0,0,Post-Monsoon,49.31,4.60368,3.340000000000032,2.06,10.02,-0.41,-0.83,0.98,1,3.53,0,0,0,0,0,0,0,0.08396946564885496,4.686832061068703,1.254083969465649
FC_0000583,2021-05-24,WG,Western Ghats & West Coast,16.48,74.38,10,0.0,31.94,1007.6,39.78,9.69,429.9,40.08,pre_monsoon,4.94,30.84,1006.54,72.17,7.54,530.5,-4.94,1.1000000000000014,1.0600000000000591,-32.39,2.1499999999999995,4.94,1.1000000000000014,1.0600000000000591,32.39,2.1499999999999995,0,0,0,0,0,Pre-Monsoon,60.22,4.165731,5.649999999999977,3.37,0.58,0.93,-0.46,0.77,100,4.008,0,0,0,0,0,0,0,0.8455284552845529,32.79081300813008,6.509756097560976
FC_0000584,2023-06-04,WG,Western Ghats & West Coast,16.03,73.05,1,2.93,28.17,1008.22,43.51,6.72,454.8,5.02,normal_monsoon,2.81,29.55,1007.98,40.37,4.83,489.9,0.1200000000000001,-1.379999999999999,0.2400000000000091,3.1400000000000006,1.8899999999999997,0.1200000000000001,1.379999999999999,0.2400000000000091,3.1400000000000006,1.8899999999999997,0,0,0,0,0,SW-Monsoon,56.49,3.056256,5.029999999999973,2.38,2.27,-1.26,-4.24,-2.78,1,5.02,0,0,0,0,0,0,0,0.1134453781512605,9.086302521008403,1.0998319327731092
FC_0000585,2023-12-29,EC,Bay of Bengal & East Coast,13.92,87.52,7,12.48,21.93,1005.07,47.67,4.91,568.5,11.92,post_monsoon,4.49,22.26,1008.09,60.61,5.09,607.2,7.99,-0.33000000000000185,-3.019999999999982,-12.939999999999998,-0.17999999999999972,7.99,0.33000000000000185,3.019999999999982,12.939999999999998,0.17999999999999972,0,0,0,0,0,Post-Monsoon,52.33,2.791335,8.17999999999995,2.43,15.76,2.03,0.58,4.89,49,1.7028571428571428,0,0,0,0,0,0,0,0.7536231884057971,31.278079710144926,4.301775362318841
FC_0000586,2024-01-28,CI,Central India,25.23,79.39,6,4.98,23.24,1015.16,56.7,2.89,154.2,11.14,fair_weather,5.12,26.14,1013.51,63.43,3.55,810.3,-0.13999999999999968,-2.900000000000002,1.6499999999999773,-6.729999999999997,-0.6599999999999997,0.13999999999999968,2.900000000000002,1.6499999999999773,6.729999999999997,0.6599999999999997,0,0,0,0,0,Winter,43.3,0.445638,-1.9099999999999682,1.32,1.85,-0.41,-0.05,-9.18,36,1.8566666666666667,0,0,0,0,0,0,0,0.6448979591836734,18.281918367346936,3.7026938775510203
FC_0000587,2022-01-31,EC,Bay of Bengal & East Coast,11.35,88.34,4,0.0,33.83,1011.02,35.36,6.28,320.9,6.82,fair_weather,2.24,30.46,1011.65,40.02,7.7,541.0,-2.24,3.3699999999999974,-0.6299999999999955,-4.660000000000004,-1.42,2.24,3.3699999999999974,0.6299999999999955,4.660000000000004,1.42,0,1,0,0,1,Winter,64.64,2.015252,2.230000000000018,1.94,2.02,1.3,0.53,-1.27,16,1.705,0,0,0,0,0,0,0,0.5057034220532319,21.50577946768061,2.6715589353612166
FC_0000588,2023-11-15,SP,Southern Peninsula,13.62,77.28,3,1.34,32.55,1011.96,70.46,2.92,417.5,6.45,post_monsoon,1.47,31.97,1014.07,59.41,3.91,587.3,-0.1299999999999999,0.5799999999999983,-2.1100000000000136,11.049999999999997,-0.9900000000000002,0.1299999999999999,0.5799999999999983,2.1100000000000136,11.049999999999997,0.9900000000000002,0,0,0,0,0,Post-Monsoon,29.540000000000006,1.2190999999999999,1.2899999999999636,1.22,1.17,-0.88,1.23,-6.13,9,2.15,0,0,0,0,0,0,0,0.20179372197309417,7.918385650224215,2.001883408071749
FC_0000589,2023-08-06,NE,East & Northeast India,26.09,90.16,5,29.43,45.06,1000.49,81.26,5.15,2913.8,24.27,active_break_monsoon,36.63,32.98,1008.14,81.79,6.03,1827.7,-7.200000000000003,12.080000000000005,-7.649999999999977,-0.5300000000000011,-0.8799999999999999,7.200000000000003,12.080000000000005,7.649999999999977,0.5300000000000011,0.8799999999999999,0,1,0,1,1,SW-Monsoon,18.739999999999995,15.006070000000001,12.759999999999991,3.46,11.13,-1.22,-0.16,6.36,25,4.854,0,0,0,0,0,1,0,0.51440329218107,12.827283950617282,3.27
FC_0000590,2023-06-10,CI,Central India,21.72,82.87,5,160.27,30.14,997.18,89.34,27.23,3726.8,9.6,monsoon_depression,164.54,30.19,996.82,88.86,23.41,3080.9,-4.269999999999982,-0.05000000000000071,0.35999999999989996,0.480000000000004,3.8200000000000003,4.269999999999982,0.05000000000000071,0.35999999999989996,0.480000000000004,3.8200000000000003,0,0,0,0,0,SW-Monsoon,10.659999999999997,101.48076400000001,16.07000000000005,8.54,56.24,0.13,-4.66,-0.06,25,1.92,1,0,0,0,0,0,1,0.5210727969348659,16.352222222222224,3.35264367816092
FC_0000591,2024-03-20,NE,East & Northeast India,22.37,86.24,3,8.12,21.57,1011.97,58.23,4.03,50.0,5.64,fair_weather,8.98,24.17,1010.81,54.28,5.36,659.4,-0.8600000000000012,-2.6000000000000014,1.1600000000000819,3.9499999999999957,-1.33,0.8600000000000012,2.6000000000000014,1.1600000000000819,3.9499999999999957,1.33,0,0,0,0,0,Pre-Monsoon,41.77,0.2015,1.2799999999999727,1.48,2.99,-0.2,-1.23,1.9,9,1.88,0,0,0,0,0,0,0,0.25190839694656486,7.7308778625954195,2.112251908396947
FC_0000592,2024-03-13,EC,Bay of Bengal & East Coast,11.03,82.83,6,122.54,30.74,1012.07,70.5,4.7,166.7,27.8,fair_weather,1.8,29.78,1010.61,66.44,3.72,562.7,120.74000000000001,0.9599999999999973,1.4600000000000364,4.060000000000002,0.98,120.74000000000001,0.9599999999999973,1.4600000000000364,4.060000000000002,0.98,1,0,0,0,1,Pre-Monsoon,29.5,0.78349,1.17999999999995,1.56,43.5,2.96,1.22,5.19,36,4.633333333333334,0,0,0,0,0,0,0,0.6809338521400778,24.520038910505836,3.678326848249027
FC_0000593,2022-07-23,CI,Central India,19.18,76.2,3,67.7,26.05,989.19,89.02,18.61,2991.4,5.88,monsoon_depression,79.42,27.07,992.12,89.21,16.29,2739.1,-11.719999999999999,-1.0199999999999996,-2.92999999999995,-0.18999999999999773,2.3200000000000003,11.719999999999999,1.0199999999999996,2.92999999999995,0.18999999999999773,2.3200000000000003,0,0,0,0,0,SW-Monsoon,10.980000000000004,55.669954,24.059999999999945,8.07,24.14,-0.36,-7.93,-3.42,9,1.96,1,0,0,0,0,0,1,0.28076923076923077,9.609423076923076,1.8744230769230767
FC_0000594,2023-11-29,EC,Bay of Bengal & East Coast,11.12,82.04,4,0.23,25.87,1008.96,44.88,7.49,126.1,8.15,post_monsoon,7.35,26.6,1012.23,40.93,6.55,499.8,-7.119999999999999,-0.7300000000000004,-3.269999999999982,3.950000000000003,0.9400000000000004,7.119999999999999,0.7300000000000004,3.269999999999982,3.950000000000003,0.9400000000000004,0,0,0,0,0,Post-Monsoon,55.12,0.944489,4.289999999999964,2.56,0.64,-0.5,-3.41,-7.5,16,2.0375,0,0,0,0,0,0,0,0.5057034220532319,21.50577946768061,2.6715589353612166
FC_0000595,2021-04-19,SP,Southern Peninsula,10.66,75.17,3,8.01,25.58,1005.63,66.21,8.39,387.8,8.66,pre_monsoon,1.51,26.62,1007.07,60.44,7.75,634.8,6.5,-1.0400000000000027,-1.4400000000000546,5.769999999999996,0.6400000000000006,6.5,1.0400000000000027,1.4400000000000546,5.769999999999996,0.6400000000000006,0,0,0,0,0,Pre-Monsoon,33.790000000000006,3.253642,7.6200000000000045,3.46,3.08,-1.71,0.71,-0.35,9,2.8866666666666667,0,0,0,0,0,0,0,0.20179372197309417,7.918385650224215,2.001883408071749
FC_0000596,2023-12-02,NW,Northwest India,31.9,73.69,6,11.0,14.11,1010.92,71.29,8.11,854.0,9.41,western_disturbance,5.78,14.78,1008.5,65.21,11.65,404.7,5.22,-0.6699999999999999,2.419999999999959,6.0800000000000125,-3.540000000000001,5.22,0.6699999999999999,2.419999999999959,6.0800000000000125,3.540000000000001,0,0,0,0,0,Post-Monsoon,28.709999999999994,6.92594,2.330000000000041,2.29,4.15,0.58,0.69,2.36,36,1.5683333333333334,0,0,0,0,1,0,1,0.6025641025641025,14.582179487179488,3.756153846153846
FC_0000597,2024-04-24,WG,Western Ghats & West Coast,9.16,75.18,9,0.0,32.06,1012.62,72.79,2.08,1274.9,13.38,pre_monsoon,2.75,30.73,1011.53,66.84,3.14,766.3,-2.75,1.3300000000000018,1.0900000000000318,5.950000000000003,-1.06,2.75,1.3300000000000018,1.0900000000000318,5.950000000000003,1.06,0,0,0,0,0,Pre-Monsoon,27.209999999999994,2.6517920000000004,0.6299999999999955,0.86,0.79,0.93,-2.42,4.83,81,1.4866666666666668,0,0,0,0,0,0,0,0.8592592592592593,29.854703703703706,6.722148148148149
FC_0000598,2023-07-24,CI,Central India,25.99,83.44,3,0.0,27.59,1010.66,50.85,7.07,1622.4,7.43,normal_monsoon,3.82,29.02,1008.76,56.21,4.97,850.4,-3.82,-1.4299999999999997,1.8999999999999773,-5.359999999999999,2.1000000000000005,3.82,1.4299999999999997,1.8999999999999773,5.359999999999999,2.1000000000000005,0,0,0,0,0,SW-Monsoon,49.15,11.470368,2.590000000000032,2.43,0.01,2.17,1.3,-0.55,9,2.4766666666666666,0,0,0,0,0,0,0,0.28076923076923077,9.609423076923076,1.8744230769230767
FC_0000599,2022-02-02,WG,Western Ghats & West Coast,8.03,76.08,1,4.91,28.42,1008.96,49.51,1.51,587.6,6.8,fair_weather,0.84,27.16,1006.76,45.71,3.33,528.2,4.07,1.2600000000000016,2.2000000000000455,3.799999999999997,-1.82,4.07,1.2600000000000016,2.2000000000000455,3.799999999999997,1.82,0,0,0,0,0,Winter,50.49,0.8872760000000001,4.289999999999964,1.33,2.67,-1.07,-1.02,5.68,1,6.8,0,0,0,0,0,0,0,0.1134453781512605,9.086302521008403,1.0998319327731092
FC_0000600,2024-05-31,NW,Northwest India,28.6,68.64,7,29.59,21.57,1010.13,47.97,0.5,191.6,11.05,pre_monsoon,5.55,22.77,1010.0,48.94,3.06,431.6,24.04,-1.1999999999999993,0.12999999999999545,-0.9699999999999989,-2.56,24.04,1.1999999999999993,0.12999999999999545,0.9699999999999989,2.56,0,0,0,0,0,Pre-Monsoon,52.03,0.0958,3.1200000000000045,0.81,10.96,-0.83,0.37,-1.73,49,1.5785714285714287,0,0,0,0,0,0,0,0.7428571428571429,18.69661224489796,4.418367346938775
FC_0000601,2022-09-26,CI,Central India,20.37,77.22,5,0.0,33.68,1016.24,44.88,0.5,699.5,21.15,normal_monsoon,1.72,29.33,1009.0,42.67,5.74,1023.9,-1.72,4.350000000000001,7.240000000000009,2.210000000000001,-5.24,1.72,4.350000000000001,7.240000000000009,2.210000000000001,5.24,0,1,0,1,1,SW-Monsoon,55.12,0.34975,-2.990000000000009,0.96,0.03,-0.88,1.34,-7.02,25,4.2299999999999995,0,0,0,0,0,0,0,0.5210727969348659,16.352222222222224,3.35264367816092
FC_0000602,2024-03-02,WG,Western Ghats & West Coast,14.28,75.47,4,0.4,25.56,1013.67,53.47,0.85,83.7,7.03,fair_weather,0.73,25.89,1014.59,57.89,3.45,747.6,-0.32999999999999996,-0.33000000000000185,-0.9200000000000728,-4.420000000000002,-2.6,0.32999999999999996,0.33000000000000185,0.9200000000000728,4.420000000000002,2.6,0,0,0,0,0,Pre-Monsoon,46.53,0.071145,-0.4199999999999591,0.73,0.23,2.4,1.88,0.3,16,1.7575,0,0,0,0,0,0,0,0.42084942084942084,15.014478764478765,2.5983397683397684
FC_0000603,2024-04-01,WG,Western Ghats & West Coast,16.99,73.61,3,0.0,22.63,1006.54,55.32,3.84,822.9,5.74,pre_monsoon,0.34,22.49,1008.87,63.7,6.53,1111.3,-0.34,0.14000000000000057,-2.330000000000041,-8.380000000000003,-2.6900000000000004,0.34,0.14000000000000057,2.330000000000041,8.380000000000003,2.6900000000000004,0,0,0,0,0,Pre-Monsoon,44.68,3.1599359999999996,6.710000000000036,2.21,1.4,-0.12,-0.86,-0.84,9,1.9133333333333333,0,0,0,0,0,0,0,0.32926829268292684,13.52512195121951,2.1642276422764226
FC_0000604,2024-05-23,CI,Central India,20.57,77.08,7,23.43,20.48,1012.81,73.41,7.84,1418.1,10.7,pre_monsoon,3.74,23.19,1010.29,56.13,7.21,1030.2,19.689999999999998,-2.710000000000001,2.519999999999982,17.279999999999994,0.6299999999999999,19.689999999999998,2.710000000000001,2.519999999999982,17.279999999999994,0.6299999999999999,0,0,0,0,0,Pre-Monsoon,26.590000000000003,11.117904,0.44000000000005457,2.15,8.22,-2.32,0.8,0.83,49,1.5285714285714285,0,0,0,0,0,0,0,0.7537878787878788,21.91992424242424,4.943787878787879
FC_0000605,2023-01-03,WG,Western Ghats & West Coast,12.35,77.0,2,18.49,27.17,1007.37,54.52,2.45,2110.4,5.92,fair_weather,9.04,27.59,1006.53,58.62,3.47,1080.3,9.45,-0.41999999999999815,0.8400000000000318,-4.099999999999994,-1.02,9.45,0.41999999999999815,0.8400000000000318,4.099999999999994,1.02,0,0,0,0,0,Winter,45.48,5.17048,5.8799999999999955,1.61,7.1,-0.04,0.16,2.25,4,2.96,0,0,0,0,0,0,0,0.20392156862745098,10.022705882352941,1.5912549019607842
FC_0000606,2021-08-23,WG,Western Ghats & West Coast,17.34,76.89,4,0.0,25.85,1010.27,81.72,0.5,588.9,7.27,normal_monsoon,0.11,27.53,1010.95,65.82,3.67,554.6,-0.11,-1.6799999999999997,-0.6800000000000637,15.900000000000006,-3.17,0.11,1.6799999999999997,0.6800000000000637,15.900000000000006,3.17,0,0,0,0,0,SW-Monsoon,18.28,0.29445,2.980000000000018,0.9,0.11,-0.17,-0.5,6.6,16,1.8175,0,0,0,0,0,0,0,0.42084942084942084,15.014478764478765,2.5983397683397684
FC_0000607,2022-10-20,CI,Central India,23.54,78.06,2,0.0,28.06,1013.26,45.02,5.66,675.0,13.47,post_monsoon,3.21,26.93,1010.53,40.58,6.69,583.8,-3.21,1.129999999999999,2.730000000000018,4.440000000000005,-1.0300000000000002,3.21,1.129999999999999,2.730000000000018,4.440000000000005,1.0300000000000002,0,0,0,0,0,Post-Monsoon,54.98,3.8205,-0.009999999999990905,1.48,0.71,1.34,-0.62,-2.14,4,6.735,0,0,0,0,0,0,0,0.2196078431372549,7.970745098039216,2.0045098039215685
FC_0000608,2023-01-21,WG,Western Ghats & West Coast,12.68,74.7,10,35.25,28.84,1018.82,45.6,0.5,1523.6,14.44,fair_weather,11.59,29.72,1012.19,63.52,5.9,300.9,23.66,-0.879999999999999,6.6299999999999955,-17.92,-5.4,23.66,0.879999999999999,6.6299999999999955,17.92,5.4,0,0,0,1,1,Winter,54.4,0.7617999999999999,-5.57000000000005,1.4,13.12,1.17,0.95,-1.0,100,1.444,0,0,0,0,0,0,0,0.8455284552845529,32.79081300813008,6.509756097560976
FC_0000609,2022-08-11,WG,Western Ghats & West Coast,13.0,76.23,8,0.0,23.68,1006.72,72.73,0.5,789.7,12.35,normal_monsoon,10.76,31.94,1007.75,46.31,3.18,641.6,-10.76,-8.260000000000002,-1.0299999999999727,26.42,-2.68,10.76,8.260000000000002,1.0299999999999727,26.42,2.68,0,1,0,0,1,SW-Monsoon,27.269999999999996,0.39485000000000003,6.529999999999973,1.31,1.6,1.52,1.69,-3.48,64,1.54375,0,0,0,0,0,0,0,0.7743362831858407,29.086371681415926,6.164911504424778
FC_0000610,2023-10-30,NE,East & Northeast India,24.95,88.55,3,13.57,32.77,1012.4,43.65,8.66,755.4,6.88,post_monsoon,0.61,32.84,1011.09,49.27,7.31,756.5,12.96,-0.07000000000000028,1.3099999999999454,-5.6200000000000045,1.3500000000000005,12.96,0.07000000000000028,1.3099999999999454,5.6200000000000045,1.3500000000000005,0,0,0,0,0,Post-Monsoon,56.35,6.541764,0.8500000000000227,2.34,7.1,1.13,0.15,1.68,9,2.2933333333333334,0,0,0,0,0,0,0,0.25190839694656486,7.7308778625954195,2.112251908396947
FC_0000611,2024-01-03,SP,Southern Peninsula,14.2,79.7,5,17.1,30.07,1009.86,50.76,6.69,50.0,8.91,fair_weather,15.92,31.39,1011.7,49.9,5.24,868.3,1.1800000000000015,-1.3200000000000003,-1.8400000000000318,0.8599999999999994,1.4500000000000002,1.1800000000000015,1.3200000000000003,1.8400000000000318,0.8599999999999994,1.4500000000000002,0,0,0,0,0,Winter,49.24,0.3345,3.3899999999999864,2.39,6.27,0.75,0.98,-1.76,25,1.782,0,0,0,0,0,0,0,0.5399239543726235,20.9232319391635,3.057984790874525
FC_0000612,2023-08-12,NE,East & Northeast India,24.57,93.01,4,0.2,25.05,1012.6,68.86,5.31,551.7,7.8,normal_monsoon,0.42,29.16,1009.16,58.63,4.68,820.3,-0.21999999999999997,-4.109999999999999,3.4400000000000546,10.229999999999997,0.6299999999999999,0.21999999999999997,4.109999999999999,3.4400000000000546,10.229999999999997,0.6299999999999999,0,1,0,0,1,SW-Monsoon,31.14,2.929527,0.6499999999999773,1.47,2.74,1.26,-1.81,-3.75,16,1.95,0,0,0,0,0,0,0,0.3958333333333333,10.796125,2.65775
FC_0000613,2022-05-07,NW,Northwest India,24.76,73.29,5,0.0,43.17,1003.91,38.42,5.2,999.8,8.1,heat_wave,0.02,43.14,1000.05,26.36,4.07,1111.6,-0.02,0.030000000000001137,3.8600000000000136,12.060000000000002,1.13,0.02,0.030000000000001137,3.8600000000000136,12.060000000000002,1.13,0,0,0,0,0,Pre-Monsoon,61.58,5.1989600000000005,9.340000000000032,3.03,0.69,1.93,1.86,2.99,25,1.6199999999999999,0,0,0,1,0,0,1,0.5403225806451613,11.756008064516129,3.5735887096774195
FC_0000614,2023-07-02,NE,East & Northeast India,21.38,85.35,4,36.3,21.14,1008.19,44.42,8.07,399.4,19.24,normal_monsoon,29.86,25.9,1013.05,50.19,7.86,550.5,6.439999999999998,-4.759999999999998,-4.8599999999999,-5.769999999999996,0.20999999999999996,6.439999999999998,4.759999999999998,4.8599999999999,5.769999999999996,0.20999999999999996,0,1,0,1,1,SW-Monsoon,55.58,3.2231579999999997,5.059999999999945,2.81,15.24,0.32,-1.29,-3.07,16,4.81,0,0,0,0,0,0,0,0.3958333333333333,10.796125,2.65775
FC_0000615,2024-06-30,NE,East & Northeast India,26.21,88.64,8,13.8,14.94,1006.54,15.65,11.98,988.2,11.97,normal_monsoon,0.16,23.19,1013.05,51.17,7.92,856.4,13.64,-8.250000000000002,-6.509999999999991,-35.52,4.0600000000000005,13.64,8.250000000000002,6.509999999999991,35.52,4.0600000000000005,0,1,0,1,1,SW-Monsoon,84.35,11.838636000000001,6.710000000000036,4.09,4.83,2.9,-0.75,7.16,64,1.49625,0,0,0,0,0,0,0,0.7734375,18.668203125,5.0324609375
FC_0000616,2024-06-07,NW,Northwest India,33.65,76.96,6,1.72,25.98,1013.72,49.42,9.33,749.0,9.23,normal_monsoon,2.46,23.81,1010.61,65.26,5.96,534.0,-0.74,2.1700000000000017,3.1100000000000136,-15.840000000000003,3.37,0.74,2.1700000000000017,3.1100000000000136,15.840000000000003,3.37,0,0,0,0,0,SW-Monsoon,50.58,6.98817,-0.4700000000000273,2.4,3.72,-1.3,1.2,1.39,36,1.5383333333333333,0,0,0,0,0,0,0,0.6025641025641025,14.582179487179488,3.756153846153846
FC_0000617,2024-04-12,WG,Western Ghats & West Coast,9.67,75.76,1,10.0,27.26,1010.1,55.85,8.53,746.9,4.13,pre_monsoon,1.46,27.24,1009.15,50.0,7.49,1009.3,8.54,0.020000000000003126,0.9500000000000455,5.850000000000001,1.0399999999999991,8.54,0.020000000000003126,0.9500000000000455,5.850000000000001,1.0399999999999991,0,0,0,0,0,Pre-Monsoon,44.15,6.371056999999999,3.1499999999999773,2.72,6.35,-0.25,1.42,0.75,1,4.13,0,0,0,0,0,0,0,0.1134453781512605,9.086302521008403,1.0998319327731092
FC_0000618,2024-04-06,WG,Western Ghats & West Coast,14.17,73.0,5,0.0,28.21,1011.19,45.07,2.58,964.2,8.16,pre_monsoon,1.15,27.85,1011.34,52.41,3.19,920.3,-1.15,0.35999999999999943,-0.14999999999997726,-7.339999999999996,-0.6099999999999999,1.15,0.35999999999999943,0.14999999999997726,7.339999999999996,0.6099999999999999,0,0,0,0,0,Pre-Monsoon,54.93,2.487636,2.0599999999999454,1.23,1.55,0.9,-1.56,-1.77,25,1.6320000000000001,0,0,0,0,0,0,0,0.47297297297297297,15.318648648648647,2.9495045045045045
FC_0000619,2021-06-19,NE,East & Northeast India,26.54,92.31,1,3.4,24.73,1012.24,77.15,3.66,1186.7,4.6,normal_monsoon,1.6,24.81,1011.97,70.5,4.41,999.8,1.7999999999999998,-0.0799999999999983,0.2699999999999818,6.650000000000006,-0.75,1.7999999999999998,0.0799999999999983,0.2699999999999818,6.650000000000006,0.75,0,0,0,0,0,SW-Monsoon,22.849999999999994,4.343322,1.009999999999991,1.31,2.58,0.2,1.55,-2.25,1,4.6,0,0,0,0,0,0,0,0.08396946564885496,4.686832061068703,1.254083969465649
FC_0000620,2024-11-17,NW,Northwest India,30.7,77.26,3,0.0,33.2,1018.88,61.22,5.49,680.5,7.14,post_monsoon,1.42,31.74,1014.26,49.91,4.09,624.6,-1.42,1.4600000000000044,4.6200000000000045,11.310000000000002,1.4000000000000004,1.42,1.4600000000000044,4.6200000000000045,11.310000000000002,1.4000000000000004,0,0,0,1,1,Post-Monsoon,38.78,3.735945,-5.6299999999999955,2.18,0.92,-0.54,-0.87,5.12,9,2.38,0,0,0,0,0,0,0,0.38207547169811323,10.293254716981133,2.4025000000000003
FC_0000621,2023-08-04,WG,Western Ghats & West Coast,14.25,76.96,6,44.55,21.11,1009.36,100.0,4.73,2235.9,23.01,heavy_rainfall,99.27,25.14,1001.78,96.7,17.24,2163.6,-54.72,-4.030000000000001,7.580000000000041,3.299999999999997,-12.509999999999998,54.72,4.030000000000001,7.580000000000041,3.299999999999997,12.509999999999998,1,1,1,1,1,SW-Monsoon,0.0,10.575807000000001,3.8899999999999864,1.93,16.4,0.26,-1.74,-4.77,36,3.8350000000000004,0,1,0,0,0,0,1,0.6075471698113207,19.574377358490565,3.890641509433962
FC_0000622,2023-03-06,EC,Bay of Bengal & East Coast,16.6,81.04,9,0.0,30.29,1007.11,70.63,7.07,266.8,12.88,fair_weather,9.35,23.69,1006.6,63.06,6.32,963.4,-9.35,6.599999999999998,0.5099999999999909,7.569999999999993,0.75,9.35,6.599999999999998,0.5099999999999909,7.569999999999993,0.75,0,1,0,0,1,Pre-Monsoon,29.370000000000005,1.886276,6.139999999999986,2.69,0.41,0.37,2.78,3.94,81,1.4311111111111112,0,0,0,0,0,0,0,0.8455284552845529,35.98406504065041,6.411097560975609
FC_0000623,2022-09-26,CI,Central India,21.76,75.82,3,72.12,28.32,999.03,95.63,20.73,2113.2,6.2,monsoon_depression,71.93,27.09,996.42,94.71,22.62,1939.5,0.18999999999999773,1.2300000000000004,2.6100000000000136,0.9200000000000017,-1.8900000000000006,0.18999999999999773,1.2300000000000004,2.6100000000000136,0.9200000000000017,1.8900000000000006,0,0,0,0,0,SW-Monsoon,4.3700000000000045,43.806636,14.220000000000027,6.91,26.09,1.26,-6.66,-3.97,9,2.066666666666667,1,0,0,0,0,0,1,0.28076923076923077,9.609423076923076,1.8744230769230767
FC_0000624,2024-05-02,CI,Central India,22.78,80.93,4,0.0,48.61,1000.81,15.53,11.55,1011.6,7.12,heat_wave,0.71,47.99,998.68,17.09,9.4,966.1,-0.71,0.6199999999999974,2.1299999999999955,-1.5600000000000005,2.1500000000000004,0.71,0.6199999999999974,2.1299999999999955,1.5600000000000005,2.1500000000000004,0,0,0,0,0,Pre-Monsoon,84.47,11.683980000000002,12.440000000000055,4.88,1.15,-0.52,2.04,-4.95,16,1.78,0,0,0,1,0,0,1,0.37890625,10.3326171875,2.6153125
FC_0000625,2021-01-29,SP,Southern Peninsula,11.75,75.54,10,14.43,28.53,1012.81,11.35,7.72,2359.2,15.36,fair_weather,6.05,32.99,1012.19,56.38,5.18,1021.7,8.379999999999999,-4.460000000000001,0.6199999999998909,-45.03,2.54,8.379999999999999,4.460000000000001,0.6199999999998909,45.03,2.54,0,1,0,0,1,Winter,88.65,18.213023999999997,0.44000000000005457,2.02,5.75,-0.59,-2.17,-1.61,100,1.536,0,0,0,0,0,0,0,0.8880597014925373,40.953582089552235,6.767388059701492
FC_0000626,2024-04-03,CI,Central India,21.75,74.81,1,7.38,26.75,1012.16,36.63,6.13,363.7,6.28,pre_monsoon,4.14,26.94,1009.52,46.87,7.24,498.6,3.24,-0.19000000000000128,2.6399999999999864,-10.239999999999995,-1.1100000000000003,3.24,0.19000000000000128,2.6399999999999864,10.239999999999995,1.1100000000000003,0,0,0,0,0,Pre-Monsoon,63.37,2.229481,1.0900000000000318,1.81,3.09,1.34,0.75,6.31,1,6.28,0,0,0,0,0,0,0,0.16923076923076924,8.377038461538461,1.3539230769230768
FC_0000627,2024-12-16,NE,East & Northeast India,26.8,94.48,10,93.26,11.23,1009.04,52.51,0.5,50.0,34.36,post_monsoon,5.39,25.32,1008.94,52.37,3.02,1020.9,87.87,-14.09,0.09999999999990905,0.14000000000000057,-2.52,87.87,14.09,0.09999999999990905,0.14000000000000057,2.52,1,1,0,0,1,Post-Monsoon,47.49,0.025,4.210000000000036,1.22,33.41,-1.14,-2.54,7.48,100,3.436,0,0,0,0,0,0,0,0.8785714285714286,31.068464285714285,7.881642857142857
FC_0000628,2021-12-05,CI,Central India,25.7,75.49,2,10.24,26.27,1012.58,60.72,7.38,693.3,4.68,post_monsoon,1.31,27.44,1012.41,62.96,4.88,820.3,8.93,-1.1700000000000017,0.17000000000007276,-2.240000000000002,2.5,8.93,1.1700000000000017,0.17000000000007276,2.240000000000002,2.5,0,0,0,0,0,Post-Monsoon,39.28,5.116553999999999,0.6699999999999591,1.9,3.72,-0.97,-0.37,5.24,4,2.34,0,0,0,0,0,0,0,0.2196078431372549,7.970745098039216,2.0045098039215685
FC_0000629,2024-10-20,CI,Central India,22.26,79.68,7,0.0,30.97,1013.79,48.31,1.14,536.8,36.37,post_monsoon,0.38,29.33,1009.76,58.36,6.62,643.5,-0.38,1.6400000000000006,4.029999999999973,-10.049999999999997,-5.48,0.38,1.6400000000000006,4.029999999999973,10.049999999999997,5.48,0,0,0,1,1,Post-Monsoon,51.69,0.6119519999999998,-0.5399999999999636,0.82,0.45,-0.58,0.93,-3.48,49,5.195714285714286,0,0,0,0,0,0,0,0.7537878787878788,21.91992424242424,4.943787878787879
FC_0000630,2024-09-27,EC,Bay of Bengal & East Coast,21.15,85.65,8,7.34,26.23,1008.64,77.61,0.5,4076.6,25.23,monsoon_depression,37.68,26.85,996.09,91.23,14.75,3409.7,-30.34,-0.620000000000001,12.549999999999955,-13.620000000000005,-14.25,30.34,0.620000000000001,12.549999999999955,13.620000000000005,14.25,1,0,1,1,1,SW-Monsoon,22.39,2.0383,4.610000000000014,1.1,3.62,-1.46,-7.45,-2.4,64,3.15375,1,0,0,0,0,0,1,0.7910447761194029,29.504365671641793,4.961007462686567
FC_0000631,2022-05-15,WG,Western Ghats & West Coast,9.75,74.46,1,8.14,32.25,1007.76,56.85,8.22,519.4,4.48,pre_monsoon,6.32,30.93,1007.08,50.62,7.41,409.4,1.8200000000000003,1.3200000000000003,0.67999999999995,6.230000000000004,0.8100000000000005,1.8200000000000003,1.3200000000000003,0.67999999999995,6.230000000000004,0.8100000000000005,0,0,0,0,0,Pre-Monsoon,43.15,4.269468,5.490000000000009,2.98,4.22,1.4,0.1,-9.38,1,4.48,0,0,0,0,0,0,0,0.1134453781512605,9.086302521008403,1.0998319327731092
FC_0000632,2022-05-26,EC,Bay of Bengal & East Coast,18.2,86.3,9,89.85,50.86,1009.09,74.56,0.5,1554.2,24.6,pre_monsoon,1.77,29.71,1006.31,64.12,4.32,968.7,88.08,21.15,2.7800000000000864,10.439999999999998,-3.8200000000000003,88.08,21.15,2.7800000000000864,10.439999999999998,3.8200000000000003,1,1,0,0,1,Pre-Monsoon,25.439999999999998,0.7771,4.159999999999968,1.14,34.94,0.14,-0.0,-4.18,81,2.7333333333333334,0,0,0,0,0,0,0,0.8455284552845529,35.98406504065041,6.411097560975609
FC_0000633,2024-09-12,NE,East & Northeast India,28.34,87.17,6,25.75,27.86,1009.96,57.65,7.56,1005.4,12.19,normal_monsoon,1.49,26.04,1014.19,52.43,7.57,1165.2,24.26,1.8200000000000003,-4.230000000000018,5.219999999999999,-0.010000000000000675,24.26,1.8200000000000003,4.230000000000018,5.219999999999999,0.010000000000000675,0,0,0,1,1,SW-Monsoon,42.35,7.600823999999999,3.2899999999999636,2.53,9.91,-0.8,0.69,3.03,36,2.0316666666666667,0,0,0,0,0,0,0,0.5887096774193549,16.5770564516129,4.45866935483871
FC_0000634,2021-08-05,CI,Central India,25.61,74.59,1,13.63,25.97,1010.52,70.52,8.46,868.1,4.02,normal_monsoon,7.6,26.47,1009.57,62.98,6.86,874.6,6.030000000000001,-0.5,0.9499999999999318,7.539999999999999,1.6000000000000005,6.030000000000001,0.5,0.9499999999999318,7.539999999999999,1.6000000000000005,0,0,0,0,0,SW-Monsoon,29.480000000000004,7.344126000000001,2.730000000000018,2.43,4.97,0.86,0.18,3.57,1,4.02,0,0,0,0,0,0,0,0.16923076923076924,8.377038461538461,1.3539230769230768
FC_0000635,2024-08-17,WG,Western Ghats & West Coast,19.81,76.36,4,0.0,18.0,1010.78,61.48,8.25,1385.5,21.44,normal_monsoon,2.21,25.19,1013.76,59.74,7.51,676.9,-2.21,-7.190000000000001,-2.980000000000018,1.7399999999999949,0.7400000000000002,2.21,7.190000000000001,2.980000000000018,1.7399999999999949,0.7400000000000002,0,1,0,0,1,SW-Monsoon,38.52,11.430375,2.4700000000000273,2.39,0.51,-0.52,-1.25,-3.01,16,5.36,0,0,0,0,0,0,0,0.42084942084942084,15.014478764478765,2.5983397683397684
FC_0000636,2024-03-01,SP,Southern Peninsula,13.28,79.04,4,8.58,24.4,1016.1,58.75,2.93,248.1,10.1,fair_weather,5.62,24.9,1014.01,57.55,4.39,499.4,2.96,-0.5,2.090000000000032,1.2000000000000028,-1.4599999999999995,2.96,0.5,2.090000000000032,1.2000000000000028,1.4599999999999995,0,0,0,0,0,Pre-Monsoon,41.25,0.7269329999999999,-2.8500000000000227,1.3,3.74,2.13,1.56,3.08,16,2.525,0,0,0,0,0,0,0,0.37593984962406013,15.084887218045113,2.2651503759398497
FC_0000637,2023-12-30,SP,Southern Peninsula,8.58,75.23,7,59.25,27.98,981.24,82.13,9.66,3445.4,29.02,cyclone,131.66,27.8,968.98,97.43,36.48,2977.2,-72.41,0.17999999999999972,12.259999999999991,-15.300000000000011,-26.819999999999997,72.41,0.17999999999999972,12.259999999999991,15.300000000000011,26.819999999999997,1,0,1,1,1,Post-Monsoon,17.870000000000005,33.282564,32.00999999999999,7.11,21.93,1.27,-10.93,4.91,49,4.145714285714286,0,0,1,0,0,0,1,0.690677966101695,21.64720338983051,4.4192372881355935
FC_0000638,2024-06-29,CI,Central India,18.81,74.87,1,69.72,29.19,998.94,97.1,12.32,2076.5,11.52,monsoon_depression,117.03,29.77,988.34,90.74,19.12,2311.9,-47.31,-0.5799999999999983,10.600000000000023,6.359999999999999,-6.800000000000001,47.31,0.5799999999999983,10.600000000000023,6.359999999999999,6.800000000000001,1,0,1,1,1,SW-Monsoon,2.9000000000000057,25.58248,14.309999999999945,5.01,25.88,0.89,-6.46,2.16,1,11.52,1,0,0,0,0,0,1,0.16923076923076924,8.377038461538461,1.3539230769230768
FC_0000639,2024-12-09,CI,Central India,22.38,76.15,10,0.0,24.47,1021.38,72.3,0.5,1411.7,17.27,post_monsoon,2.0,22.62,1013.8,51.88,6.93,932.0,-2.0,1.8499999999999979,7.580000000000041,20.419999999999995,-6.43,2.0,1.8499999999999979,7.580000000000041,20.419999999999995,6.43,0,0,1,1,1,Post-Monsoon,27.700000000000003,0.70585,-8.129999999999995,1.67,0.28,0.53,0.93,4.03,100,1.7269999999999999,0,0,0,0,0,0,0,0.8715953307392996,29.820038910505836,6.153385214007782
FC_0000640,2022-03-21,SP,Southern Peninsula,14.88,77.45,9,7.64,27.87,1012.33,51.42,12.14,1616.4,14.99,fair_weather,12.34,32.54,1014.47,40.82,4.49,1085.5,-4.7,-4.669999999999998,-2.1399999999999864,10.600000000000001,7.65,4.7,4.669999999999998,2.1399999999999864,10.600000000000001,7.65,0,1,1,0,1,Pre-Monsoon,48.58,19.623096,0.9199999999999591,3.13,5.61,1.11,0.95,5.77,81,1.6655555555555557,0,0,0,0,0,0,0,0.8717948717948718,33.72879120879121,7.428937728937728
FC_0000641,2023-05-26,SP,Southern Peninsula,13.56,78.59,1,2.55,25.55,1015.76,59.95,2.08,379.9,3.97,pre_monsoon,0.33,26.1,1014.36,55.82,3.26,555.4,2.2199999999999998,-0.5500000000000007,1.3999999999999773,4.130000000000003,-1.1799999999999997,2.2199999999999998,0.5500000000000007,1.3999999999999773,4.130000000000003,1.1799999999999997,0,0,0,0,0,Pre-Monsoon,40.05,0.790192,-2.509999999999991,1.32,4.02,0.06,1.27,-2.39,1,3.97,0,0,0,0,0,0,0,0.1214574898785425,7.125991902834008,1.2743724696356276
FC_0000642,2024-04-20,NE,East & Northeast India,23.72,87.92,10,0.0,59.48,1007.9,40.2,4.44,1435.5,37.31,pre_monsoon,9.35,31.41,1014.98,55.4,4.51,419.8,-9.35,28.069999999999997,-7.080000000000041,-15.199999999999996,-0.0699999999999994,9.35,28.069999999999997,7.080000000000041,15.199999999999996,0.0699999999999994,0,1,0,1,1,Pre-Monsoon,59.8,6.373620000000001,5.350000000000023,2.07,1.76,0.56,0.91,3.47,100,3.7310000000000003,0,0,0,0,0,0,0,0.8785714285714286,31.068464285714285,7.881642857142857
FC_0000643,2021-06-16,CI,Central India,20.74,81.97,3,0.0,25.37,1011.98,54.75,5.05,1040.2,10.5,normal_monsoon,1.34,25.28,1012.01,66.82,7.02,977.0,-1.34,0.08999999999999986,-0.029999999999972715,-12.069999999999993,-1.9699999999999998,1.34,0.08999999999999986,0.029999999999972715,12.069999999999993,1.9699999999999998,0,0,0,0,0,SW-Monsoon,45.25,5.253010000000001,1.2699999999999818,1.48,0.55,1.53,-5.03,-9.06,9,3.5,0,0,0,0,0,0,0,0.28076923076923077,9.609423076923076,1.8744230769230767
FC_0000644,2021-04-01,SP,Southern Peninsula,12.69,76.39,1,27.55,23.17,1006.43,57.49,3.84,975.4,11.66,pre_monsoon,2.99,27.39,1006.9,60.25,5.26,518.9,24.560000000000002,-4.219999999999999,-0.4700000000000273,-2.759999999999998,-1.42,24.560000000000002,4.219999999999999,0.4700000000000273,2.759999999999998,1.42,0,1,0,0,1,Pre-Monsoon,42.51,3.7455359999999995,6.82000000000005,2.02,9.99,1.62,-0.03,0.35,1,11.66,0,0,0,0,0,0,0,0.1214574898785425,7.125991902834008,1.2743724696356276
FC_0000645,2022-12-15,NW,Northwest India,34.63,68.55,1,15.78,32.05,1012.85,52.91,7.61,601.4,5.07,post_monsoon,7.45,30.83,1011.11,47.02,5.85,483.7,8.329999999999998,1.2199999999999989,1.740000000000009,5.8899999999999935,1.7600000000000007,8.329999999999998,1.2199999999999989,1.740000000000009,5.8899999999999935,1.7600000000000007,0,0,0,0,0,Post-Monsoon,47.09,4.576654,0.39999999999997726,2.14,6.4,0.6,2.23,0.48,1,5.07,0,0,0,0,0,0,0,0.15873015873015872,5.933611111111111,1.5877777777777777
FC_0000646,2021-02-08,SP,Southern Peninsula,13.59,77.42,4,3.75,29.19,1015.71,54.74,6.22,440.9,7.97,fair_weather,1.14,30.06,1012.66,58.93,7.88,720.2,2.6100000000000003,-0.8699999999999974,3.050000000000068,-4.189999999999998,-1.6600000000000001,2.6100000000000003,0.8699999999999974,3.050000000000068,4.189999999999998,1.6600000000000001,0,0,0,0,0,Winter,45.26,2.7423979999999997,-2.4600000000000364,2.21,3.01,0.43,-0.69,2.55,16,1.9925,0,0,0,0,0,0,0,0.37593984962406013,15.084887218045113,2.2651503759398497
FC_0000647,2024-02-24,WG,Western Ghats & West Coast,16.78,76.67,2,10.5,24.01,1010.14,71.79,5.45,770.2,6.87,fair_weather,10.98,24.64,1011.22,58.79,3.53,642.6,-0.4800000000000004,-0.629999999999999,-1.080000000000041,13.000000000000007,1.9200000000000004,0.4800000000000004,0.629999999999999,1.080000000000041,13.000000000000007,1.9200000000000004,0,0,0,0,0,Winter,28.209999999999994,4.19759,3.1100000000000136,1.9,3.76,1.54,1.98,-4.72,4,3.435,0,0,0,0,0,0,0,0.20392156862745098,10.022705882352941,1.5912549019607842
FC_0000648,2021-06-22,WG,Western Ghats & West Coast,17.0,74.49,9,116.34,25.16,1003.33,100.0,17.79,2577.4,13.26,heavy_rainfall,117.74,24.02,1002.54,98.68,12.6,3354.1,-1.3999999999999915,1.1400000000000006,0.7900000000000773,1.3199999999999932,5.1899999999999995,1.3999999999999915,1.1400000000000006,0.7900000000000773,1.3199999999999932,5.1899999999999995,0,0,0,0,0,SW-Monsoon,0.0,45.851946,9.919999999999959,5.53,40.88,0.64,0.59,3.62,81,1.4733333333333334,0,1,0,0,0,0,1,0.8592592592592593,29.854703703703706,6.722148148148149
FC_0000649,2022-10-15,NW,Northwest India,25.96,76.06,1,12.49,26.19,1008.39,74.87,5.01,114.1,4.21,post_monsoon,10.31,28.06,1008.41,74.66,6.32,336.5,2.1799999999999997,-1.8699999999999974,-0.01999999999998181,0.21000000000000796,-1.3100000000000005,2.1799999999999997,1.8699999999999974,0.01999999999998181,0.21000000000000796,1.3100000000000005,0,0,0,0,0,Post-Monsoon,25.129999999999995,0.571641,4.860000000000014,2.3,6.17,-0.8,-0.3,-2.06,1,4.21,0,0,0,0,0,0,0,0.15873015873015872,5.933611111111111,1.5877777777777777
FC_0000650,2023-01-24,NE,East & Northeast India,24.92,85.9,3,6.92,21.56,1005.56,42.17,4.43,342.1,7.04,fair_weather,12.14,22.05,1008.35,48.3,5.75,452.5,-5.220000000000001,-0.490000000000002,-2.7900000000000773,-6.1299999999999955,-1.3200000000000003,5.220000000000001,0.490000000000002,2.7900000000000773,6.1299999999999955,1.3200000000000003,0,0,0,0,0,Winter,57.83,1.5155029999999998,7.690000000000055,2.28,2.89,0.98,-2.86,5.85,9,2.3466666666666667,0,0,0,0,0,0,0,0.25190839694656486,7.7308778625954195,2.112251908396947
FC_0000651,2024-05-28,CI,Central India,23.75,76.92,2,32.34,36.37,1018.47,35.18,2.9,1434.9,11.82,pre_monsoon,4.36,25.18,1014.84,45.36,3.21,937.2,27.980000000000004,11.189999999999998,3.6299999999999955,-10.18,-0.31000000000000005,27.980000000000004,11.189999999999998,3.6299999999999955,10.18,0.31000000000000005,1,1,0,0,1,Pre-Monsoon,64.82,4.16121,-5.220000000000027,1.7,12.01,0.31,0.92,-1.17,4,5.91,0,0,0,0,0,0,0,0.2196078431372549,7.970745098039216,2.0045098039215685
FC_0000652,2023-12-18,CI,Central India,18.39,83.03,1,4.13,29.05,1009.83,74.91,6.17,694.8,4.87,post_monsoon,2.26,28.78,1008.51,70.37,4.61,833.7,1.87,0.2699999999999996,1.32000000000005,4.539999999999992,1.5599999999999996,1.87,0.2699999999999996,1.32000000000005,4.539999999999992,1.5599999999999996,0,0,0,0,0,Post-Monsoon,25.090000000000003,4.286915999999999,3.419999999999959,2.26,2.13,0.59,1.0,-0.45,1,4.87,0,0,0,0,0,0,0,0.16923076923076924,8.377038461538461,1.3539230769230768
FC_0000653,2022-04-21,SP,Southern Peninsula,11.86,76.55,9,20.4,18.48,1022.11,54.25,3.2,50.0,14.81,pre_monsoon,4.5,26.68,1013.99,55.67,7.13,842.0,15.899999999999999,-8.2,8.120000000000005,-1.4200000000000017,-3.9299999999999997,15.899999999999999,8.2,8.120000000000005,1.4200000000000017,3.9299999999999997,0,1,0,1,1,Pre-Monsoon,45.75,0.16,-8.860000000000014,2.2,8.44,1.63,0.21,-6.77,81,1.6455555555555557,0,0,0,0,0,0,0,0.8717948717948718,33.72879120879121,7.428937728937728
FC_0000654,2022-04-01,WG,Western Ghats & West Coast,16.6,76.49,5,0.0,28.22,1014.31,81.32,9.41,704.7,8.39,pre_monsoon,0.15,26.0,1012.01,64.38,7.96,939.9,-0.15,2.219999999999999,2.2999999999999545,16.939999999999998,1.4500000000000002,0.15,2.219999999999999,2.2999999999999545,16.939999999999998,1.4500000000000002,0,0,0,0,0,Pre-Monsoon,18.680000000000007,6.631227000000001,-1.0599999999999454,2.62,0.85,-1.23,-2.28,-2.12,25,1.6780000000000002,0,0,0,0,0,0,0,0.47297297297297297,15.318648648648647,2.9495045045045045
FC_0000655,2023-04-09,NE,East & Northeast India,21.0,93.25,6,0.0,34.55,1015.67,68.24,11.19,945.2,15.66,pre_monsoon,1.1,31.02,1012.87,52.32,7.9,706.6,-1.1,3.5299999999999976,2.7999999999999545,15.919999999999995,3.289999999999999,1.1,3.5299999999999976,2.7999999999999545,15.919999999999995,3.289999999999999,0,1,0,0,1,Pre-Monsoon,31.760000000000005,10.576788,-2.419999999999959,3.1,1.24,-0.93,1.62,-0.29,36,2.61,0,0,0,0,0,0,0,0.5887096774193549,16.5770564516129,4.45866935483871
FC_0000656,2023-06-14,NE,East & Northeast India,27.52,87.52,8,27.89,21.01,1012.8,35.81,1.37,1650.2,13.06,normal_monsoon,4.13,27.11,1008.77,53.29,4.96,761.7,23.76,-6.099999999999998,4.029999999999973,-17.479999999999997,-3.59,23.76,6.099999999999998,4.029999999999973,17.479999999999997,3.59,0,1,0,1,1,SW-Monsoon,64.19,2.2607740000000005,0.4500000000000455,0.58,14.29,1.85,0.03,-0.31,64,1.6325,0,0,0,0,0,0,0,0.7734375,18.668203125,5.0324609375
FC_0000657,2024-10-16,NE,East & Northeast India,25.16,86.07,7,3.31,21.37,1013.34,62.87,5.6,136.3,12.32,post_monsoon,5.46,23.55,1010.85,74.38,7.37,716.3,-2.15,-2.1799999999999997,2.490000000000009,-11.509999999999998,-1.7700000000000005,2.15,2.1799999999999997,2.490000000000009,11.509999999999998,1.7700000000000005,0,0,0,0,0,Post-Monsoon,37.13,0.76328,-0.09000000000003183,1.74,3.15,-0.78,-1.05,-0.06,49,1.76,0,0,0,0,0,0,0,0.777292576419214,16.60921397379913,5.613624454148471
FC_0000658,2023-10-22,SP,Southern Peninsula,13.97,79.66,7,79.75,27.02,972.79,85.8,29.41,2580.8,11.22,cyclone,74.55,28.79,970.4,93.33,25.84,2691.4,5.200000000000003,-1.7699999999999996,2.3899999999999864,-7.530000000000001,3.5700000000000003,5.200000000000003,1.7699999999999996,2.3899999999999864,7.530000000000001,3.5700000000000003,0,0,0,0,0,Post-Monsoon,14.200000000000003,75.901328,40.460000000000036,12.65,30.13,0.9,-15.28,-8.77,49,1.602857142857143,0,0,1,0,0,0,1,0.690677966101695,21.64720338983051,4.4192372881355935
FC_0000659,2022-01-22,CI,Central India,18.87,82.16,9,0.0,30.4,1011.89,92.8,0.5,627.8,15.03,fair_weather,9.03,25.41,1012.44,73.75,4.83,608.6,-9.03,4.989999999999998,-0.5500000000000682,19.049999999999997,-4.33,9.03,4.989999999999998,0.5500000000000682,19.049999999999997,4.33,0,1,0,0,1,Winter,7.200000000000003,0.31389999999999996,1.3600000000000136,0.73,0.95,-0.5,0.44,-4.27,81,1.67,0,0,0,0,0,0,0,0.8769230769230769,22.42480769230769,6.476230769230769
FC_0000660,2021-12-14,NE,East & Northeast India,27.56,89.16,3,50.19,11.87,1009.45,81.9,3.77,1213.7,14.67,post_monsoon,9.3,23.13,1007.49,73.37,4.58,882.5,40.89,-11.26,1.9600000000000364,8.530000000000001,-0.81,40.89,11.26,1.9600000000000364,8.530000000000001,0.81,1,1,0,0,1,Post-Monsoon,18.099999999999994,4.575649,3.7999999999999545,1.6,18.35,2.14,-1.14,-2.35,9,4.89,0,0,0,0,0,0,0,0.25190839694656486,7.7308778625954195,2.112251908396947
FC_0000661,2021-07-09,SP,Southern Peninsula,13.52,75.0,10,0.0,44.41,1005.14,52.27,6.55,956.1,47.91,normal_monsoon,1.52,26.95,1010.1,51.41,6.13,796.1,-1.52,17.459999999999997,-4.960000000000036,0.8600000000000065,0.41999999999999993,1.52,17.459999999999997,4.960000000000036,0.8600000000000065,0.41999999999999993,0,1,0,1,1,SW-Monsoon,47.73,6.262455,8.110000000000014,2.76,4.27,0.15,0.16,8.16,100,4.7909999999999995,0,0,0,0,0,0,0,0.8880597014925373,40.953582089552235,6.767388059701492
FC_0000662,2022-05-20,SP,Southern Peninsula,15.45,78.03,8,20.08,18.58,1014.99,67.36,0.5,1108.0,11.96,pre_monsoon,0.45,22.91,1014.69,50.55,3.45,463.7,19.63,-4.330000000000002,0.2999999999999545,16.810000000000002,-2.95,19.63,4.330000000000002,0.2999999999999545,16.810000000000002,2.95,0,1,0,0,1,Pre-Monsoon,32.64,0.554,-1.740000000000009,0.73,11.52,-1.37,0.36,6.98,64,1.495,0,0,0,0,0,0,0,0.8173913043478261,28.809652173913044,6.443217391304348
FC_0000663,2024-04-29,NW,Northwest India,32.06,74.65,6,0.0,20.16,1004.29,50.45,9.88,1153.6,26.87,pre_monsoon,1.41,23.7,1006.42,46.92,7.71,814.8,-1.41,-3.539999999999999,-2.1299999999999955,3.530000000000001,2.170000000000001,1.41,3.539999999999999,2.1299999999999955,3.530000000000001,2.170000000000001,0,1,0,0,1,Pre-Monsoon,49.55,11.397568,8.960000000000036,3.88,0.01,-0.5,-0.04,-1.38,36,4.4783333333333335,0,0,0,0,0,0,0,0.6025641025641025,14.582179487179488,3.756153846153846
FC_0000664,2024-10-24,EC,Bay of Bengal & East Coast,17.18,87.71,8,0.0,18.14,1009.52,50.21,5.0,1147.1,39.68,post_monsoon,9.35,25.58,1014.06,42.48,4.72,1036.7,-9.35,-7.439999999999998,-4.539999999999964,7.730000000000004,0.28000000000000025,9.35,7.439999999999998,4.539999999999964,7.730000000000004,0.28000000000000025,0,1,0,1,1,Post-Monsoon,49.79,5.7355,3.730000000000018,1.82,0.14,-1.84,0.23,-1.4,64,4.96,0,0,0,0,0,0,0,0.7910447761194029,29.504365671641793,4.961007462686567
FC_0000665,2024-12-03,NE,East & Northeast India,26.18,95.89,4,2.32,27.66,1009.71,47.94,11.85,50.0,8.76,post_monsoon,6.88,28.68,1011.04,42.88,7.25,514.5,-4.5600000000000005,-1.0199999999999996,-1.3299999999999272,5.059999999999995,4.6,4.5600000000000005,1.0199999999999996,1.3299999999999272,5.059999999999995,4.6,0,0,0,0,0,Post-Monsoon,52.06,0.5925,3.5399999999999636,3.42,2.9,-2.57,-3.03,5.91,16,2.19,0,0,0,0,0,0,0,0.3958333333333333,10.796125,2.65775
FC_0000666,2023-04-04,EC,Bay of Bengal & East Coast,17.41,81.54,1,7.39,22.17,1011.36,62.91,4.81,618.3,3.26,pre_monsoon,2.49,23.14,1012.71,70.8,6.25,622.3,4.8999999999999995,-0.9699999999999989,-1.3500000000000227,-7.890000000000001,-1.4400000000000004,4.8999999999999995,0.9699999999999989,1.3500000000000227,7.890000000000001,1.4400000000000004,0,0,0,0,0,Pre-Monsoon,37.09,2.974023,1.8899999999999864,1.79,4.14,-1.16,1.04,2.39,1,3.26,0,0,0,0,0,0,0,0.14418604651162792,12.282837209302325,1.1518604651162792
FC_0000667,2023-07-18,CI,Central India,25.31,80.82,3,5.1,29.34,994.82,99.48,2.62,3530.0,19.75,monsoon_depression,79.48,29.64,989.4,90.67,16.09,3344.5,-74.38000000000001,-0.3000000000000007,5.420000000000073,8.810000000000002,-13.469999999999999,74.38000000000001,0.3000000000000007,5.420000000000073,8.810000000000002,13.469999999999999,1,0,1,1,1,SW-Monsoon,0.519999999999996,9.2486,18.42999999999995,3.67,2.65,-0.42,-5.93,-2.37,9,6.583333333333333,1,0,0,0,0,0,1,0.28076923076923077,9.609423076923076,1.8744230769230767
FC_0000668,2023-07-23,SP,Southern Peninsula,13.59,80.42,10,0.0,29.88,1021.32,46.03,6.16,1186.8,32.22,normal_monsoon,0.61,28.47,1010.81,49.99,5.04,373.3,-0.61,1.4100000000000001,10.510000000000105,-3.960000000000001,1.12,0.61,1.4100000000000001,10.510000000000105,3.960000000000001,1.12,0,0,0,1,1,SW-Monsoon,53.97,7.310688,-8.07000000000005,2.9,0.12,-0.63,-1.39,-4.07,100,3.222,0,0,0,0,0,0,0,0.8880597014925373,40.953582089552235,6.767388059701492
FC_0000669,2024-02-15,NE,East & Northeast India,21.64,90.14,3,18.34,24.92,1013.18,73.11,7.16,820.8,5.86,fair_weather,20.16,22.39,1012.68,62.86,6.38,873.9,-1.8200000000000003,2.530000000000001,0.5,10.25,0.7800000000000002,1.8200000000000003,2.530000000000001,0.5,10.25,0.7800000000000002,0,0,0,0,0,Winter,26.89,5.8769279999999995,0.07000000000005002,1.96,8.07,-2.15,0.05,4.34,9,1.9533333333333334,0,0,0,0,0,0,0,0.25190839694656486,7.7308778625954195,2.112251908396947
FC_0000670,2021-05-14,WG,Western Ghats & West Coast,10.87,75.34,1,2.62,25.17,1014.18,46.07,3.25,434.1,6.5,pre_monsoon,4.13,26.17,1014.33,52.98,3.96,348.7,-1.5099999999999998,-1.0,-0.15000000000009095,-6.909999999999997,-0.71,1.5099999999999998,1.0,0.15000000000009095,6.909999999999997,0.71,0,0,0,0,0,Pre-Monsoon,53.93,1.410825,-0.92999999999995,0.99,2.75,1.47,-1.63,0.6,1,6.5,0,0,0,0,0,0,0,0.1134453781512605,9.086302521008403,1.0998319327731092
FC_0000671,2021-02-27,CI,Central India,24.45,83.66,5,17.17,5.09,1011.93,53.87,0.5,268.3,25.87,fair_weather,0.84,24.87,1011.86,48.28,4.66,386.1,16.330000000000002,-19.78,0.06999999999993634,5.589999999999996,-4.16,16.330000000000002,19.78,0.06999999999993634,5.589999999999996,4.16,0,1,0,0,1,Winter,46.13,0.13415000000000002,1.32000000000005,0.44,6.45,1.42,-2.17,-3.94,25,5.174,0,0,0,0,0,0,0,0.5210727969348659,16.352222222222224,3.35264367816092
FC_0000672,2022-11-16,NW,Northwest India,29.91,75.86,6,54.74,16.05,1012.43,74.67,10.76,590.9,18.15,western_disturbance,20.07,12.36,1008.39,83.78,12.56,654.1,34.67,3.6900000000000013,4.039999999999964,-9.11,-1.8000000000000007,34.67,3.6900000000000013,4.039999999999964,9.11,1.8000000000000007,1,1,0,1,1,Post-Monsoon,25.33,6.358084,0.82000000000005,2.98,19.8,0.89,-1.32,3.69,36,3.025,0,0,0,0,1,0,1,0.6025641025641025,14.582179487179488,3.756153846153846
FC_0000673,2022-11-03,NW,Northwest India,35.92,74.83,9,83.5,13.76,1012.28,85.39,23.5,601.1,13.81,western_disturbance,55.03,17.41,1006.27,76.33,14.16,1052.6,28.47,-3.6500000000000004,6.009999999999991,9.060000000000002,9.34,28.47,3.6500000000000004,6.009999999999991,9.060000000000002,9.34,1,1,1,1,1,Post-Monsoon,14.61,14.12585,0.9700000000000273,5.69,29.93,-0.35,0.82,6.09,81,1.5344444444444445,0,0,0,0,1,0,1,0.7936507936507936,22.855674603174602,6.38031746031746
FC_0000674,2021-06-22,EC,Bay of Bengal & East Coast,13.67,85.47,8,0.0,38.67,1006.63,64.84,0.5,656.5,30.44,normal_monsoon,18.06,32.76,1009.81,58.62,3.13,740.3,-18.06,5.910000000000004,-3.17999999999995,6.220000000000006,-2.63,18.06,5.910000000000004,3.17999999999995,6.220000000000006,2.63,1,1,0,0,1,SW-Monsoon,35.16,0.32825,6.6200000000000045,1.27,0.82,1.89,1.63,5.9,64,3.805,0,0,0,0,0,0,0,0.7910447761194029,29.504365671641793,4.961007462686567
FC_0000675,2023-03-26,SP,Southern Peninsula,15.76,80.43,4,6.01,20.2,1009.04,89.55,7.32,1150.9,7.52,fair_weather,0.08,22.41,1011.01,71.42,7.82,960.5,5.93,-2.210000000000001,-1.9700000000000273,18.129999999999995,-0.5,5.93,2.210000000000001,1.9700000000000273,18.129999999999995,0.5,0,0,0,0,0,Pre-Monsoon,10.450000000000003,8.424588000000002,4.210000000000036,2.49,2.53,0.98,2.36,-1.25,16,1.88,0,0,0,0,0,0,0,0.37593984962406013,15.084887218045113,2.2651503759398497
FC_0000676,2024-03-18,EC,Bay of Bengal & East Coast,18.07,87.98,6,19.93,25.86,1015.61,70.89,8.43,507.8,9.84,fair_weather,3.5,30.22,1011.1,60.44,3.35,341.1,16.43,-4.359999999999999,4.509999999999991,10.450000000000003,5.08,16.43,4.359999999999999,4.509999999999991,10.450000000000003,5.08,0,1,0,1,1,Pre-Monsoon,29.11,4.280754,-2.3600000000000136,2.35,7.34,-0.29,0.76,-2.71,36,1.64,0,0,0,0,0,0,0,0.6809338521400778,24.520038910505836,3.678326848249027
FC_0000677,2021-03-21,WG,Western Ghats & West Coast,10.4,73.61,3,6.49,21.93,1009.42,65.69,2.7,1195.7,6.07,fair_weather,9.5,23.6,1011.05,60.69,4.75,1081.7,-3.01,-1.6700000000000017,-1.6299999999999955,5.0,-2.05,3.01,1.6700000000000017,1.6299999999999955,5.0,2.05,0,0,0,0,0,Pre-Monsoon,34.31,3.2283900000000005,3.830000000000041,1.62,2.52,0.47,-0.12,2.76,9,2.0233333333333334,0,0,0,0,0,0,0,0.32926829268292684,13.52512195121951,2.1642276422764226
FC_0000678,2023-06-05,WG,Western Ghats & West Coast,19.43,73.11,1,43.19,27.37,1012.32,91.97,7.19,2663.6,9.07,heavy_rainfall,116.08,28.82,1000.52,93.28,19.63,3035.7,-72.89,-1.4499999999999993,11.800000000000068,-1.3100000000000023,-12.439999999999998,72.89,1.4499999999999993,11.800000000000068,1.3100000000000023,12.439999999999998,1,0,1,1,1,SW-Monsoon,8.030000000000001,19.151284,0.92999999999995,2.11,17.2,-0.08,0.87,-2.45,1,9.07,0,1,0,0,0,0,1,0.1134453781512605,9.086302521008403,1.0998319327731092
FC_0000679,2024-05-21,NW,Northwest India,26.48,72.21,9,16.19,26.11,1018.73,46.8,3.3,2102.2,13.73,pre_monsoon,2.76,28.24,1014.09,46.68,5.29,502.9,13.430000000000001,-2.129999999999999,4.639999999999986,0.11999999999999744,-1.9900000000000002,13.430000000000001,2.129999999999999,4.639999999999986,0.11999999999999744,1.9900000000000002,0,0,0,1,1,Pre-Monsoon,53.2,6.937259999999999,-5.480000000000018,1.73,7.03,-1.02,-1.76,4.12,81,1.5255555555555556,0,0,0,0,0,0,0,0.7936507936507936,22.855674603174602,6.38031746031746
FC_0000680,2021-07-22,NE,East & Northeast India,26.01,92.25,8,0.0,25.11,1002.76,76.9,9.87,2058.7,13.61,normal_monsoon,4.76,28.44,1007.18,69.07,3.61,458.9,-4.76,-3.330000000000002,-4.419999999999959,7.8300000000000125,6.26,4.76,3.330000000000002,4.419999999999959,7.8300000000000125,6.26,0,1,1,1,1,SW-Monsoon,23.099999999999994,20.319368999999995,10.490000000000009,3.93,2.29,0.78,-0.91,-0.43,64,1.70125,0,0,0,0,0,0,0,0.7734375,18.668203125,5.0324609375
FC_0000681,2023-02-03,NW,Northwest India,27.8,77.21,6,0.0,21.75,1007.99,74.58,4.39,1165.8,10.21,fair_weather,10.08,24.98,1007.83,47.67,6.26,1046.8,-10.08,-3.2300000000000004,0.15999999999996817,26.909999999999997,-1.87,10.08,3.2300000000000004,0.15999999999996817,26.909999999999997,1.87,0,1,0,0,1,Winter,25.42,5.117861999999999,5.259999999999991,2.15,0.42,0.37,-0.29,1.17,36,1.7016666666666669,0,0,0,0,0,0,0,0.6025641025641025,14.582179487179488,3.756153846153846
FC_0000682,2024-06-06,NW,Northwest India,35.9,71.92,3,11.65,31.79,1010.31,82.24,7.71,2293.0,6.09,active_break_monsoon,9.25,32.19,1006.55,73.68,8.85,2166.9,2.4000000000000004,-0.3999999999999986,3.759999999999991,8.559999999999988,-1.1399999999999997,2.4000000000000004,0.3999999999999986,3.759999999999991,8.559999999999988,1.1399999999999997,0,0,0,0,0,SW-Monsoon,17.760000000000005,17.679029999999997,2.9400000000000546,2.41,4.77,0.87,1.63,2.29,9,2.03,0,0,0,0,0,1,0,0.38207547169811323,10.293254716981133,2.4025000000000003
FC_0000683,2024-06-04,WG,Western Ghats & West Coast,13.21,75.66,5,0.0,27.73,1010.24,33.03,10.66,1345.3,10.1,normal_monsoon,6.01,29.56,1011.72,48.27,7.64,1193.0,-6.01,-1.8299999999999983,-1.4800000000000182,-15.240000000000002,3.0200000000000005,6.01,1.8299999999999983,1.4800000000000182,15.240000000000002,3.0200000000000005,0,0,0,0,0,SW-Monsoon,66.97,14.340898,3.009999999999991,3.0,0.8,-2.15,-0.08,-0.17,25,2.02,0,0,0,0,0,0,0,0.47297297297297297,15.318648648648647,2.9495045045045045
FC_0000684,2024-11-26,EC,Bay of Bengal & East Coast,18.29,83.44,9,15.52,32.53,1000.81,82.44,0.5,370.4,13.92,post_monsoon,1.52,28.11,1008.86,65.89,4.36,847.8,14.0,4.420000000000002,-8.050000000000068,16.549999999999997,-3.8600000000000003,14.0,4.420000000000002,8.050000000000068,16.549999999999997,3.8600000000000003,0,1,0,1,1,Post-Monsoon,17.560000000000002,0.18519999999999998,12.440000000000055,2.2,7.58,0.73,2.29,-0.03,81,1.5466666666666666,0,0,0,0,0,0,0,0.8455284552845529,35.98406504065041,6.411097560975609
FC_0000685,2021-02-16,WG,Western Ghats & West Coast,12.97,74.07,7,25.61,24.17,1014.89,61.01,9.91,50.0,13.05,fair_weather,20.6,23.13,1013.57,68.76,6.88,300.3,5.009999999999998,1.0400000000000027,1.3199999999999363,-7.750000000000007,3.0300000000000002,5.009999999999998,1.0400000000000027,1.3199999999999363,7.750000000000007,3.0300000000000002,0,0,0,0,0,Winter,38.99,0.4955,-1.6399999999999864,2.88,8.98,1.79,2.03,-9.73,49,1.8642857142857143,0,0,0,0,0,0,0,0.7466666666666667,29.23102222222222,4.842444444444444
FC_0000686,2024-06-10,SP,Southern Peninsula,9.88,77.52,2,8.35,23.94,1010.5,70.1,5.51,359.2,5.96,normal_monsoon,5.34,22.75,1012.92,66.44,5.65,768.8,3.01,1.1900000000000013,-2.419999999999959,3.6599999999999966,-0.14000000000000057,3.01,1.1900000000000013,2.419999999999959,3.6599999999999966,0.14000000000000057,0,0,0,0,0,SW-Monsoon,29.900000000000006,1.9791919999999998,2.75,1.94,5.97,0.53,0.7,-0.13,4,2.98,0,0,0,0,0,0,0,0.12658227848101267,6.515105485232067,1.4548523206751058
FC_0000687,2024-08-21,WG,Western Ghats & West Coast,16.24,75.84,6,27.65,20.31,1010.54,54.38,4.5,591.9,11.22,normal_monsoon,15.84,22.96,1008.82,47.35,5.98,321.3,11.809999999999999,-2.650000000000002,1.7199999999999136,7.030000000000001,-1.4800000000000004,11.809999999999999,2.650000000000002,1.7199999999999136,7.030000000000001,1.4800000000000004,0,0,0,0,0,SW-Monsoon,45.62,2.66355,2.7100000000000364,1.82,11.63,-0.69,-1.36,6.07,36,1.87,0,0,0,0,0,0,0,0.6075471698113207,19.574377358490565,3.890641509433962
FC_0000688,2024-03-12,WG,Western Ghats & West Coast,17.35,74.19,9,0.0,32.69,1008.77,61.3,0.5,217.6,16.82,fair_weather,2.73,32.57,1008.66,45.31,5.54,650.6,-2.73,0.11999999999999744,0.11000000000001364,15.989999999999995,-5.04,2.73,0.11999999999999744,0.11000000000001364,15.989999999999995,5.04,0,0,0,0,0,Pre-Monsoon,38.7,0.1088,4.480000000000018,1.06,0.67,-1.31,-0.95,-1.67,81,1.8688888888888888,0,0,0,0,0,0,0,0.8592592592592593,29.854703703703706,6.722148148148149
FC_0000689,2024-12-09,NW,Northwest India,33.94,68.07,10,51.09,15.52,1015.88,67.12,8.7,1011.5,27.95,western_disturbance,14.55,11.07,1011.95,79.32,14.02,890.0,36.540000000000006,4.449999999999999,3.92999999999995,-12.199999999999989,-5.32,36.540000000000006,4.449999999999999,3.92999999999995,12.199999999999989,5.32,1,1,0,0,1,Post-Monsoon,32.879999999999995,8.800049999999999,-2.6299999999999955,2.78,18.99,1.89,1.93,0.3,100,2.795,0,0,0,0,1,0,1,0.8470588235294118,25.773882352941175,6.877843137254902
FC_0000690,2024-10-28,NE,East & Northeast India,25.05,94.53,1,0.0,19.35,1010.85,67.65,5.58,1142.5,10.11,post_monsoon,15.6,23.27,1010.5,65.92,7.38,1091.4,-15.6,-3.919999999999998,0.35000000000002274,1.730000000000004,-1.7999999999999998,15.6,3.919999999999998,0.35000000000002274,1.730000000000004,1.7999999999999998,1,1,0,0,1,Post-Monsoon,32.349999999999994,6.37515,2.3999999999999773,1.88,0.19,1.83,-2.46,-0.34,1,10.11,0,0,0,0,0,0,0,0.08396946564885496,4.686832061068703,1.254083969465649
FC_0000691,2024-07-06,NW,Northwest India,32.19,72.74,5,6.43,36.27,1007.59,68.94,7.15,2393.5,9.39,active_break_monsoon,12.51,33.6,1006.43,65.99,8.51,2044.8,-6.08,2.6700000000000017,1.1600000000000819,2.950000000000003,-1.3599999999999994,6.08,2.6700000000000017,1.1600000000000819,2.950000000000003,1.3599999999999994,0,0,0,0,0,SW-Monsoon,31.060000000000002,17.113525000000003,5.659999999999968,2.83,3.12,-0.56,0.9,6.19,25,1.8780000000000001,0,0,0,0,0,1,0,0.5403225806451613,11.756008064516129,3.5735887096774195
FC_0000692,2022-10-18,CI,Central India,23.16,83.07,9,0.0,29.77,999.65,70.33,8.43,1802.6,13.12,post_monsoon,2.67,24.76,1007.5,66.27,6.16,951.5,-2.67,5.009999999999998,-7.850000000000023,4.060000000000002,2.2699999999999996,2.67,5.009999999999998,7.850000000000023,4.060000000000002,2.2699999999999996,0,1,0,1,1,Post-Monsoon,29.67,15.195917999999997,13.600000000000023,4.17,0.36,-0.84,0.83,-3.05,81,1.4577777777777776,0,0,0,0,0,0,0,0.8769230769230769,22.42480769230769,6.476230769230769
FC_0000693,2022-04-16,WG,Western Ghats & West Coast,14.8,76.1,3,3.37,26.79,1011.56,60.66,4.2,50.0,5.84,pre_monsoon,7.99,26.89,1010.19,58.65,3.64,332.8,-4.62,-0.10000000000000142,1.3699999999998909,2.009999999999998,0.56,4.62,0.10000000000000142,1.3699999999998909,2.009999999999998,0.56,0,0,0,0,0,Pre-Monsoon,39.34,0.21,1.6900000000000546,1.43,3.05,0.2,0.83,2.02,9,1.9466666666666665,0,0,0,0,0,0,0,0.32926829268292684,13.52512195121951,2.1642276422764226
FC_0000694,2023-08-29,WG,Western Ghats & West Coast,19.77,75.68,3,26.97,28.93,1011.3,100.0,0.5,3205.0,15.3,heavy_rainfall,69.31,27.73,1000.89,98.47,12.75,3463.8,-42.34,1.1999999999999993,10.409999999999968,1.5300000000000011,-12.25,42.34,1.1999999999999993,10.409999999999968,1.5300000000000011,12.25,1,0,1,1,1,SW-Monsoon,0.0,1.6025,1.9500000000000455,0.82,9.52,-1.54,2.81,0.23,9,5.1000000000000005,0,1,0,0,0,0,1,0.32926829268292684,13.52512195121951,2.1642276422764226
FC_0000695,2023-11-02,CI,Central India,22.59,74.37,10,0.0,20.66,1001.62,54.72,6.63,2510.4,43.71,post_monsoon,0.2,28.4,1008.17,62.01,4.04,830.9,-0.2,-7.739999999999998,-6.5499999999999545,-7.289999999999999,2.59,0.2,7.739999999999998,6.5499999999999545,7.289999999999999,2.59,0,1,0,1,1,Post-Monsoon,45.28,16.643952000000002,11.629999999999995,3.62,1.29,-0.57,2.86,1.07,100,4.371,0,0,0,0,0,0,0,0.8715953307392996,29.820038910505836,6.153385214007782
FC_0000696,2024-09-15,WG,Western Ghats & West Coast,12.49,75.04,9,35.46,29.06,1013.97,89.32,4.0,2880.6,13.67,normal_monsoon,2.55,29.78,1012.22,62.5,7.94,853.2,32.910000000000004,-0.7200000000000024,1.75,26.819999999999993,-3.9400000000000004,32.910000000000004,0.7200000000000024,1.75,26.819999999999993,3.9400000000000004,1,0,0,0,1,SW-Monsoon,10.680000000000007,11.5224,-0.7200000000000273,1.22,14.92,0.72,1.98,-7.75,81,1.518888888888889,0,0,0,0,0,0,0,0.8592592592592593,29.854703703703706,6.722148148148149
FC_0000697,2023-01-06,WG,Western Ghats & West Coast,17.57,74.47,3,0.0,20.47,1010.32,45.78,5.15,50.0,15.98,fair_weather,1.7,25.03,1011.94,43.62,4.13,308.1,-1.7,-4.560000000000002,-1.6200000000000045,2.1600000000000037,1.0200000000000005,1.7,4.560000000000002,1.6200000000000045,2.1600000000000037,1.0200000000000005,0,1,0,0,1,Winter,54.22,0.2575,2.92999999999995,1.98,0.25,-0.84,-1.61,3.88,9,5.326666666666667,0,0,0,0,0,0,0,0.32926829268292684,13.52512195121951,2.1642276422764226
FC_0000698,2023-02-23,SP,Southern Peninsula,15.68,76.49,9,28.0,27.5,1004.2,46.91,0.58,1324.4,14.6,fair_weather,9.24,27.63,1010.6,49.99,7.19,736.2,18.759999999999998,-0.129999999999999,-6.399999999999977,-3.0800000000000054,-6.61,18.759999999999998,0.129999999999999,6.399999999999977,3.0800000000000054,6.61,0,0,1,1,1,Winter,53.09,0.7681520000000001,9.049999999999955,1.82,9.86,-1.63,0.02,1.14,81,1.6222222222222222,0,0,0,0,0,0,0,0.8717948717948718,33.72879120879121,7.428937728937728
FC_0000699,2023-08-26,WG,Western Ghats & West Coast,16.93,74.39,10,165.06,32.64,1011.05,40.48,16.14,916.6,25.84,normal_monsoon,25.81,29.59,1013.32,69.77,3.6,786.6,139.25,3.0500000000000007,-2.2700000000000955,-29.29,12.540000000000001,139.25,3.0500000000000007,2.2700000000000955,29.29,12.540000000000001,1,1,1,0,1,SW-Monsoon,59.52,14.793924,2.2000000000000455,4.05,58.29,1.19,0.19,1.38,100,2.584,0,0,0,0,0,0,0,0.8455284552845529,32.79081300813008,6.509756097560976
FC_0000700,2021-12-24,CI,Central India,21.89,82.03,3,10.51,32.83,1006.49,24.23,7.2,670.3,6.24,post_monsoon,2.35,32.97,1006.38,41.19,7.89,690.8,8.16,-0.14000000000000057,0.11000000000001364,-16.959999999999997,-0.6899999999999995,8.16,0.14000000000000057,0.11000000000001364,16.959999999999997,0.6899999999999995,0,0,0,0,0,Post-Monsoon,75.77,4.82616,6.759999999999991,2.98,4.31,-0.55,-1.07,0.94,9,2.08,0,0,0,0,0,0,0,0.28076923076923077,9.609423076923076,1.8744230769230767
FC_0000701,2023-08-30,NW,Northwest India,27.85,68.97,8,0.0,21.92,1009.88,68.76,4.85,1356.6,12.98,normal_monsoon,4.33,25.13,1011.49,70.83,5.21,1067.8,-4.33,-3.2099999999999973,-1.6100000000000136,-2.069999999999993,-0.3600000000000003,4.33,3.2099999999999973,1.6100000000000136,2.069999999999993,0.3600000000000003,0,1,0,0,1,SW-Monsoon,31.239999999999995,6.579509999999999,3.3700000000000045,1.73,2.02,-1.6,1.18,-1.84,64,1.6225,0,0,0,0,0,0,0,0.8306451612903226,22.631330645161288,5.529879032258065
FC_0000702,2024-12-02,WG,Western Ghats & West Coast,14.24,74.88,10,34.5,-11.1,1013.52,97.55,2.13,2092.1,32.47,post_monsoon,4.77,24.86,1013.03,55.49,4.39,1028.1,29.73,-35.96,0.4900000000000091,42.059999999999995,-2.26,29.73,35.96,0.4900000000000091,42.059999999999995,2.26,1,1,0,0,1,Post-Monsoon,2.450000000000003,4.456173,-0.2699999999999818,0.97,12.89,-1.33,-3.22,0.48,100,3.247,0,0,0,0,0,0,0,0.8455284552845529,32.79081300813008,6.509756097560976
FC_0000703,2022-10-30,NE,East & Northeast India,27.78,96.62,9,0.0,36.41,1013.58,41.78,2.79,659.5,43.62,post_monsoon,1.99,30.88,1011.44,48.62,7.48,367.6,-1.99,5.529999999999998,2.1399999999999864,-6.839999999999996,-4.69,1.99,5.529999999999998,2.1399999999999864,6.839999999999996,4.69,0,1,0,0,1,Post-Monsoon,58.22,1.8400050000000001,-0.3300000000000409,0.94,1.41,-0.9,-0.17,2.98,81,4.846666666666667,0,0,0,0,0,0,0,0.8489795918367347,27.977591836734696,6.6734285714285715
FC_0000704,2022-01-08,CI,Central India,18.44,79.92,3,0.0,24.44,1019.07,69.03,6.23,1021.3,5.6,fair_weather,6.3,26.21,1013.74,67.84,6.42,1133.5,-6.3,-1.7699999999999996,5.330000000000041,1.1899999999999977,-0.1899999999999995,6.3,1.7699999999999996,5.330000000000041,1.1899999999999977,0.1899999999999995,0,0,0,1,1,Winter,30.97,6.362699,-5.82000000000005,2.58,0.3,0.9,2.03,6.56,9,1.8666666666666665,0,0,0,0,0,0,0,0.28076923076923077,9.609423076923076,1.8744230769230767
FC_0000705,2023-10-29,EC,Bay of Bengal & East Coast,18.49,88.87,1,21.73,22.93,1009.1,60.98,5.04,1010.8,4.78,post_monsoon,23.33,22.27,1009.11,66.19,4.4,673.2,-1.5999999999999979,0.6600000000000001,-0.009999999999990905,-5.210000000000001,0.6399999999999997,1.5999999999999979,0.6600000000000001,0.009999999999990905,5.210000000000001,0.6399999999999997,0,0,0,0,0,Post-Monsoon,39.02,5.094431999999999,4.149999999999977,1.88,8.02,-0.85,0.75,0.93,1,4.78,0,0,0,0,0,0,0,0.14418604651162792,12.282837209302325,1.1518604651162792
FC_0000706,2024-02-20,SP,Southern Peninsula,15.54,78.92,9,0.0,36.27,1009.17,87.13,1.49,50.0,13.1,fair_weather,3.57,31.64,1013.96,59.22,4.32,737.7,-3.57,4.630000000000003,-4.790000000000077,27.909999999999997,-2.83,3.57,4.630000000000003,4.790000000000077,27.909999999999997,2.83,0,1,0,1,1,Winter,12.870000000000005,0.0745,4.080000000000041,1.08,6.63,-0.62,-0.93,1.64,81,1.4555555555555555,0,0,0,0,0,0,0,0.8717948717948718,33.72879120879121,7.428937728937728
FC_0000707,2024-10-03,CI,Central India,22.17,75.62,7,0.0,18.79,1009.21,33.27,0.68,1671.8,29.8,post_monsoon,3.9,22.98,1013.09,42.41,4.17,680.2,-3.9,-4.190000000000001,-3.8799999999999955,-9.139999999999993,-3.4899999999999998,3.9,4.190000000000001,3.8799999999999955,9.139999999999993,3.4899999999999998,0,1,0,0,1,Post-Monsoon,66.72999999999999,1.136824,4.039999999999964,1.16,0.08,1.77,-2.14,7.4,49,4.257142857142857,0,0,0,0,0,0,0,0.7537878787878788,21.91992424242424,4.943787878787879
FC_0000708,2022-11-07,NW,Northwest India,28.99,73.85,6,10.38,33.92,1012.31,22.12,6.65,463.5,11.16,post_monsoon,8.34,30.34,1013.99,45.09,3.78,902.1,2.040000000000001,3.580000000000002,-1.6800000000000637,-22.970000000000002,2.8700000000000006,2.040000000000001,3.580000000000002,1.6800000000000637,22.970000000000002,2.8700000000000006,0,1,0,0,1,Post-Monsoon,77.88,3.082275,0.9400000000000546,2.1,3.94,-0.63,0.65,2.92,36,1.86,0,0,0,0,0,0,0,0.6025641025641025,14.582179487179488,3.756153846153846
FC_0000709,2021-03-31,CI,Central India,23.8,80.35,4,0.0,21.26,1010.8,47.05,1.35,999.2,17.98,fair_weather,3.2,23.98,1010.85,48.99,6.46,1072.2,-3.2,-2.719999999999999,-0.05000000000006821,-1.9400000000000048,-5.109999999999999,3.2,2.719999999999999,0.05000000000006821,1.9400000000000048,5.109999999999999,0,0,0,0,0,Pre-Monsoon,52.95,1.3489200000000001,2.4500000000000455,1.14,0.01,1.25,0.59,-4.03,16,4.495,0,0,0,0,0,0,0,0.37890625,10.3326171875,2.6153125
FC_0000710,2022-11-29,EC,Bay of Bengal & East Coast,18.86,83.86,5,455.33,26.09,989.23,90.05,19.2,4378.9,20.17,cyclone,252.96,26.05,977.03,97.56,33.59,4075.1,202.36999999999998,0.03999999999999915,12.200000000000045,-7.510000000000005,-14.390000000000004,202.36999999999998,0.03999999999999915,12.200000000000045,7.510000000000005,14.390000000000004,1,0,1,1,1,Post-Monsoon,9.950000000000003,84.07488,24.019999999999982,8.19,164.96,0.41,-9.69,-0.56,25,4.034000000000001,0,0,1,0,0,0,1,0.5407725321888412,24.05197424892704,2.9729613733905578
FC_0000711,2024-09-01,SP,Southern Peninsula,13.82,75.79,7,64.7,32.11,1004.32,61.79,13.97,3037.3,11.0,active_break_monsoon,56.65,32.9,1005.03,71.89,12.26,2415.2,8.050000000000004,-0.7899999999999991,-0.7099999999999227,-10.100000000000001,1.7100000000000009,8.050000000000004,0.7899999999999991,0.7099999999999227,10.100000000000001,1.7100000000000009,0,0,0,0,0,SW-Monsoon,38.21,42.431081000000006,8.92999999999995,4.73,25.86,0.1,-2.47,-4.1,49,1.5714285714285714,0,0,0,0,0,1,0,0.690677966101695,21.64720338983051,4.4192372881355935
FC_0000712,2024-04-16,NE,East & Northeast India,22.38,86.95,9,4.99,31.78,1009.88,71.95,18.86,272.2,13.24,pre_monsoon,0.13,27.56,1010.12,47.88,3.48,605.3,4.86,4.220000000000002,-0.2400000000000091,24.07,15.379999999999999,4.86,4.220000000000002,0.2400000000000091,24.07,15.379999999999999,0,1,1,0,1,Pre-Monsoon,28.049999999999997,5.133692,3.3700000000000045,4.91,2.21,-0.91,0.22,10.7,81,1.471111111111111,0,0,0,0,0,0,0,0.8489795918367347,27.977591836734696,6.6734285714285715
FC_0000713,2022-06-24,EC,Bay of Bengal & East Coast,20.8,80.68,6,20.96,26.32,1010.53,89.38,8.46,1518.3,11.62,normal_monsoon,23.99,26.31,1010.1,73.87,6.66,527.8,-3.0299999999999976,0.010000000000001563,0.42999999999995,15.509999999999991,1.8000000000000007,3.0299999999999976,0.010000000000001563,0.42999999999995,15.509999999999991,1.8000000000000007,0,0,0,0,0,SW-Monsoon,10.620000000000005,12.844818000000002,2.7200000000000273,2.65,9.69,-0.61,-0.08,0.33,36,1.9366666666666665,0,0,0,0,0,0,0,0.6809338521400778,24.520038910505836,3.678326848249027
FC_0000714,2023-01-02,CI,Central India,24.41,76.34,4,67.26,33.66,1014.83,55.65,7.78,935.5,23.98,fair_weather,3.09,29.72,1011.21,58.17,7.66,416.7,64.17,3.9399999999999977,3.6200000000000045,-2.520000000000003,0.1200000000000001,64.17,3.9399999999999977,3.6200000000000045,2.520000000000003,0.1200000000000001,1,1,0,0,1,Winter,44.35,7.27819,-1.580000000000041,2.14,25.25,1.34,-1.03,-7.65,16,5.995,0,0,0,0,0,0,0,0.37890625,10.3326171875,2.6153125
FC_0000715,2023-05-19,EC,Bay of Bengal & East Coast,16.15,88.24,4,108.89,23.94,971.03,87.17,53.98,2911.6,8.13,cyclone,98.23,27.78,970.86,90.77,48.47,3129.8,10.659999999999997,-3.84,0.16999999999995907,-3.5999999999999943,5.509999999999998,10.659999999999997,3.84,0.16999999999995907,3.5999999999999943,5.509999999999998,0,1,0,0,1,Pre-Monsoon,12.829999999999998,157.16816799999998,42.22000000000003,18.57,38.73,-0.55,-12.57,-5.99,16,2.0325,0,0,1,0,0,0,1,0.5057034220532319,21.50577946768061,2.6715589353612166
FC_0000716,2021-02-10,CI,Central India,22.69,76.1,10,0.0,28.45,1009.55,70.41,3.15,862.6,40.91,fair_weather,8.28,30.59,1007.26,44.94,4.89,811.7,-8.28,-2.1400000000000006,2.2899999999999636,25.47,-1.7399999999999998,8.28,2.1400000000000006,2.2899999999999636,25.47,1.7399999999999998,0,0,0,0,0,Winter,29.590000000000003,2.71719,3.7000000000000455,1.6,0.41,1.22,-3.04,-9.35,100,4.090999999999999,0,0,0,0,0,0,0,0.8715953307392996,29.820038910505836,6.153385214007782
FC_0000717,2023-01-10,NE,East & Northeast India,23.41,96.05,3,0.0,26.09,1012.98,73.69,4.4,712.4,13.66,fair_weather,8.77,26.69,1010.82,70.86,5.96,833.1,-8.77,-0.6000000000000014,2.159999999999968,2.8299999999999983,-1.5599999999999996,8.77,0.6000000000000014,2.159999999999968,2.8299999999999983,1.5599999999999996,0,0,0,0,0,Winter,26.310000000000002,3.13456,0.2699999999999818,1.18,0.41,-2.05,1.85,0.58,9,4.553333333333334,0,0,0,0,0,0,0,0.25190839694656486,7.7308778625954195,2.112251908396947
FC_0000718,2022-05-17,NE,East & Northeast India,24.63,92.04,2,0.0,26.47,1013.74,60.86,4.24,1130.8,12.58,pre_monsoon,5.54,29.26,1011.51,55.74,3.45,632.0,-5.54,-2.7900000000000027,2.230000000000018,5.119999999999997,0.79,5.54,2.7900000000000027,2.230000000000018,5.119999999999997,0.79,0,0,0,0,0,Pre-Monsoon,39.14,4.794592,-0.4900000000000091,1.4,0.02,0.08,0.51,-0.2,4,6.29,0,0,0,0,0,0,0,0.1797752808988764,6.552209737827716,1.8855430711610486
FC_0000719,2023-08-17,NW,Northwest India,29.98,71.78,4,0.0,28.98,1006.46,77.05,10.89,1938.9,14.52,active_break_monsoon,0.46,32.61,1006.83,84.52,9.49,1497.4,-0.46,-3.629999999999999,-0.37000000000000455,-7.469999999999999,1.4000000000000004,0.46,3.629999999999999,0.37000000000000455,7.469999999999999,1.4000000000000004,0,1,0,0,1,SW-Monsoon,22.950000000000003,21.114621000000003,6.789999999999964,3.76,3.84,-2.33,0.1,-1.44,16,3.63,0,0,0,0,0,1,0,0.508833922261484,12.866643109540636,2.8804593639575975
FC_0000720,2024-03-14,NE,East & Northeast India,22.9,93.23,6,1.55,24.48,1009.49,51.62,1.53,787.7,12.53,fair_weather,11.58,22.25,1007.33,41.51,5.43,643.6,-10.03,2.2300000000000004,2.159999999999968,10.11,-3.8999999999999995,10.03,2.2300000000000004,2.159999999999968,10.11,3.8999999999999995,0,0,0,0,0,Pre-Monsoon,48.38,1.205181,3.759999999999991,1.17,1.62,1.9,0.09,1.72,36,2.0883333333333334,0,0,0,0,0,0,0,0.5887096774193549,16.5770564516129,4.45866935483871
FC_0000721,2024-05-09,WG,Western Ghats & West Coast,16.62,73.74,1,0.0,32.19,1016.81,71.55,5.62,563.9,5.39,pre_monsoon,3.73,32.56,1013.52,72.62,3.92,611.7,-3.73,-0.37000000000000455,3.2899999999999636,-1.0700000000000074,1.7000000000000002,3.73,0.37000000000000455,3.2899999999999636,1.0700000000000074,1.7000000000000002,0,0,0,0,0,Pre-Monsoon,28.450000000000003,3.169118,-3.5599999999999454,2.2,0.92,-1.92,-1.39,-2.75,1,5.39,0,0,0,0,0,0,0,0.1134453781512605,9.086302521008403,1.0998319327731092
FC_0000722,2023-07-18,EC,Bay of Bengal & East Coast,19.68,87.69,2,21.8,31.8,994.69,78.83,23.28,3616.4,5.86,monsoon_depression,21.2,30.62,995.31,93.04,23.2,3726.0,0.6000000000000014,1.1799999999999997,-0.6199999999998909,-14.210000000000008,0.08000000000000185,0.6000000000000014,1.1799999999999997,0.6199999999998909,14.210000000000008,0.08000000000000185,0,0,0,0,0,SW-Monsoon,21.17,84.189792,18.559999999999945,8.09,8.33,0.59,-4.81,-5.22,4,2.93,1,0,0,0,0,0,1,0.2558139534883721,13.920542635658915,1.4067054263565892
FC_0000723,2022-04-06,EC,Bay of Bengal & East Coast,21.13,81.45,8,0.0,31.42,1001.99,84.98,7.04,454.0,12.64,pre_monsoon,6.54,29.83,1006.12,67.43,5.5,1087.2,-6.54,1.5900000000000034,-4.1299999999999955,17.549999999999997,1.54,6.54,1.5900000000000034,4.1299999999999955,17.549999999999997,1.54,0,0,0,1,1,Pre-Monsoon,15.019999999999996,3.19616,11.259999999999991,3.41,0.07,0.81,1.61,-1.1,64,1.58,0,0,0,0,0,0,0,0.7910447761194029,29.504365671641793,4.961007462686567
FC_0000724,2023-01-02,CI,Central India,20.43,82.6,3,0.0,30.81,1016.09,55.71,5.08,490.6,5.9,fair_weather,2.76,32.26,1014.15,63.08,5.14,345.7,-2.76,-1.4499999999999993,1.9400000000000546,-7.369999999999997,-0.05999999999999961,2.76,1.4499999999999993,1.9400000000000546,7.369999999999997,0.05999999999999961,0,0,0,0,0,Winter,44.29,2.492248,-2.840000000000032,1.7,0.83,0.38,2.21,-2.86,9,1.9666666666666668,0,0,0,0,0,0,0,0.28076923076923077,9.609423076923076,1.8744230769230767
FC_0000725,2023-01-22,NE,East & Northeast India,22.69,85.04,1,14.09,30.06,1009.19,47.98,5.25,1224.7,4.94,fair_weather,13.42,30.16,1011.24,54.1,5.26,937.3,0.6699999999999999,-0.10000000000000142,-2.0499999999999545,-6.1200000000000045,-0.009999999999999787,0.6699999999999999,0.10000000000000142,2.0499999999999545,6.1200000000000045,0.009999999999999787,0,0,0,0,0,Winter,52.02,6.4296750000000005,4.059999999999945,2.24,6.21,0.66,0.6,5.81,1,4.94,0,0,0,0,0,0,0,0.08396946564885496,4.686832061068703,1.254083969465649
FC_0000726,2023-07-14,NW,Northwest India,35.32,71.26,2,1.38,23.4,1007.76,41.89,7.04,1197.7,5.72,normal_monsoon,1.37,24.18,1009.12,41.04,6.34,703.4,0.009999999999999787,-0.7800000000000011,-1.3600000000000136,0.8500000000000014,0.7000000000000002,0.009999999999999787,0.7800000000000011,1.3600000000000136,0.8500000000000014,0.7000000000000002,0,0,0,0,0,SW-Monsoon,58.11,8.431808,5.490000000000009,2.65,1.03,-0.32,-1.59,0.11,4,2.86,0,0,0,0,0,0,0,0.20920502092050208,9.46071129707113,1.7305857740585775
FC_0000727,2023-06-28,NW,Northwest India,29.39,72.46,3,0.0,33.45,1007.87,67.49,8.05,2734.1,14.81,active_break_monsoon,12.5,33.36,1006.93,76.8,9.34,2505.8,-12.5,0.09000000000000341,0.9400000000000546,-9.310000000000002,-1.2899999999999991,12.5,0.09000000000000341,0.9400000000000546,9.310000000000002,1.2899999999999991,0,0,0,0,0,SW-Monsoon,32.510000000000005,22.009505,5.3799999999999955,2.98,0.04,0.47,-1.08,5.82,9,4.9366666666666665,0,0,0,0,0,1,0,0.38207547169811323,10.293254716981133,2.4025000000000003
FC_0000728,2024-06-30,NW,Northwest India,35.03,71.38,2,1.93,32.34,1013.06,70.75,5.74,1560.7,4.56,normal_monsoon,3.95,32.06,1013.01,74.48,4.66,862.4,-2.0200000000000005,0.28000000000000114,0.049999999999954525,-3.730000000000004,1.08,2.0200000000000005,0.28000000000000114,0.049999999999954525,3.730000000000004,1.08,0,0,0,0,0,SW-Monsoon,29.25,8.958418000000002,0.19000000000005457,1.48,1.49,0.42,-0.71,3.6,4,2.28,0,0,0,0,0,0,0,0.20920502092050208,9.46071129707113,1.7305857740585775
FC_0000729,2022-01-25,SP,Southern Peninsula,15.14,78.39,4,9.81,26.62,1013.1,45.12,5.42,744.6,7.75,fair_weather,4.67,28.27,1014.4,44.43,5.58,323.3,5.140000000000001,-1.6499999999999986,-1.2999999999999545,0.6899999999999977,-0.16000000000000014,5.140000000000001,1.6499999999999986,1.2999999999999545,0.6899999999999977,0.16000000000000014,0,0,0,0,0,Winter,54.88,4.035732,0.14999999999997726,1.41,3.89,0.47,-1.43,0.95,16,1.9375,0,0,0,0,0,0,0,0.37593984962406013,15.084887218045113,2.2651503759398497
FC_0000730,2023-06-02,WG,Western Ghats & West Coast,14.33,73.97,4,0.0,27.23,1019.68,79.82,3.57,323.1,8.19,normal_monsoon,6.74,25.39,1013.02,69.9,3.38,466.1,-6.74,1.8399999999999999,6.659999999999968,9.919999999999987,0.18999999999999995,6.74,1.8399999999999999,6.659999999999968,9.919999999999987,0.18999999999999995,0,0,0,1,1,SW-Monsoon,20.180000000000007,1.153467,-6.42999999999995,2.13,0.63,0.53,0.38,2.35,16,2.0475,0,0,0,0,0,0,0,0.42084942084942084,15.014478764478765,2.5983397683397684
FC_0000731,2021-09-13,NE,East & Northeast India,23.07,92.49,10,0.0,24.14,1003.99,68.09,4.35,1024.4,16.23,normal_monsoon,2.88,26.42,1008.29,72.78,5.67,891.3,-2.88,-2.280000000000001,-4.2999999999999545,-4.689999999999998,-1.3200000000000003,2.88,2.280000000000001,4.2999999999999545,4.689999999999998,1.3200000000000003,0,0,0,1,1,SW-Monsoon,31.909999999999997,4.45614,9.259999999999991,2.47,2.11,0.22,0.97,1.4,100,1.623,0,0,0,0,0,0,0,0.8785714285714286,31.068464285714285,7.881642857142857
FC_0000732,2022-12-10,NW,Northwest India,29.81,77.11,2,2.92,27.99,1015.52,74.51,5.47,1229.7,8.28,post_monsoon,4.71,30.25,1013.5,74.47,4.96,879.3,-1.79,-2.2600000000000016,2.019999999999982,0.04000000000000625,0.5099999999999998,1.79,2.2600000000000016,2.019999999999982,0.04000000000000625,0.5099999999999998,0,0,0,0,0,Post-Monsoon,25.489999999999995,6.726459,-2.269999999999982,1.99,1.27,-1.42,1.04,-9.62,4,4.14,0,0,0,0,0,0,0,0.20920502092050208,9.46071129707113,1.7305857740585775
FC_0000733,2022-03-26,WG,Western Ghats & West Coast,13.9,74.8,1,0.0,25.09,1004.93,49.11,4.26,951.1,3.28,fair_weather,0.43,25.49,1006.24,48.14,3.81,950.0,-0.43,-0.3999999999999986,-1.3100000000000591,0.9699999999999989,0.44999999999999973,0.43,0.3999999999999986,1.3100000000000591,0.9699999999999989,0.44999999999999973,0,0,0,0,0,Pre-Monsoon,50.89,4.051686,8.32000000000005,2.3,0.89,1.99,1.46,0.16,1,3.28,0,0,0,0,0,0,0,0.1134453781512605,9.086302521008403,1.0998319327731092
FC_0000734,2021-01-10,EC,Bay of Bengal & East Coast,15.58,87.1,3,10.88,27.56,1006.6,38.88,4.54,852.6,6.02,fair_weather,4.66,27.1,1006.74,40.68,5.18,530.1,6.220000000000001,0.4599999999999973,-0.13999999999998636,-1.7999999999999972,-0.6399999999999997,6.220000000000001,0.4599999999999973,0.13999999999998636,1.7999999999999972,0.6399999999999997,0,0,0,0,0,Winter,61.12,3.870804,6.649999999999977,2.34,4.58,1.53,0.86,-3.92,9,2.0066666666666664,0,0,0,0,0,0,0,0.35269709543568467,20.04215767634855,2.0838589211618257
FC_0000735,2023-04-04,CI,Central India,21.4,76.69,4,4.52,27.1,1019.66,71.77,4.62,988.2,6.84,pre_monsoon,4.3,28.84,1013.46,69.35,5.69,1116.1,0.21999999999999975,-1.7399999999999984,6.199999999999932,2.4200000000000017,-1.0700000000000003,0.21999999999999975,1.7399999999999984,6.199999999999932,2.4200000000000017,1.0700000000000003,0,0,0,1,1,Pre-Monsoon,28.230000000000004,4.5654840000000005,-6.409999999999968,2.42,1.62,1.54,1.92,-5.19,16,1.71,0,0,0,0,0,0,0,0.37890625,10.3326171875,2.6153125
FC_0000736,2023-03-09,NE,East & Northeast India,28.33,92.16,6,0.0,28.9,1018.07,82.88,2.06,1840.2,9.61,fair_weather,1.68,32.26,1014.8,74.51,3.32,302.1,-1.68,-3.3599999999999994,3.2700000000000955,8.36999999999999,-1.2599999999999998,1.68,3.3599999999999994,3.2700000000000955,8.36999999999999,1.2599999999999998,0,1,0,0,1,Pre-Monsoon,17.120000000000005,3.7908120000000003,-4.82000000000005,1.63,0.88,-1.75,-0.69,1.88,36,1.6016666666666666,0,0,0,0,0,0,0,0.5887096774193549,16.5770564516129,4.45866935483871
FC_0000737,2024-06-19,NE,East & Northeast India,26.03,92.33,5,18.72,19.77,1016.27,68.23,2.95,131.3,8.46,normal_monsoon,2.58,22.64,1013.27,57.66,4.48,349.5,16.14,-2.870000000000001,3.0,10.570000000000007,-1.5300000000000002,16.14,2.870000000000001,3.0,10.570000000000007,1.5300000000000002,0,0,0,0,0,SW-Monsoon,31.769999999999996,0.38733500000000004,-3.019999999999982,1.39,9.35,-0.06,1.84,1.83,25,1.6920000000000002,0,0,0,0,0,0,0,0.51440329218107,12.827283950617282,3.27
FC_0000738,2024-06-28,SP,Southern Peninsula,13.75,76.72,2,0.0,25.29,1007.36,71.41,6.19,1343.9,4.63,normal_monsoon,0.22,26.35,1007.55,70.76,6.81,1196.1,-0.22,-1.0600000000000023,-0.18999999999994088,0.6499999999999915,-0.6199999999999992,0.22,1.0600000000000023,0.18999999999994088,0.6499999999999915,0.6199999999999992,0,0,0,0,0,SW-Monsoon,28.590000000000003,8.318741000000001,5.889999999999986,2.63,1.95,1.25,0.84,-2.66,4,2.315,0,0,0,0,0,0,0,0.12658227848101267,6.515105485232067,1.4548523206751058
FC_0000739,2023-05-27,EC,Bay of Bengal & East Coast,11.37,87.3,4,0.0,28.16,1007.85,72.4,2.65,999.8,18.42,pre_monsoon,11.62,31.84,1007.57,62.69,6.0,1126.1,-11.62,-3.6799999999999997,0.2799999999999727,9.710000000000008,-3.35,11.62,3.6799999999999997,0.2799999999999727,9.710000000000008,3.35,0,1,0,0,1,Pre-Monsoon,27.599999999999994,2.64947,5.399999999999977,1.52,3.67,1.4,0.1,6.48,16,4.605,0,0,0,0,0,0,0,0.5057034220532319,21.50577946768061,2.6715589353612166
FC_0000740,2023-10-26,NE,East & Northeast India,22.1,93.66,6,22.59,33.38,1013.32,67.2,1.74,1247.4,10.73,post_monsoon,8.94,30.59,1008.92,44.35,4.85,487.6,13.65,2.7900000000000027,4.400000000000091,22.85,-3.1099999999999994,13.65,2.7900000000000027,4.400000000000091,22.85,3.1099999999999994,0,0,0,1,1,Post-Monsoon,32.8,2.1704760000000003,-0.07000000000005002,0.56,8.63,-0.5,0.65,0.1,36,1.7883333333333333,0,0,0,0,0,0,0,0.5887096774193549,16.5770564516129,4.45866935483871
FC_0000741,2024-02-17,SP,Southern Peninsula,8.66,77.06,4,34.66,22.42,1010.26,66.99,6.45,983.1,25.36,fair_weather,3.69,30.0,1008.09,63.03,3.35,1126.1,30.969999999999995,-7.579999999999998,2.169999999999959,3.9599999999999937,3.1,30.969999999999995,7.579999999999998,2.169999999999959,3.9599999999999937,3.1,1,1,0,0,1,Winter,33.010000000000005,6.3409949999999995,2.990000000000009,2.33,12.39,-0.29,-0.41,-6.12,16,6.34,0,0,0,0,0,0,0,0.37593984962406013,15.084887218045113,2.2651503759398497
FC_0000742,2023-10-13,SP,Southern Peninsula,8.5,77.87,7,0.0,25.53,1011.83,53.72,0.5,518.6,12.79,post_monsoon,3.71,28.36,1008.24,59.18,4.44,655.1,-3.71,-2.8299999999999983,3.590000000000032,-5.460000000000001,-3.9400000000000004,3.71,2.8299999999999983,3.590000000000032,5.460000000000001,3.9400000000000004,0,0,0,0,0,Post-Monsoon,46.28,0.25930000000000003,1.419999999999959,0.75,2.04,0.41,0.97,-5.6,49,1.827142857142857,0,0,0,0,0,0,0,0.690677966101695,21.64720338983051,4.4192372881355935
FC_0000743,2022-01-09,SP,Southern Peninsula,13.23,75.94,6,0.0,30.77,1013.09,63.2,14.28,491.4,9.51,fair_weather,1.3,31.77,1009.13,62.95,6.62,403.4,-1.3,-1.0,3.9600000000000364,0.25,7.659999999999999,1.3,1.0,3.9600000000000364,0.25,7.659999999999999,0,0,1,0,1,Winter,36.8,7.017191999999999,0.15999999999996817,3.56,0.18,2.0,-0.68,-6.43,36,1.585,0,0,0,0,0,0,0,0.5946969696969697,21.55094696969697,3.8189015151515155
FC_0000744,2023-12-25,NE,East & Northeast India,24.16,96.16,6,0.0,32.35,1008.5,51.96,5.37,1181.1,9.28,post_monsoon,0.16,32.3,1006.6,66.67,6.86,899.5,-0.16,0.05000000000000426,1.8999999999999773,-14.71,-1.4900000000000002,0.16,0.05000000000000426,1.8999999999999773,14.71,1.4900000000000002,0,0,0,0,0,Post-Monsoon,48.04,6.3425069999999995,4.75,2.38,2.51,-2.47,0.18,0.83,36,1.5466666666666666,0,0,0,0,0,0,0,0.5887096774193549,16.5770564516129,4.45866935483871
FC_0000745,2021-05-26,NE,East & Northeast India,24.76,94.63,10,61.78,28.05,1009.24,78.85,0.5,701.4,14.84,pre_monsoon,2.04,27.74,1013.56,64.46,7.84,708.9,59.74,0.3100000000000023,-4.319999999999936,14.39,-7.34,59.74,0.3100000000000023,4.319999999999936,14.39,7.34,1,0,1,1,1,Pre-Monsoon,21.150000000000006,0.3507,4.009999999999991,1.2,22.63,0.79,-1.18,-2.36,100,1.484,0,0,0,0,0,0,0,0.8785714285714286,31.068464285714285,7.881642857142857
FC_0000746,2021-08-12,NE,East & Northeast India,28.88,96.69,2,7.75,27.5,1015.5,77.56,4.26,1132.4,4.76,normal_monsoon,9.4,27.18,1014.94,71.37,4.49,1158.3,-1.6500000000000004,0.3200000000000003,0.5599999999999454,6.189999999999998,-0.23000000000000043,1.6500000000000004,0.3200000000000003,0.5599999999999454,6.189999999999998,0.23000000000000043,0,0,0,0,0,SW-Monsoon,22.439999999999998,4.8240240000000005,-2.25,1.45,3.23,0.62,-1.1,0.21,4,2.38,0,0,0,0,0,0,0,0.1797752808988764,6.552209737827716,1.8855430711610486
FC_0000747,2024-06-16,WG,Western Ghats & West Coast,18.78,73.93,7,8.31,24.03,1007.14,36.7,4.46,2047.6,10.5,normal_monsoon,3.28,24.18,1013.98,50.97,4.76,1195.3,5.030000000000001,-0.14999999999999858,-6.840000000000032,-14.269999999999996,-0.2999999999999998,5.030000000000001,0.14999999999999858,6.840000000000032,14.269999999999996,0.2999999999999998,0,0,0,1,1,SW-Monsoon,63.3,9.132296,6.110000000000014,2.05,4.06,0.19,2.69,-3.4,49,1.5,0,0,0,0,0,0,0,0.7466666666666667,29.23102222222222,4.842444444444444
FC_0000748,2021-06-26,SP,Southern Peninsula,15.7,79.47,9,122.28,59.8,1006.94,76.69,0.5,505.9,26.25,normal_monsoon,17.68,26.96,1008.47,57.53,4.91,807.8,104.6,32.839999999999996,-1.5299999999999727,19.159999999999997,-4.41,104.6,32.839999999999996,1.5299999999999727,19.159999999999997,4.41,1,1,0,0,1,SW-Monsoon,23.310000000000002,0.25295,6.309999999999945,1.29,44.31,2.65,0.4,5.76,81,2.9166666666666665,0,0,0,0,0,0,0,0.8717948717948718,33.72879120879121,7.428937728937728
FC_0000749,2023-05-03,WG,Western Ghats & West Coast,18.05,72.57,6,38.53,32.23,1008.55,43.77,2.77,249.0,10.22,pre_monsoon,28.18,31.88,1010.51,46.13,3.25,443.6,10.350000000000001,0.34999999999999787,-1.9600000000000364,-2.3599999999999994,-0.48,10.350000000000001,0.34999999999999787,1.9600000000000364,2.3599999999999994,0.48,0,0,0,0,0,Pre-Monsoon,56.23,0.6897300000000001,4.7000000000000455,1.74,13.56,0.72,2.55,-7.32,36,1.7033333333333334,0,0,0,0,0,0,0,0.6075471698113207,19.574377358490565,3.890641509433962
FC_0000750,2024-07-29,CI,Central India,25.63,81.78,8,0.0,30.66,1010.43,88.13,2.57,2315.6,22.05,normal_monsoon,5.41,30.21,1012.74,73.39,6.53,999.8,-5.41,0.4499999999999993,-2.310000000000059,14.739999999999995,-3.9600000000000004,5.41,0.4499999999999993,2.310000000000059,14.739999999999995,3.9600000000000004,0,0,0,0,0,SW-Monsoon,11.870000000000005,5.951092,2.82000000000005,1.32,1.3,-0.29,1.44,-0.23,64,2.75625,0,0,0,0,0,0,0,0.7795918367346939,22.1525306122449,5.795224489795918
FC_0000751,2021-03-04,NE,East & Northeast India,27.53,85.98,6,0.0,16.83,1012.83,76.27,3.58,50.0,24.52,fair_weather,4.3,26.7,1013.41,62.37,5.68,499.1,-4.3,-9.870000000000001,-0.5799999999999272,13.899999999999999,-2.0999999999999996,4.3,9.870000000000001,0.5799999999999272,13.899999999999999,2.0999999999999996,0,1,0,0,1,Pre-Monsoon,23.730000000000004,0.179,0.4199999999999591,0.96,0.94,0.54,0.35,-2.48,36,4.086666666666667,0,0,0,0,0,0,0,0.5887096774193549,16.5770564516129,4.45866935483871
FC_0000752,2024-05-25,EC,Bay of Bengal & East Coast,13.56,88.66,6,76.33,46.18,1012.99,64.04,8.92,1277.5,35.81,pre_monsoon,2.06,28.63,1011.31,56.24,3.51,1071.4,74.27,17.55,1.6800000000000637,7.800000000000004,5.41,74.27,17.55,1.6800000000000637,7.800000000000004,5.41,1,1,0,0,1,Pre-Monsoon,35.959999999999994,11.395299999999999,0.2599999999999909,2.31,27.51,-0.84,0.42,-4.23,36,5.968333333333334,0,0,0,0,0,0,0,0.6809338521400778,24.520038910505836,3.678326848249027
FC_0000753,2023-04-07,NW,Northwest India,30.51,71.98,4,0.0,38.7,1003.77,16.24,9.68,2781.0,23.46,heat_wave,1.17,45.78,1003.56,25.35,8.07,1395.4,-1.17,-7.079999999999998,0.21000000000003638,-9.110000000000003,1.6099999999999994,1.17,7.079999999999998,0.21000000000003638,9.110000000000003,1.6099999999999994,0,1,0,0,1,Pre-Monsoon,83.76,26.92008,9.480000000000018,3.69,0.03,1.34,-1.1,-2.96,16,5.865,0,0,0,1,0,0,1,0.508833922261484,12.866643109540636,2.8804593639575975
FC_0000754,2023-03-06,CI,Central India,24.72,74.87,6,13.73,26.97,1007.05,44.8,8.46,1914.2,9.54,fair_weather,1.68,29.48,1008.33,54.66,3.19,633.9,12.05,-2.5100000000000016,-1.2800000000000864,-9.86,5.270000000000001,12.05,2.5100000000000016,1.2800000000000864,9.86,5.270000000000001,0,0,0,0,0,Pre-Monsoon,55.2,16.194132,6.2000000000000455,3.27,5.07,0.04,2.93,-4.81,36,1.5899999999999999,0,0,0,0,0,0,0,0.6448979591836734,18.281918367346936,3.7026938775510203
FC_0000755,2022-11-20,NW,Northwest India,29.42,71.76,10,16.76,19.11,1010.83,47.19,0.5,1126.7,18.79,post_monsoon,10.53,23.58,1013.04,46.13,4.42,813.0,6.230000000000002,-4.469999999999999,-2.2099999999999227,1.0599999999999952,-3.92,6.230000000000002,4.469999999999999,2.2099999999999227,1.0599999999999952,3.92,0,1,0,0,1,Post-Monsoon,52.81,0.56335,2.419999999999959,0.72,6.8,0.52,-0.98,2.22,100,1.879,0,0,0,0,0,0,0,0.8470588235294118,25.773882352941175,6.877843137254902
FC_0000756,2021-04-15,NW,Northwest India,28.55,71.08,4,79.28,27.54,1009.9,44.32,9.21,472.3,22.2,pre_monsoon,0.34,24.74,1012.89,43.19,6.39,434.9,78.94,2.8000000000000007,-2.990000000000009,1.1300000000000026,2.820000000000001,78.94,2.8000000000000007,2.990000000000009,1.1300000000000026,2.820000000000001,1,0,0,0,1,Pre-Monsoon,55.68,4.349883000000001,3.3500000000000227,2.75,28.73,-0.06,0.97,3.06,16,5.55,0,0,0,0,0,0,0,0.508833922261484,12.866643109540636,2.8804593639575975
FC_0000757,2024-01-28,NE,East & Northeast India,22.79,87.07,10,0.0,23.37,1025.98,28.48,0.5,839.1,18.02,fair_weather,4.96,22.08,1008.56,44.55,6.42,879.7,-4.96,1.2900000000000027,17.420000000000073,-16.069999999999997,-5.92,4.96,1.2900000000000027,17.420000000000073,16.069999999999997,5.92,0,0,0,1,1,Winter,71.52,0.41955000000000003,-12.730000000000018,2.34,1.29,1.16,-0.37,2.3,100,1.802,0,0,0,0,0,0,0,0.8785714285714286,31.068464285714285,7.881642857142857
FC_0000758,2022-05-26,EC,Bay of Bengal & East Coast,18.04,88.27,6,95.77,25.86,988.7,60.85,25.52,2474.6,27.91,cyclone,212.83,27.65,975.71,91.04,49.86,2969.4,-117.06000000000002,-1.7899999999999991,12.990000000000009,-30.190000000000005,-24.34,117.06000000000002,1.7899999999999991,12.990000000000009,30.190000000000005,24.34,1,0,1,1,1,Pre-Monsoon,39.15,63.15179199999999,24.549999999999955,9.56,39.48,-1.36,-8.07,4.73,36,4.651666666666666,0,0,1,0,0,0,1,0.6809338521400778,24.520038910505836,3.678326848249027
FC_0000759,2022-01-20,NW,Northwest India,30.62,70.98,1,56.78,11.99,1010.2,80.19,15.96,50.0,7.5,western_disturbance,29.86,8.03,1009.25,76.13,15.94,532.0,26.92,3.960000000000001,0.9500000000000455,4.060000000000002,0.02000000000000135,26.92,3.960000000000001,0.9500000000000455,4.060000000000002,0.02000000000000135,1,1,0,0,1,Winter,19.810000000000002,0.798,3.0499999999999545,4.15,21.4,-2.03,3.62,4.15,1,7.5,0,0,0,0,1,0,1,0.15873015873015872,5.933611111111111,1.5877777777777777
FC_0000760,2022-02-09,SP,Southern Peninsula,9.27,79.57,7,0.0,15.32,1012.88,69.81,5.28,1496.6,34.42,fair_weather,2.87,24.18,1012.73,50.59,5.35,1145.4,-2.87,-8.86,0.14999999999997726,19.22,-0.0699999999999994,2.87,8.86,0.14999999999997726,19.22,0.0699999999999994,0,1,0,0,1,Winter,30.189999999999998,7.902048,0.37000000000000455,1.58,0.86,0.6,0.16,2.23,49,4.917142857142857,0,0,0,0,0,0,0,0.690677966101695,21.64720338983051,4.4192372881355935
FC_0000761,2023-04-03,NW,Northwest India,36.63,71.49,2,18.98,32.03,1006.99,61.22,8.62,500.7,6.79,pre_monsoon,17.63,31.6,1007.5,56.87,6.57,959.6,1.3500000000000014,0.4299999999999997,-0.5099999999999909,4.350000000000001,2.049999999999999,1.3500000000000014,0.4299999999999997,0.5099999999999909,4.350000000000001,2.049999999999999,0,0,0,0,0,Pre-Monsoon,38.78,4.316033999999999,6.259999999999991,3.16,6.66,0.68,3.18,-1.15,4,3.395,0,0,0,0,0,0,0,0.20920502092050208,9.46071129707113,1.7305857740585775
FC_0000762,2022-06-02,CI,Central India,20.33,80.01,6,21.09,27.93,1003.84,39.3,8.71,1666.0,9.24,normal_monsoon,10.31,28.05,1006.38,46.89,4.64,956.0,10.78,-0.120000000000001,-2.5399999999999636,-7.590000000000003,4.070000000000001,10.78,0.120000000000001,2.5399999999999636,7.590000000000003,4.070000000000001,0,0,0,0,0,SW-Monsoon,60.7,14.510860000000001,9.409999999999968,3.68,9.84,0.81,-1.47,-8.06,36,1.54,0,0,0,0,0,0,0,0.6448979591836734,18.281918367346936,3.7026938775510203
FC_0000763,2022-04-21,EC,Bay of Bengal & East Coast,19.53,84.1,9,5.28,33.71,1009.68,60.59,5.05,50.0,13.43,pre_monsoon,4.52,31.92,1012.37,60.8,7.62,1110.1,0.7600000000000007,1.7899999999999991,-2.6900000000000546,-0.20999999999999375,-2.5700000000000003,0.7600000000000007,1.7899999999999991,2.6900000000000546,0.20999999999999375,2.5700000000000003,0,0,0,0,0,Pre-Monsoon,39.41,0.2525,3.57000000000005,1.85,2.75,1.54,1.63,0.25,81,1.4922222222222221,0,0,0,0,0,0,0,0.8455284552845529,35.98406504065041,6.411097560975609
FC_0000764,2022-12-10,EC,Bay of Bengal & East Coast,17.93,86.45,10,0.0,62.03,1010.95,84.62,5.09,50.0,50.19,post_monsoon,1.97,30.89,1009.36,54.58,3.02,508.0,-1.97,31.14,1.5900000000000318,30.040000000000006,2.07,1.97,31.14,1.5900000000000318,30.040000000000006,2.07,0,1,0,0,1,Post-Monsoon,15.379999999999995,0.2545,2.2999999999999545,1.83,0.27,-2.43,-0.05,1.42,100,5.019,0,0,0,0,0,0,0,0.9230769230769231,37.378597285067876,6.533212669683258
FC_0000765,2023-02-10,NW,Northwest India,36.49,69.65,3,11.39,27.7,1013.34,45.53,4.71,1189.6,7.0,fair_weather,4.72,29.85,1014.62,41.02,4.89,936.5,6.670000000000001,-2.150000000000002,-1.2799999999999727,4.509999999999998,-0.17999999999999972,6.670000000000001,2.150000000000002,1.2799999999999727,4.509999999999998,0.17999999999999972,0,0,0,0,0,Winter,54.47,5.603015999999999,-0.09000000000003183,1.43,4.1,1.72,0.18,-2.32,9,2.3333333333333335,0,0,0,0,0,0,0,0.38207547169811323,10.293254716981133,2.4025000000000003
FC_0000766,2024-12-31,EC,Bay of Bengal & East Coast,21.97,83.53,4,11.02,23.84,1005.45,41.6,4.78,1051.3,10.58,post_monsoon,4.15,23.47,1006.14,46.31,7.69,839.4,6.869999999999999,0.370000000000001,-0.6899999999999409,-4.710000000000001,-2.91,6.869999999999999,0.370000000000001,0.6899999999999409,4.710000000000001,2.91,0,0,0,0,0,Post-Monsoon,58.4,5.025214,7.7999999999999545,2.49,7.0,0.24,0.81,-2.95,16,2.645,0,0,0,0,0,0,0,0.5057034220532319,21.50577946768061,2.6715589353612166
FC_0000767,2023-11-13,CI,Central India,23.79,79.72,5,0.0,23.19,1005.54,40.46,3.11,874.1,27.49,post_monsoon,0.65,30.35,1008.11,46.72,4.37,532.5,-0.65,-7.16,-2.57000000000005,-6.259999999999998,-1.2600000000000002,0.65,7.16,2.57000000000005,6.259999999999998,1.2600000000000002,0,1,0,0,1,Post-Monsoon,59.54,2.718451,7.710000000000036,2.07,0.05,-0.49,-0.22,0.26,25,5.497999999999999,0,0,0,0,0,0,0,0.5210727969348659,16.352222222222224,3.35264367816092
FC_0000768,2023-09-24,CI,Central India,21.89,80.98,8,0.0,51.39,1014.7,49.58,5.71,1522.8,34.32,normal_monsoon,7.34,28.2,1010.94,50.47,6.47,796.7,-7.34,23.19,3.759999999999991,-0.8900000000000006,-0.7599999999999998,7.34,23.19,3.759999999999991,0.8900000000000006,0.7599999999999998,0,1,0,0,1,SW-Monsoon,50.42,8.695188,-1.4500000000000455,1.74,0.04,-0.44,0.93,1.2,64,4.29,0,0,0,0,0,0,0,0.7795918367346939,22.1525306122449,5.795224489795918
FC_0000769,2022-11-08,CI,Central India,21.17,75.26,10,0.0,28.55,1010.65,66.42,0.5,1052.5,14.19,post_monsoon,1.43,29.02,1014.64,51.47,4.85,786.5,-1.43,-0.46999999999999886,-3.990000000000009,14.950000000000003,-4.35,1.43,0.46999999999999886,3.990000000000009,14.950000000000003,4.35,0,0,0,0,0,Post-Monsoon,33.58,0.52625,2.6000000000000227,0.7,5.59,-1.87,0.86,-10.77,100,1.419,0,0,0,0,0,0,0,0.8715953307392996,29.820038910505836,6.153385214007782
FC_0000770,2022-12-15,SP,Southern Peninsula,11.91,77.87,6,150.6,27.68,1003.51,100.0,8.11,3517.3,34.87,cyclone,83.67,26.2,983.69,97.94,28.55,3679.4,66.92999999999999,1.4800000000000004,19.819999999999936,2.0600000000000023,-20.44,66.92999999999999,1.4800000000000004,19.819999999999936,2.0600000000000023,20.44,1,0,1,1,1,Post-Monsoon,0.0,28.525303,9.740000000000009,3.69,53.28,-0.93,-14.22,-4.87,36,5.8116666666666665,0,0,1,0,0,0,1,0.5946969696969697,21.55094696969697,3.8189015151515155
FC_0000771,2021-03-24,NE,East & Northeast India,22.72,96.23,8,0.0,22.13,1017.56,42.93,0.5,1048.5,12.06,fair_weather,0.47,22.73,1013.2,56.47,7.63,730.3,-0.47,-0.6000000000000014,4.3599999999999,-13.54,-7.13,0.47,0.6000000000000014,4.3599999999999,13.54,7.13,0,0,1,1,1,Pre-Monsoon,57.07,0.52425,-4.309999999999945,1.19,0.7,1.52,2.2,9.59,64,1.5075,0,0,0,0,0,0,0,0.7734375,18.668203125,5.0324609375
FC_0000772,2024-03-14,NW,Northwest India,26.96,72.09,3,0.0,29.77,1010.39,50.18,5.65,50.0,6.27,fair_weather,6.11,30.88,1009.88,59.42,7.67,368.3,-6.11,-1.1099999999999994,0.5099999999999909,-9.240000000000002,-2.0199999999999996,6.11,1.1099999999999994,0.5099999999999909,9.240000000000002,2.0199999999999996,0,0,0,0,0,Pre-Monsoon,49.82,0.2825,2.8600000000000136,2.1,2.86,1.06,-1.0,-7.38,9,2.09,0,0,0,0,0,0,0,0.38207547169811323,10.293254716981133,2.4025000000000003
FC_0000773,2024-01-14,EC,Bay of Bengal & East Coast,12.7,84.82,3,10.26,19.78,1007.98,64.54,7.19,493.4,13.96,fair_weather,0.32,27.82,1011.0,61.24,7.04,1018.4,9.94,-8.04,-3.019999999999982,3.3000000000000043,0.15000000000000036,9.94,8.04,3.019999999999982,3.3000000000000043,0.15000000000000036,0,1,0,0,1,Winter,35.459999999999994,3.5475459999999996,5.269999999999982,2.79,3.93,0.01,0.71,-2.27,9,4.653333333333333,0,0,0,0,0,0,0,0.35269709543568467,20.04215767634855,2.0838589211618257
FC_0000774,2024-01-07,CI,Central India,20.46,78.89,9,36.18,19.63,1009.83,36.88,14.35,50.0,19.07,fair_weather,0.44,22.11,1012.16,46.4,5.64,508.5,35.74,-2.4800000000000004,-2.3299999999999272,-9.519999999999996,8.71,35.74,2.4800000000000004,2.3299999999999272,9.519999999999996,8.71,1,0,1,0,1,Winter,63.12,0.7175,3.419999999999959,3.96,14.6,-0.77,0.52,4.31,81,2.118888888888889,0,0,0,0,0,0,0,0.8769230769230769,22.42480769230769,6.476230769230769
FC_0000775,2022-04-02,NW,Northwest India,26.92,68.54,6,15.43,33.62,1006.1,41.84,10.14,521.5,14.74,pre_monsoon,6.85,31.18,1009.92,47.86,6.3,616.2,8.58,2.4399999999999977,-3.8199999999999363,-6.019999999999996,3.8400000000000007,8.58,2.4399999999999977,3.8199999999999363,6.019999999999996,3.8400000000000007,0,0,0,0,0,Pre-Monsoon,58.16,5.28801,7.149999999999977,3.55,6.59,-0.55,0.27,2.44,36,2.4566666666666666,0,0,0,0,0,0,0,0.6025641025641025,14.582179487179488,3.756153846153846
FC_0000776,2021-01-01,NW,Northwest India,34.13,74.41,8,2.83,18.85,1007.28,51.31,3.8,342.5,28.29,western_disturbance,9.42,13.89,1008.93,68.96,8.72,471.2,-6.59,4.960000000000001,-1.6499999999999773,-17.64999999999999,-4.920000000000001,6.59,4.960000000000001,1.6499999999999773,17.64999999999999,4.920000000000001,0,1,0,0,1,Winter,48.69,1.3015,5.970000000000027,2.06,1.04,-1.48,1.59,8.92,64,3.53625,0,0,0,0,1,0,1,0.8306451612903226,22.631330645161288,5.529879032258065
FC_0000777,2021-02-20,NE,East & Northeast India,23.9,85.57,4,21.71,27.59,1014.87,67.21,3.8,917.6,7.37,fair_weather,14.14,29.72,1014.39,72.76,6.35,1133.3,7.57,-2.129999999999999,0.4800000000000182,-5.550000000000011,-2.55,7.57,2.129999999999999,0.4800000000000182,5.550000000000011,2.55,0,0,0,0,0,Winter,32.790000000000006,3.48688,-1.6200000000000045,1.19,8.0,1.83,-2.77,2.88,16,1.8425,0,0,0,0,0,0,0,0.3958333333333333,10.796125,2.65775
FC_0000778,2022-11-16,SP,Southern Peninsula,14.92,75.93,5,87.92,29.54,1008.82,100.0,6.39,4490.5,26.22,cyclone,195.39,26.53,982.48,99.43,33.21,3669.5,-107.46999999999998,3.009999999999998,26.340000000000032,0.5699999999999932,-26.82,107.46999999999998,3.009999999999998,26.340000000000032,0.5699999999999932,26.82,1,1,1,1,1,Post-Monsoon,0.0,28.694294999999997,4.42999999999995,2.37,32.05,-0.8,-9.25,-4.74,25,5.244,0,0,1,0,0,0,1,0.5399239543726235,20.9232319391635,3.057984790874525
FC_0000779,2022-12-18,EC,Bay of Bengal & East Coast,21.24,84.31,9,82.12,37.73,1011.94,83.25,1.14,448.9,30.49,post_monsoon,4.64,26.44,1010.53,69.74,7.12,655.4,77.48,11.289999999999996,1.4100000000000819,13.510000000000005,-5.98,77.48,11.289999999999996,1.4100000000000819,13.510000000000005,5.98,1,1,0,0,1,Post-Monsoon,16.75,0.5117459999999999,1.3099999999999454,0.73,29.16,2.02,0.24,5.45,81,3.3877777777777776,0,0,0,0,0,0,0,0.8455284552845529,35.98406504065041,6.411097560975609
FC_0000780,2022-03-25,SP,Southern Peninsula,10.72,79.08,7,24.77,22.52,1009.37,45.54,11.39,1459.7,12.42,fair_weather,11.42,25.09,1014.59,40.65,5.51,994.4,13.35,-2.5700000000000003,-5.220000000000027,4.890000000000001,5.880000000000001,13.35,2.5700000000000003,5.220000000000027,4.890000000000001,5.880000000000001,0,0,0,1,1,Pre-Monsoon,54.46,16.625983,3.8799999999999955,3.48,9.52,0.15,0.25,1.88,49,1.7742857142857142,0,0,0,0,0,0,0,0.690677966101695,21.64720338983051,4.4192372881355935
FC_0000781,2023-05-31,EC,Bay of Bengal & East Coast,20.65,83.34,5,610.92,30.62,989.83,79.33,13.66,4570.4,36.29,cyclone,339.4,29.94,973.63,98.85,31.65,3950.9,271.52,0.6799999999999997,16.200000000000045,-19.519999999999996,-17.99,271.52,0.6799999999999997,16.200000000000045,19.519999999999996,17.99,1,0,1,1,1,Pre-Monsoon,20.67,62.431664,23.41999999999996,6.99,216.64,1.39,-13.0,-8.01,25,7.258,0,0,1,0,0,0,1,0.5407725321888412,24.05197424892704,2.9729613733905578
FC_0000782,2022-05-03,CI,Central India,21.26,78.33,7,10.92,32.93,1011.24,38.4,3.15,1128.2,10.8,pre_monsoon,6.27,32.52,1009.39,42.73,4.0,956.3,4.65,0.4099999999999966,1.8500000000000227,-4.329999999999998,-0.8500000000000001,4.65,0.4099999999999966,1.8500000000000227,4.329999999999998,0.8500000000000001,0,0,0,0,0,Pre-Monsoon,61.6,3.55383,2.009999999999991,1.17,8.09,-0.66,-2.18,3.9,49,1.542857142857143,0,0,0,0,0,0,0,0.7537878787878788,21.91992424242424,4.943787878787879
FC_0000783,2021-02-03,CI,Central India,25.38,80.93,9,35.88,27.6,1009.94,36.29,7.39,846.1,13.11,fair_weather,11.37,32.89,1013.12,40.66,6.67,1044.8,24.510000000000005,-5.289999999999999,-3.17999999999995,-4.369999999999997,0.7199999999999998,24.510000000000005,5.289999999999999,3.17999999999995,4.369999999999997,0.7199999999999998,0,1,0,0,1,Winter,63.71,6.252679,3.3099999999999454,2.61,13.85,1.05,1.18,2.65,81,1.4566666666666666,0,0,0,0,0,0,0,0.8769230769230769,22.42480769230769,6.476230769230769
FC_0000784,2024-10-03,NW,Northwest India,27.22,69.85,3,55.32,24.69,1004.48,71.76,4.03,1048.5,8.37,post_monsoon,48.74,25.57,1006.32,53.69,4.06,1175.3,6.579999999999998,-0.879999999999999,-1.8400000000000318,18.070000000000007,-0.02999999999999936,6.579999999999998,0.879999999999999,1.8400000000000318,18.070000000000007,0.02999999999999936,0,0,0,0,0,Post-Monsoon,28.239999999999995,4.225455,8.769999999999982,2.62,20.61,1.34,0.3,-5.14,9,2.7899999999999996,0,0,0,0,0,0,0,0.38207547169811323,10.293254716981133,2.4025000000000003
FC_0000785,2021-04-05,EC,Bay of Bengal & East Coast,13.53,82.37,3,11.58,31.01,1012.78,46.49,4.17,502.5,8.87,pre_monsoon,3.23,29.39,1014.75,42.15,4.1,680.3,8.35,1.620000000000001,-1.9700000000000273,4.340000000000003,0.07000000000000028,8.35,1.620000000000001,1.9700000000000273,4.340000000000003,0.07000000000000028,0,0,0,0,0,Pre-Monsoon,53.51,2.095425,0.4700000000000273,1.1,4.9,0.42,-2.95,0.84,9,2.9566666666666666,0,0,0,0,0,0,0,0.35269709543568467,20.04215767634855,2.0838589211618257
FC_0000786,2024-01-01,EC,Bay of Bengal & East Coast,13.53,85.93,4,41.78,20.62,1014.06,42.28,4.35,356.4,11.19,fair_weather,34.74,23.37,1011.16,45.67,4.24,656.6,7.039999999999999,-2.75,2.8999999999999773,-3.3900000000000006,0.10999999999999943,7.039999999999999,2.75,2.8999999999999773,3.3900000000000006,0.10999999999999943,0,0,0,0,0,Winter,57.72,1.5503399999999996,-0.8099999999999454,1.5,16.72,1.29,-0.58,-4.9,16,2.7975,0,0,0,0,0,0,0,0.5057034220532319,21.50577946768061,2.6715589353612166
FC_0000787,2021-06-03,SP,Southern Peninsula,8.93,77.13,10,38.86,20.42,1009.46,40.85,0.5,718.6,46.23,normal_monsoon,2.18,29.99,1008.68,61.91,3.23,940.8,36.68,-9.569999999999997,0.7800000000000864,-21.059999999999995,-2.73,36.68,9.569999999999997,0.7800000000000864,21.059999999999995,2.73,1,1,0,0,1,SW-Monsoon,59.15,0.3593,3.7899999999999636,1.17,16.67,1.12,-1.79,4.78,100,4.622999999999999,0,0,0,0,0,0,0,0.8880597014925373,40.953582089552235,6.767388059701492
FC_0000788,2021-09-07,CI,Central India,23.0,76.91,7,29.62,5.51,1005.55,38.85,4.72,50.0,28.58,normal_monsoon,3.41,28.02,1009.54,47.74,4.2,749.9,26.21,-22.509999999999998,-3.990000000000009,-8.89,0.5199999999999996,26.21,22.509999999999998,3.990000000000009,8.89,0.5199999999999996,1,1,0,0,1,SW-Monsoon,61.15,0.236,7.7000000000000455,2.63,10.72,-1.18,-2.95,1.95,49,4.082857142857143,0,0,0,0,0,0,0,0.7537878787878788,21.91992424242424,4.943787878787879
FC_0000789,2022-11-05,WG,Western Ghats & West Coast,8.78,72.87,5,5.68,21.9,1011.06,57.71,1.51,1874.8,9.26,post_monsoon,5.03,24.18,1011.85,56.02,3.53,1143.8,0.6499999999999995,-2.280000000000001,-0.7900000000000773,1.6899999999999977,-2.0199999999999996,0.6499999999999995,2.280000000000001,0.7900000000000773,1.6899999999999977,2.0199999999999996,0,0,0,0,0,Post-Monsoon,42.29,2.830948,2.1900000000000546,1.1,3.48,0.36,3.26,2.77,25,1.8519999999999999,0,0,0,0,0,0,0,0.47297297297297297,15.318648648648647,2.9495045045045045
FC_0000790,2022-03-14,NW,Northwest India,25.64,76.36,5,20.44,30.63,1008.41,42.56,0.5,50.0,13.71,fair_weather,18.41,31.17,1009.31,41.13,5.18,718.6,2.030000000000001,-0.5400000000000027,-0.8999999999999773,1.4299999999999997,-4.68,2.030000000000001,0.5400000000000027,0.8999999999999773,1.4299999999999997,4.68,0,0,0,0,0,Pre-Monsoon,57.44,0.025,4.840000000000032,1.0,7.81,1.05,0.82,6.29,25,2.742,0,0,0,0,0,0,0,0.5403225806451613,11.756008064516129,3.5735887096774195
FC_0000791,2021-04-28,EC,Bay of Bengal & East Coast,18.24,80.58,4,26.13,27.51,1011.42,86.54,3.12,1479.2,8.49,pre_monsoon,7.96,29.77,1009.82,74.2,3.56,1112.2,18.169999999999998,-2.259999999999998,1.599999999999909,12.340000000000003,-0.43999999999999995,18.169999999999998,2.259999999999998,1.599999999999909,12.340000000000003,0.43999999999999995,0,0,0,0,0,Pre-Monsoon,13.459999999999994,4.6151040000000005,1.830000000000041,1.13,13.13,0.94,-2.75,-1.23,16,2.1225,0,0,0,0,0,0,0,0.5057034220532319,21.50577946768061,2.6715589353612166
FC_0000792,2023-02-10,NE,East & Northeast India,24.32,88.34,8,0.0,33.8,1020.1,78.96,5.48,1365.7,29.07,fair_weather,4.57,30.47,1012.86,66.4,3.83,779.2,-4.57,3.3299999999999983,7.240000000000009,12.559999999999988,1.6500000000000004,4.57,3.3299999999999983,7.240000000000009,12.559999999999988,1.6500000000000004,0,1,0,1,1,Winter,21.040000000000006,7.484036000000001,-6.850000000000023,2.58,1.87,-1.18,3.9,-1.0,64,3.63375,0,0,0,0,0,0,0,0.7734375,18.668203125,5.0324609375
FC_0000793,2024-08-22,NE,East & Northeast India,25.91,91.27,3,0.0,30.84,1007.68,68.1,5.98,1811.6,19.64,normal_monsoon,4.09,27.18,1007.51,53.47,5.59,915.8,-4.09,3.66,0.16999999999995907,14.629999999999995,0.39000000000000057,4.09,3.66,0.16999999999995907,14.629999999999995,0.39000000000000057,0,1,0,0,1,SW-Monsoon,31.900000000000006,10.833368,5.57000000000005,2.34,1.26,1.15,1.55,-5.29,9,6.546666666666667,0,0,0,0,0,0,0,0.25190839694656486,7.7308778625954195,2.112251908396947
FC_0000794,2021-09-25,WG,Western Ghats & West Coast,13.77,73.92,2,63.33,25.74,1012.63,94.43,2.5,3418.2,9.3,heavy_rainfall,124.95,26.12,1002.94,98.13,14.15,3745.3,-61.620000000000005,-0.38000000000000256,9.68999999999994,-3.6999999999999886,-11.65,61.620000000000005,0.38000000000000256,9.68999999999994,3.6999999999999886,11.65,1,0,1,1,1,SW-Monsoon,5.569999999999993,8.5455,0.6200000000000045,1.1,22.81,-2.51,-0.98,-9.3,4,4.65,0,1,0,0,0,0,1,0.20392156862745098,10.022705882352941,1.5912549019607842
FC_0000795,2023-12-14,CI,Central India,19.1,81.42,4,10.15,21.89,1015.54,53.13,9.44,937.5,10.26,post_monsoon,13.86,22.29,1014.56,54.44,7.75,1078.0,-3.709999999999999,-0.3999999999999986,0.9800000000000182,-1.3099999999999952,1.6899999999999995,3.709999999999999,0.3999999999999986,0.9800000000000182,1.3099999999999952,1.6899999999999995,0,0,0,0,0,Post-Monsoon,46.87,8.85,-2.2899999999999636,2.53,3.6,-0.56,-2.0,1.87,16,2.565,0,0,0,0,0,0,0,0.37890625,10.3326171875,2.6153125
FC_0000796,2021-08-24,CI,Central India,25.04,83.44,8,12.79,25.56,1010.73,69.24,6.36,360.6,35.64,normal_monsoon,6.32,22.63,1014.26,47.21,7.6,486.2,6.469999999999999,2.9299999999999997,-3.5299999999999727,22.029999999999994,-1.2399999999999993,6.469999999999999,2.9299999999999997,3.5299999999999727,22.029999999999994,1.2399999999999993,0,0,0,0,0,SW-Monsoon,30.760000000000005,2.293416,2.519999999999982,2.23,5.96,-1.19,2.53,0.26,64,4.455,0,0,0,0,0,0,0,0.7795918367346939,22.1525306122449,5.795224489795918
FC_0000797,2022-01-24,CI,Central India,18.47,81.4,4,4.01,29.92,1010.24,54.84,2.93,1619.4,8.25,fair_weather,2.87,28.94,1010.93,49.85,5.04,753.1,1.1399999999999997,0.9800000000000004,-0.6899999999999409,4.990000000000002,-2.11,1.1399999999999997,0.9800000000000004,0.6899999999999409,4.990000000000002,2.11,0,0,0,0,0,Winter,45.16,4.744842,3.009999999999991,1.59,2.63,-0.39,0.79,4.57,16,2.0625,0,0,0,0,0,0,0,0.37890625,10.3326171875,2.6153125
FC_0000798,2023-09-17,SP,Southern Peninsula,13.81,80.21,8,48.28,23.17,1012.82,63.16,5.28,1178.1,11.9,normal_monsoon,30.82,27.52,1013.69,45.15,7.8,811.3,17.46,-4.349999999999998,-0.8700000000000045,18.009999999999998,-2.5199999999999996,17.46,4.349999999999998,0.8700000000000045,18.009999999999998,2.5199999999999996,0,1,0,0,1,SW-Monsoon,36.84,6.220368,0.42999999999995,1.61,17.55,2.17,2.51,-2.5,64,1.4875,0,0,0,0,0,0,0,0.8173913043478261,28.809652173913044,6.443217391304348
FC_0000799,2023-02-02,NE,East & Northeast India,23.15,93.91,5,0.84,28.03,1009.4,40.31,6.06,795.9,9.07,fair_weather,1.94,28.71,1008.73,44.83,7.15,735.0,-1.1,-0.6799999999999997,0.6699999999999591,-4.519999999999996,-1.0900000000000007,1.1,0.6799999999999997,0.6699999999999591,4.519999999999996,1.0900000000000007,0,0,0,0,0,Winter,59.69,4.823154,3.8500000000000227,2.38,2.71,0.81,-2.17,4.75,25,1.814,0,0,0,0,0,0,0,0.51440329218107,12.827283950617282,3.27
FC_0000800,2022-02-05,CI,Central India,18.44,80.31,9,46.11,58.56,1009.75,67.57,5.23,1079.9,32.01,fair_weather,3.53,23.07,1009.06,64.15,3.93,1141.8,42.58,35.49,0.6900000000000546,3.4199999999999875,1.3000000000000003,42.58,35.49,0.6900000000000546,3.4199999999999875,1.3000000000000003,1,1,0,0,1,Winter,32.43000000000001,5.647877000000001,3.5,2.17,16.81,1.16,-0.47,-5.45,81,3.5566666666666666,0,0,0,0,0,0,0,0.8769230769230769,22.42480769230769,6.476230769230769
FC_0000801,2022-09-16,NE,East & Northeast India,23.98,94.23,2,0.0,30.65,1009.2,68.93,4.72,992.8,4.69,normal_monsoon,2.98,30.59,1007.69,66.86,3.59,378.6,-2.98,0.05999999999999872,1.509999999999991,2.0700000000000074,1.13,2.98,0.05999999999999872,1.509999999999991,2.0700000000000074,1.13,0,0,0,0,0,SW-Monsoon,31.069999999999993,4.6860159999999995,4.0499999999999545,1.88,1.06,0.49,0.72,-2.11,4,2.345,0,0,0,0,0,0,0,0.1797752808988764,6.552209737827716,1.8855430711610486
FC_0000802,2023-02-06,WG,Western Ghats & West Coast,18.36,74.14,8,51.26,26.95,1017.61,64.18,5.57,1383.0,13.16,fair_weather,1.34,29.48,1011.79,52.44,3.48,862.0,49.919999999999995,-2.530000000000001,5.82000000000005,11.740000000000009,2.0900000000000003,49.919999999999995,2.530000000000001,5.82000000000005,11.740000000000009,2.0900000000000003,1,0,0,1,1,Winter,35.81999999999999,7.70331,-4.360000000000014,2.07,18.96,-1.19,0.31,0.88,64,1.645,0,0,0,0,0,0,0,0.7743362831858407,29.086371681415926,6.164911504424778
FC_0000803,2024-08-19,NW,Northwest India,30.83,69.17,7,3.35,29.75,1002.76,73.46,9.04,874.9,10.94,normal_monsoon,4.66,29.11,1009.14,71.99,6.4,798.9,-1.31,0.6400000000000006,-6.3799999999999955,1.4699999999999989,2.639999999999999,1.31,0.6400000000000006,6.3799999999999955,1.4699999999999989,2.639999999999999,0,0,0,1,1,SW-Monsoon,26.540000000000006,7.909095999999999,10.490000000000009,3.95,2.7,-1.3,0.37,0.64,49,1.5628571428571427,0,0,0,0,0,0,0,0.7428571428571429,18.69661224489796,4.418367346938775
FC_0000804,2023-07-08,SP,Southern Peninsula,11.34,76.98,2,9.0,27.8,1014.57,54.16,4.24,733.4,8.09,normal_monsoon,11.11,27.29,1014.65,59.5,3.25,742.1,-2.1099999999999994,0.5100000000000016,-0.07999999999992724,-5.340000000000003,0.9900000000000002,2.1099999999999994,0.5100000000000016,0.07999999999992724,5.340000000000003,0.9900000000000002,0,0,0,0,0,SW-Monsoon,45.84,3.109616,-1.32000000000005,1.43,4.45,1.18,-0.52,-0.77,4,4.045,0,0,0,0,0,0,0,0.12658227848101267,6.515105485232067,1.4548523206751058
FC_0000805,2024-05-15,EC,Bay of Bengal & East Coast,13.01,88.05,5,2.72,23.94,1013.01,49.1,2.84,706.6,28.52,pre_monsoon,10.21,29.1,1008.79,63.68,3.23,616.3,-7.49,-5.16,4.220000000000027,-14.579999999999998,-0.3900000000000001,7.49,5.16,4.220000000000027,14.579999999999998,0.3900000000000001,0,1,0,1,1,Pre-Monsoon,50.9,2.006744,0.2400000000000091,0.94,1.38,1.3,1.59,-8.78,25,5.704,0,0,0,0,0,0,0,0.5407725321888412,24.05197424892704,2.9729613733905578
FC_0000806,2024-06-06,WG,Western Ghats & West Coast,9.78,75.36,6,0.0,25.29,1011.58,43.79,2.37,50.0,10.55,normal_monsoon,0.54,25.29,1012.32,52.9,4.09,432.4,-0.54,0.0,-0.7400000000000091,-9.11,-1.7199999999999998,0.54,0.0,0.7400000000000091,9.11,1.7199999999999998,0,0,0,0,0,SW-Monsoon,56.21,0.1185,1.669999999999959,1.03,3.39,-0.77,-0.34,1.92,36,1.7583333333333335,0,0,0,0,0,0,0,0.6075471698113207,19.574377358490565,3.890641509433962
FC_0000807,2023-05-03,NE,East & Northeast India,28.57,95.94,9,0.0,30.12,1012.06,59.16,4.66,1494.5,41.92,pre_monsoon,0.9,31.94,1013.79,58.19,3.16,1162.4,-0.9,-1.8200000000000003,-1.7300000000000182,0.9699999999999989,1.5,0.9,1.8200000000000003,1.7300000000000182,0.9699999999999989,1.5,0,0,0,0,0,Pre-Monsoon,40.84,6.96437,1.1900000000000546,1.6,0.43,-2.18,1.27,-4.43,81,4.657777777777778,0,0,0,0,0,0,0,0.8489795918367347,27.977591836734696,6.6734285714285715
FC_0000808,2022-08-01,WG,Western Ghats & West Coast,17.52,73.29,8,40.67,32.08,1011.93,96.71,3.66,2285.6,42.78,heavy_rainfall,56.58,26.77,999.72,92.46,13.79,3041.3,-15.909999999999997,5.309999999999999,12.209999999999923,4.25,-10.129999999999999,15.909999999999997,5.309999999999999,12.209999999999923,4.25,10.129999999999999,0,1,1,1,1,SW-Monsoon,3.2900000000000063,8.365296,1.32000000000005,1.14,14.74,0.43,-1.0,-5.38,64,5.3475,0,1,0,0,0,0,1,0.7743362831858407,29.086371681415926,6.164911504424778
FC_0000809,2021-03-16,EC,Bay of Bengal & East Coast,19.99,82.49,7,0.0,31.85,999.01,34.1,3.49,640.6,11.61,fair_weather,2.17,29.98,1007.22,40.72,4.86,1011.8,-2.17,1.870000000000001,-8.210000000000036,-6.619999999999997,-1.37,2.17,1.870000000000001,8.210000000000036,6.619999999999997,1.37,0,0,0,1,1,Pre-Monsoon,65.9,2.2356940000000005,14.240000000000009,3.18,0.47,1.85,0.62,0.04,49,1.6585714285714286,0,0,0,0,0,0,0,0.7536231884057971,31.278079710144926,4.301775362318841
FC_0000810,2022-03-11,SP,Southern Peninsula,15.38,78.9,1,2.71,27.17,1014.88,76.25,9.17,1024.2,7.96,fair_weather,1.47,25.62,1014.2,63.18,7.88,804.8,1.24,1.5500000000000007,0.67999999999995,13.07,1.29,1.24,1.5500000000000007,0.67999999999995,13.07,1.29,0,0,0,0,0,Pre-Monsoon,23.75,9.391914,-1.6299999999999955,2.49,2.21,-1.4,1.56,3.61,1,7.96,0,0,0,0,0,0,0,0.1214574898785425,7.125991902834008,1.2743724696356276
FC_0000811,2021-04-13,NW,Northwest India,34.21,68.85,10,17.09,49.12,1001.95,34.87,4.41,2418.4,18.19,heat_wave,1.79,45.52,1001.66,25.29,5.43,882.9,15.3,3.5999999999999943,0.2900000000000773,9.579999999999998,-1.0199999999999996,15.3,3.5999999999999943,0.2900000000000773,9.579999999999998,1.0199999999999996,0,1,0,0,1,Pre-Monsoon,65.13,10.665144,11.299999999999955,3.12,8.58,0.51,0.88,-3.14,100,1.8190000000000002,0,0,0,1,0,0,1,0.8470588235294118,25.773882352941175,6.877843137254902
FC_0000812,2024-12-16,EC,Bay of Bengal & East Coast,17.41,87.39,3,103.21,28.15,973.25,99.4,28.84,4872.3,5.94,cyclone,104.38,28.25,975.48,96.89,28.92,4235.0,-1.1700000000000017,-0.10000000000000142,-2.230000000000018,2.510000000000005,-0.08000000000000185,1.1700000000000017,0.10000000000000142,2.230000000000018,2.510000000000005,0.08000000000000185,0,0,0,0,0,Post-Monsoon,0.5999999999999943,140.517132,40.0,12.6,37.21,1.45,-16.85,1.3,9,1.9800000000000002,0,0,1,0,0,0,1,0.35269709543568467,20.04215767634855,2.0838589211618257
FC_0000813,2023-02-03,SP,Southern Peninsula,14.89,75.16,1,7.87,29.24,1008.31,73.61,7.39,331.2,3.58,fair_weather,10.43,30.11,1006.32,67.38,6.7,318.3,-2.5599999999999996,-0.870000000000001,1.9899999999998954,6.230000000000004,0.6899999999999995,2.5599999999999996,0.870000000000001,1.9899999999998954,6.230000000000004,0.6899999999999995,0,0,0,0,0,Winter,26.39,2.447568,4.940000000000055,2.7,4.32,0.99,-1.28,-1.35,1,3.58,0,0,0,0,0,0,0,0.1214574898785425,7.125991902834008,1.2743724696356276
FC_0000814,2023-01-08,NE,East & Northeast India,28.98,85.52,10,11.24,26.1,1003.71,53.08,7.15,50.0,15.44,fair_weather,2.18,26.96,1008.3,45.5,4.27,985.9,9.06,-0.8599999999999994,-4.589999999999918,7.579999999999998,2.880000000000001,9.06,0.8599999999999994,4.589999999999918,7.579999999999998,2.880000000000001,0,0,0,1,1,Winter,46.92,0.3575,9.539999999999964,3.2,5.81,1.42,2.06,-3.49,100,1.544,0,0,0,0,0,0,0,0.8785714285714286,31.068464285714285,7.881642857142857
FC_0000815,2023-03-17,EC,Bay of Bengal & East Coast,17.76,86.24,6,8.0,17.25,1005.37,35.42,10.2,1559.0,28.71,fair_weather,2.59,31.99,1008.57,50.26,5.67,341.1,5.41,-14.739999999999998,-3.2000000000000455,-14.839999999999996,4.529999999999999,5.41,14.739999999999998,3.2000000000000455,14.839999999999996,4.529999999999999,0,1,0,0,1,Pre-Monsoon,64.58,15.9018,7.8799999999999955,3.64,5.21,-0.74,-3.29,-0.56,36,4.785,0,0,0,0,0,0,0,0.6809338521400778,24.520038910505836,3.678326848249027
FC_0000816,2024-08-22,WG,Western Ghats & West Coast,9.29,72.72,3,112.35,25.66,995.58,86.73,9.25,2586.0,5.79,heavy_rainfall,109.14,26.87,998.32,95.48,11.36,2923.2,3.2099999999999937,-1.2100000000000009,-2.740000000000009,-8.75,-2.1099999999999994,3.2099999999999937,1.2100000000000009,2.740000000000009,8.75,2.1099999999999994,0,0,0,0,0,SW-Monsoon,13.269999999999996,23.9205,17.66999999999996,5.05,39.84,2.83,-0.2,-9.62,9,1.93,0,1,0,0,0,0,1,0.32926829268292684,13.52512195121951,2.1642276422764226
FC_0000817,2021-04-08,CI,Central India,24.28,77.85,2,0.0,20.96,1012.58,76.08,3.09,540.0,18.17,pre_monsoon,1.81,25.4,1014.62,67.57,3.6,584.6,-1.81,-4.439999999999998,-2.0399999999999636,8.510000000000005,-0.5100000000000002,1.81,4.439999999999998,2.0399999999999636,8.510000000000005,0.5100000000000002,0,1,0,0,1,Pre-Monsoon,23.92,1.6685999999999999,0.6699999999999591,0.96,1.33,-1.74,-1.71,1.14,4,9.085,0,0,0,0,0,0,0,0.2196078431372549,7.970745098039216,2.0045098039215685
FC_0000818,2023-03-09,WG,Western Ghats & West Coast,9.29,75.93,10,0.0,32.46,1009.97,59.38,8.78,483.0,15.29,fair_weather,10.41,29.74,1010.74,71.51,4.81,368.5,-10.41,2.7200000000000024,-0.7699999999999818,-12.130000000000003,3.9699999999999998,10.41,2.7200000000000024,0.7699999999999818,12.130000000000003,3.9699999999999998,0,0,0,0,0,Pre-Monsoon,40.62,4.24074,3.2799999999999727,2.69,1.54,-0.68,-1.56,-3.66,100,1.529,0,0,0,0,0,0,0,0.8455284552845529,32.79081300813008,6.509756097560976
FC_0000819,2024-09-20,NE,East & Northeast India,28.22,92.05,2,0.0,34.08,1006.4,62.74,7.07,206.9,8.14,normal_monsoon,3.2,32.36,1006.21,65.17,4.26,381.9,-3.2,1.7199999999999989,0.18999999999994088,-2.4299999999999997,2.8100000000000005,3.2,1.7199999999999989,0.18999999999994088,2.4299999999999997,2.8100000000000005,0,0,0,0,0,SW-Monsoon,37.26,1.4627830000000002,6.850000000000023,2.75,0.5,-1.46,0.15,1.3,4,4.07,0,0,0,0,0,0,0,0.1797752808988764,6.552209737827716,1.8855430711610486
FC_0000820,2023-05-09,NW,Northwest India,26.1,68.15,8,171.21,20.52,1002.85,72.88,2.74,664.0,28.81,pre_monsoon,1.67,31.28,1010.89,61.43,7.73,656.8,169.54000000000002,-10.760000000000002,-8.039999999999964,11.449999999999996,-4.99,169.54000000000002,10.760000000000002,8.039999999999964,11.449999999999996,4.99,1,1,0,1,1,Pre-Monsoon,27.120000000000005,1.81936,10.399999999999977,2.6,60.88,-0.35,-1.17,-3.47,64,3.60125,0,0,0,0,0,0,0,0.8306451612903226,22.631330645161288,5.529879032258065
FC_0000821,2022-03-11,EC,Bay of Bengal & East Coast,18.71,84.95,1,5.34,27.96,1007.75,35.42,8.02,166.5,3.44,fair_weather,2.15,27.52,1010.2,40.25,7.29,359.4,3.19,0.4400000000000013,-2.4500000000000455,-4.829999999999998,0.7299999999999995,3.19,0.4400000000000013,2.4500000000000455,4.829999999999998,0.7299999999999995,0,0,0,0,0,Pre-Monsoon,64.58,1.33533,5.5,2.91,4.35,-0.64,-0.26,-10.39,1,3.44,0,0,0,0,0,0,0,0.14418604651162792,12.282837209302325,1.1518604651162792
FC_0000822,2022-03-23,NW,Northwest India,32.46,76.13,9,8.64,19.38,1006.55,53.67,3.06,471.3,40.11,fair_weather,7.62,24.71,1011.77,66.31,5.53,1135.7,1.0200000000000005,-5.330000000000002,-5.220000000000027,-12.64,-2.47,1.0200000000000005,5.330000000000002,5.220000000000027,12.64,2.47,0,1,0,1,1,Pre-Monsoon,46.33,1.4421780000000002,6.7000000000000455,1.83,3.67,-1.15,-0.12,-5.4,81,4.456666666666667,0,0,0,0,0,0,0,0.7936507936507936,22.855674603174602,6.38031746031746
FC_0000823,2024-08-24,NE,East & Northeast India,24.69,86.49,7,37.43,36.24,1009.88,25.29,6.18,50.0,18.05,normal_monsoon,8.51,32.39,1008.9,41.44,5.75,308.2,28.92,3.8500000000000014,0.9800000000000182,-16.15,0.4299999999999997,28.92,3.8500000000000014,0.9800000000000182,16.15,0.4299999999999997,1,1,0,0,1,SW-Monsoon,74.71000000000001,0.309,3.3700000000000045,2.21,13.48,-0.02,-2.02,-2.51,49,2.5785714285714287,0,0,0,0,0,0,0,0.777292576419214,16.60921397379913,5.613624454148471
FC_0000824,2021-09-06,EC,Bay of Bengal & East Coast,21.34,84.91,1,0.0,29.51,1012.71,41.08,7.94,463.9,6.91,normal_monsoon,5.32,30.9,1011.57,42.11,5.93,461.8,-5.32,-1.389999999999997,1.1399999999999864,-1.0300000000000011,2.0100000000000007,5.32,1.389999999999997,1.1399999999999864,1.0300000000000011,2.0100000000000007,0,0,0,0,0,SW-Monsoon,58.92,3.683366,0.5399999999999636,2.24,0.19,-0.85,-1.58,-0.54,1,6.91,0,0,0,0,0,0,0,0.14418604651162792,12.282837209302325,1.1518604651162792
FC_0000825,2021-06-15,SP,Southern Peninsula,12.92,80.13,5,6.34,22.65,1005.02,61.57,4.48,1022.4,8.24,normal_monsoon,2.31,26.43,1008.22,55.65,6.81,509.9,4.029999999999999,-3.780000000000001,-3.2000000000000455,5.920000000000002,-2.329999999999999,4.029999999999999,3.780000000000001,3.2000000000000455,5.920000000000002,2.329999999999999,0,1,0,0,1,SW-Monsoon,38.43,4.580352,8.230000000000018,2.51,6.11,-0.61,-1.4,-4.26,25,1.6480000000000001,0,0,0,0,0,0,0,0.5399239543726235,20.9232319391635,3.057984790874525
FC_0000826,2023-09-11,SP,Southern Peninsula,15.45,78.15,5,0.91,24.23,1007.64,32.9,11.98,1065.7,8.24,normal_monsoon,2.65,27.62,1011.89,59.85,6.25,1184.1,-1.7399999999999998,-3.3900000000000006,-4.25,-26.950000000000003,5.73,1.7399999999999998,3.3900000000000006,4.25,26.950000000000003,5.73,0,1,0,1,1,SW-Monsoon,67.1,12.767086,5.610000000000014,3.83,1.59,-1.84,0.45,3.95,25,1.6480000000000001,0,0,0,0,0,0,0,0.5399239543726235,20.9232319391635,3.057984790874525
FC_0000827,2024-09-20,WG,Western Ghats & West Coast,11.57,76.99,2,0.0,25.74,1005.39,35.0,5.3,1164.1,5.49,normal_monsoon,0.65,27.58,1006.4,41.76,4.76,952.2,-0.65,-1.8399999999999999,-1.009999999999991,-6.759999999999998,0.54,0.65,1.8399999999999999,1.009999999999991,6.759999999999998,0.54,0,0,0,0,0,SW-Monsoon,65.0,6.1697299999999995,7.860000000000014,2.62,1.66,1.86,-0.19,2.25,4,2.745,0,0,0,0,0,0,0,0.20392156862745098,10.022705882352941,1.5912549019607842
FC_0000828,2023-10-17,WG,Western Ghats & West Coast,16.17,74.34,1,3.58,30.97,1012.62,74.18,2.26,535.5,3.66,post_monsoon,5.41,31.24,1010.32,69.63,3.28,591.2,-1.83,-0.2699999999999996,2.2999999999999545,4.550000000000011,-1.02,1.83,0.2699999999999996,2.2999999999999545,4.550000000000011,1.02,0,0,0,0,0,Post-Monsoon,25.819999999999993,1.2102299999999997,0.6299999999999955,0.79,1.38,0.81,-0.67,-3.9,1,3.66,0,0,0,0,0,0,0,0.1134453781512605,9.086302521008403,1.0998319327731092
FC_0000829,2022-06-26,NE,East & Northeast India,25.76,89.99,7,45.85,28.34,999.36,97.61,8.96,1503.0,10.92,active_break_monsoon,32.1,28.34,1002.62,83.99,11.85,1892.4,13.75,0.0,-3.259999999999991,13.620000000000005,-2.889999999999999,13.75,0.0,3.259999999999991,13.620000000000005,2.889999999999999,0,0,0,0,0,SW-Monsoon,2.3900000000000006,13.466880000000002,13.889999999999986,4.29,16.78,0.57,-0.07,-4.11,49,1.56,0,0,0,0,0,1,0,0.777292576419214,16.60921397379913,5.613624454148471
FC_0000830,2023-01-29,SP,Southern Peninsula,15.11,77.65,9,17.1,24.61,1008.6,57.36,14.13,50.0,13.03,fair_weather,4.62,25.44,1011.78,56.85,7.59,425.4,12.48,-0.8300000000000018,-3.17999999999995,0.509999999999998,6.540000000000001,12.48,0.8300000000000018,3.17999999999995,0.509999999999998,6.540000000000001,0,0,1,0,1,Winter,42.64,0.7065,4.649999999999977,4.18,6.19,2.27,-2.91,9.91,81,1.4477777777777776,0,0,0,0,0,0,0,0.8717948717948718,33.72879120879121,7.428937728937728
FC_0000831,2024-02-04,EC,Bay of Bengal & East Coast,20.06,87.56,8,13.72,16.13,1008.75,51.66,4.22,246.8,13.94,fair_weather,9.07,23.41,1011.05,54.21,7.1,1145.2,4.65,-7.280000000000001,-2.2999999999999545,-2.5500000000000043,-2.88,4.65,7.280000000000001,2.2999999999999545,2.5500000000000043,2.88,0,1,0,0,1,Winter,48.34,1.0414960000000002,4.5,1.76,4.96,-0.39,-1.57,6.1,64,1.7425,0,0,0,0,0,0,0,0.7910447761194029,29.504365671641793,4.961007462686567
FC_0000832,2021-03-22,SP,Southern Peninsula,14.59,78.97,7,9.24,24.12,1006.52,70.32,2.76,1037.5,10.99,fair_weather,5.04,27.77,1006.49,57.45,3.1,665.3,4.2,-3.6499999999999986,0.029999999999972715,12.86999999999999,-0.3400000000000003,4.2,3.6499999999999986,0.029999999999972715,12.86999999999999,0.3400000000000003,0,1,0,0,1,Pre-Monsoon,29.680000000000007,2.8635,6.730000000000018,2.02,3.44,-0.72,-0.23,-1.48,49,1.57,0,0,0,0,0,0,0,0.690677966101695,21.64720338983051,4.4192372881355935
FC_0000833,2021-05-13,WG,Western Ghats & West Coast,18.26,74.24,4,21.96,30.39,1013.97,78.37,6.37,785.4,8.17,pre_monsoon,8.63,32.63,1012.61,67.47,7.25,338.4,13.33,-2.240000000000002,1.3600000000000136,10.900000000000006,-0.8799999999999999,13.33,2.240000000000002,1.3600000000000136,10.900000000000006,0.8799999999999999,0,0,0,0,0,Pre-Monsoon,21.629999999999995,5.002998,-0.7200000000000273,1.96,9.04,1.24,0.15,2.22,16,2.0425,0,0,0,0,0,0,0,0.42084942084942084,15.014478764478765,2.5983397683397684
FC_0000834,2023-03-08,NE,East & Northeast India,21.97,95.11,10,0.0,54.13,1009.16,60.6,0.5,437.2,43.93,fair_weather,8.94,31.67,1012.16,54.2,4.5,472.7,-8.94,22.46,-3.0,6.399999999999999,-4.0,8.94,22.46,3.0,6.399999999999999,4.0,0,1,0,0,1,Pre-Monsoon,39.4,0.2186,4.090000000000032,1.02,0.0,-0.04,0.14,2.99,100,4.393,0,0,0,0,0,0,0,0.8785714285714286,31.068464285714285,7.881642857142857
FC_0000835,2023-06-19,SP,Southern Peninsula,11.99,75.7,7,14.56,20.55,1010.09,53.32,2.18,572.1,11.1,normal_monsoon,12.64,25.76,1006.51,65.42,3.43,405.1,1.92,-5.210000000000001,3.580000000000041,-12.100000000000001,-1.25,1.92,5.210000000000001,3.580000000000041,12.100000000000001,1.25,0,1,0,0,1,SW-Monsoon,46.68,1.2471780000000001,3.159999999999968,1.18,5.28,1.61,1.49,0.71,49,1.5857142857142856,0,0,0,0,0,0,0,0.690677966101695,21.64720338983051,4.4192372881355935
FC_0000836,2021-05-18,NE,East & Northeast India,21.98,86.91,8,34.65,23.53,1016.16,55.14,1.09,1916.4,14.28,pre_monsoon,6.72,24.2,1013.66,44.96,4.17,871.2,27.93,-0.6699999999999982,2.5,10.18,-3.08,27.93,0.6699999999999982,2.5,10.18,3.08,1,0,0,0,1,Pre-Monsoon,44.86,2.0888760000000004,-2.909999999999968,0.81,12.26,1.0,-1.86,-8.35,64,1.785,0,0,0,0,0,0,0,0.7734375,18.668203125,5.0324609375
FC_0000837,2021-07-03,SP,Southern Peninsula,14.01,78.91,9,0.0,30.53,1000.73,50.69,3.46,50.0,13.04,normal_monsoon,6.02,27.02,1007.42,56.09,4.7,693.0,-6.02,3.5100000000000016,-6.689999999999941,-5.400000000000006,-1.2400000000000002,6.02,3.5100000000000016,6.689999999999941,5.400000000000006,1.2400000000000002,0,1,0,1,1,SW-Monsoon,49.31,0.173,12.519999999999982,3.11,1.9,0.96,-0.33,3.73,81,1.448888888888889,0,0,0,0,0,0,0,0.8717948717948718,33.72879120879121,7.428937728937728
FC_0000838,2024-11-25,NW,Northwest India,26.65,76.47,9,0.0,23.15,1008.21,47.44,0.5,50.0,40.37,post_monsoon,0.93,25.26,1012.0,63.42,4.32,819.4,-0.93,-2.110000000000003,-3.7899999999999636,-15.980000000000004,-3.8200000000000003,0.93,2.110000000000003,3.7899999999999636,15.980000000000004,3.8200000000000003,0,0,0,0,0,Post-Monsoon,52.56,0.025,5.039999999999964,1.23,2.25,-0.53,0.69,1.37,81,4.485555555555555,0,0,0,0,0,0,0,0.7936507936507936,22.855674603174602,6.38031746031746
FC_0000839,2024-09-15,SP,Southern Peninsula,10.25,79.36,5,0.0,31.28,1006.48,61.79,7.06,1486.5,8.14,normal_monsoon,4.62,32.58,1008.83,50.8,7.16,739.6,-4.62,-1.2999999999999972,-2.3500000000000227,10.990000000000002,-0.10000000000000053,4.62,1.2999999999999972,2.3500000000000227,10.990000000000002,0.10000000000000053,0,0,0,0,0,SW-Monsoon,38.21,10.494689999999999,6.769999999999982,2.95,1.79,-1.16,1.0,3.23,25,1.6280000000000001,0,0,0,0,0,0,0,0.5399239543726235,20.9232319391635,3.057984790874525
FC_0000840,2023-02-24,WG,Western Ghats & West Coast,13.87,75.79,5,104.99,9.23,1013.65,82.74,5.07,890.5,17.14,fair_weather,5.98,24.9,1013.78,65.46,3.43,607.5,99.00999999999999,-15.669999999999998,-0.12999999999999545,17.28,1.6400000000000001,99.00999999999999,15.669999999999998,0.12999999999999545,17.28,1.6400000000000001,1,1,0,0,1,Winter,17.260000000000005,4.514835,-0.39999999999997726,1.33,37.32,0.2,-0.6,3.29,25,3.428,0,0,0,0,0,0,0,0.47297297297297297,15.318648648648647,2.9495045045045045
FC_0000841,2023-09-11,EC,Bay of Bengal & East Coast,15.2,83.12,6,0.0,33.42,1018.37,42.32,11.4,545.8,23.8,normal_monsoon,3.25,30.94,1014.99,51.97,7.54,713.5,-3.25,2.4800000000000004,3.3799999999999955,-9.649999999999999,3.8600000000000003,3.25,2.4800000000000004,3.3799999999999955,9.649999999999999,3.8600000000000003,0,0,0,0,0,SW-Monsoon,57.68,6.22212,-5.1200000000000045,3.52,4.68,-2.09,-1.6,4.41,36,3.966666666666667,0,0,0,0,0,0,0,0.6809338521400778,24.520038910505836,3.678326848249027
FC_0000842,2021-03-10,WG,Western Ghats & West Coast,18.1,72.66,8,0.0,36.14,1002.73,72.32,0.5,505.8,13.48,fair_weather,3.28,32.3,1010.22,58.93,3.2,375.6,-3.28,3.8400000000000034,-7.490000000000009,13.389999999999993,-2.7,3.28,3.8400000000000034,7.490000000000009,13.389999999999993,2.7,0,1,0,1,1,Pre-Monsoon,27.680000000000007,0.2529,10.519999999999982,1.95,0.74,0.6,-1.95,4.81,64,1.685,0,0,0,0,0,0,0,0.7743362831858407,29.086371681415926,6.164911504424778
FC_0000843,2022-06-30,WG,Western Ghats & West Coast,19.7,75.42,3,0.0,32.99,1013.26,58.41,1.34,1253.8,5.79,normal_monsoon,1.85,31.4,1011.65,49.1,4.76,843.9,-1.85,1.5900000000000034,1.6100000000000136,9.309999999999995,-3.42,1.85,1.5900000000000034,1.6100000000000136,9.309999999999995,3.42,0,0,0,0,0,SW-Monsoon,41.59,1.6800920000000001,-0.009999999999990905,0.75,1.14,-0.26,0.21,0.33,9,1.93,0,0,0,0,0,0,0,0.32926829268292684,13.52512195121951,2.1642276422764226
FC_0000844,2021-02-22,WG,Western Ghats & West Coast,13.19,75.33,3,12.22,26.79,1016.01,45.96,6.67,855.6,7.37,fair_weather,7.76,25.72,1010.65,66.49,4.07,880.5,4.460000000000001,1.0700000000000003,5.360000000000014,-20.529999999999994,2.5999999999999996,4.460000000000001,1.0700000000000003,5.360000000000014,20.529999999999994,2.5999999999999996,0,0,0,1,1,Winter,54.04,5.706852,-2.759999999999991,2.07,7.39,0.65,0.83,3.75,9,2.4566666666666666,0,0,0,0,0,0,0,0.32926829268292684,13.52512195121951,2.1642276422764226
FC_0000845,2021-07-24,NE,East & Northeast India,22.04,91.17,5,3.02,31.01,1003.18,69.5,12.62,1682.8,8.07,active_break_monsoon,5.23,29.88,1003.31,63.21,13.05,2524.8,-2.2100000000000004,1.1300000000000026,-0.12999999999999545,6.289999999999999,-0.4300000000000015,2.2100000000000004,1.1300000000000026,0.12999999999999545,6.289999999999999,0.4300000000000015,0,0,0,0,0,SW-Monsoon,30.5,21.236935999999996,10.07000000000005,4.7,1.49,1.3,3.33,-5.13,25,1.614,0,0,0,0,0,1,0,0.51440329218107,12.827283950617282,3.27
FC_0000846,2021-05-06,CI,Central India,25.88,76.35,1,6.61,44.85,1004.67,22.21,10.32,1338.4,3.61,heat_wave,0.72,44.56,1002.82,17.84,9.63,1308.2,5.890000000000001,0.28999999999999915,1.849999999999909,4.370000000000001,0.6899999999999995,5.890000000000001,0.28999999999999915,1.849999999999909,4.370000000000001,0.6899999999999995,0,0,0,0,0,Pre-Monsoon,77.78999999999999,13.812288,8.580000000000041,3.92,2.34,-0.05,3.22,-2.64,1,3.61,0,0,0,1,0,0,1,0.16923076923076924,8.377038461538461,1.3539230769230768
FC_0000847,2021-02-12,CI,Central India,23.78,78.35,5,89.48,41.21,1012.2,87.36,4.97,957.7,20.81,fair_weather,15.5,30.69,1009.18,71.03,7.99,508.2,73.98,10.52,3.0200000000000955,16.33,-3.0200000000000005,73.98,10.52,3.0200000000000955,16.33,3.0200000000000005,1,1,0,0,1,Winter,12.64,4.759769,1.0499999999999545,1.63,32.91,-0.39,0.51,-4.59,25,4.162,0,0,0,0,0,0,0,0.5210727969348659,16.352222222222224,3.35264367816092
FC_0000848,2021-04-21,NW,Northwest India,32.48,70.05,9,16.81,38.35,999.33,32.96,11.66,1773.7,43.82,heat_wave,0.06,42.79,1000.26,31.18,8.5,697.3,16.75,-4.439999999999998,-0.92999999999995,1.7800000000000011,3.16,16.75,4.439999999999998,0.92999999999995,1.7800000000000011,3.16,0,1,0,0,1,Pre-Monsoon,67.03999999999999,20.681342,13.919999999999959,5.03,6.32,-0.14,0.21,-3.61,81,4.868888888888889,0,0,0,1,0,0,1,0.7936507936507936,22.855674603174602,6.38031746031746
FC_0000849,2023-01-31,WG,Western Ghats & West Coast,13.65,76.91,5,0.0,26.49,1016.75,54.69,11.53,593.4,9.81,fair_weather,2.69,27.88,1013.49,68.15,7.05,772.7,-2.69,-1.3900000000000006,3.259999999999991,-13.460000000000008,4.4799999999999995,2.69,1.3900000000000006,3.259999999999991,13.460000000000008,4.4799999999999995,0,0,0,0,0,Winter,45.31,6.841901999999999,-3.5,3.55,0.51,1.58,1.79,-4.48,25,1.9620000000000002,0,0,0,0,0,0,0,0.47297297297297297,15.318648648648647,2.9495045045045045
FC_0000850,2024-04-21,CI,Central India,19.56,80.36,7,102.83,21.46,1006.74,49.34,7.5,392.8,19.69,pre_monsoon,7.93,30.88,1010.72,67.05,4.88,1001.8,94.9,-9.419999999999998,-3.980000000000018,-17.709999999999994,2.62,94.9,9.419999999999998,3.980000000000018,17.709999999999994,2.62,1,1,0,0,1,Pre-Monsoon,50.66,2.946,6.509999999999991,3.04,38.07,1.02,1.5,1.69,49,2.812857142857143,0,0,0,0,0,0,0,0.7537878787878788,21.91992424242424,4.943787878787879
FC_0000851,2023-04-28,NW,Northwest India,31.48,73.65,10,9.4,39.97,1010.27,28.12,1.7,1546.7,27.33,heat_wave,0.99,46.05,1003.35,22.77,5.73,780.1,8.41,-6.079999999999998,6.919999999999959,5.350000000000001,-4.03,8.41,6.079999999999998,6.919999999999959,5.350000000000001,4.03,0,1,0,1,1,Pre-Monsoon,71.88,2.62939,2.980000000000018,0.93,3.73,-0.65,0.07,2.0,100,2.7329999999999997,0,0,0,1,0,0,1,0.8470588235294118,25.773882352941175,6.877843137254902
FC_0000852,2021-04-05,NE,East & Northeast India,26.23,91.03,9,0.0,29.9,1007.07,19.45,8.21,469.4,13.8,pre_monsoon,0.31,25.59,1014.38,44.34,7.39,738.8,-0.31,4.309999999999999,-7.309999999999945,-24.890000000000004,0.8200000000000012,0.31,4.309999999999999,7.309999999999945,24.890000000000004,0.8200000000000012,0,1,0,1,1,Pre-Monsoon,80.55,3.8537740000000005,6.17999999999995,2.87,0.39,2.32,1.64,3.3,81,1.5333333333333334,0,0,0,0,0,0,0,0.8489795918367347,27.977591836734696,6.6734285714285715
FC_0000853,2024-10-29,WG,Western Ghats & West Coast,8.2,76.55,8,38.38,29.92,1013.19,43.37,8.79,992.0,12.99,post_monsoon,16.18,31.9,1013.39,54.24,5.06,1169.8,22.200000000000003,-1.9799999999999969,-0.1999999999999318,-10.870000000000005,3.7299999999999995,22.200000000000003,1.9799999999999969,0.1999999999999318,10.870000000000005,3.7299999999999995,1,0,0,0,1,Post-Monsoon,56.63,8.719679999999999,0.05999999999994543,2.31,14.13,-1.21,-0.55,-1.53,64,1.62375,0,0,0,0,0,0,0,0.7743362831858407,29.086371681415926,6.164911504424778
FC_0000854,2023-06-19,EC,Bay of Bengal & East Coast,20.1,81.57,5,126.02,26.4,986.94,84.12,24.52,3647.9,10.89,monsoon_depression,122.35,27.68,990.91,91.68,19.33,3126.1,3.6700000000000017,-1.2800000000000011,-3.9699999999999136,-7.560000000000002,5.190000000000001,3.6700000000000017,1.2800000000000011,3.9699999999999136,7.560000000000002,5.190000000000001,0,0,0,0,0,SW-Monsoon,15.879999999999995,89.44650800000001,26.309999999999945,9.58,44.3,-0.41,-5.65,-2.35,25,2.178,1,0,0,0,0,0,1,0.5407725321888412,24.05197424892704,2.9729613733905578
FC_0000855,2021-12-26,NE,East & Northeast India,24.51,94.25,2,5.2,21.17,1011.76,57.11,5.11,448.7,4.98,post_monsoon,2.55,23.74,1014.96,42.51,4.86,490.6,2.6500000000000004,-2.5699999999999967,-3.2000000000000455,14.600000000000001,0.25,2.6500000000000004,2.5699999999999967,3.2000000000000455,14.600000000000001,0.25,0,0,0,0,0,Post-Monsoon,42.89,2.292857,1.490000000000009,1.63,2.63,-1.76,-0.93,-6.5,4,2.49,0,0,0,0,0,0,0,0.1797752808988764,6.552209737827716,1.8855430711610486
FC_0000856,2023-06-19,NW,Northwest India,36.74,77.51,5,9.04,23.31,1016.6,73.35,7.12,669.5,8.23,normal_monsoon,3.78,25.1,1014.88,68.43,4.2,423.7,5.26,-1.7900000000000027,1.7200000000000273,4.9199999999999875,2.92,5.26,1.7900000000000027,1.7200000000000273,4.9199999999999875,2.92,0,0,0,0,0,SW-Monsoon,26.650000000000006,4.76684,-3.3500000000000227,2.44,3.3,-1.47,-1.72,-7.5,25,1.6460000000000001,0,0,0,0,0,0,0,0.5403225806451613,11.756008064516129,3.5735887096774195
FC_0000857,2021-10-08,NE,East & Northeast India,28.64,86.9,10,20.12,21.95,1006.08,38.44,0.5,1711.7,15.45,post_monsoon,12.54,28.67,1007.8,46.83,6.42,567.5,7.580000000000002,-6.720000000000002,-1.7199999999999136,-8.39,-5.92,7.580000000000002,6.720000000000002,1.7199999999999136,8.39,5.92,0,1,0,0,1,Post-Monsoon,61.56,0.85585,7.169999999999959,1.49,7.26,0.71,1.17,-2.52,100,1.545,0,0,0,0,0,0,0,0.8785714285714286,31.068464285714285,7.881642857142857
FC_0000858,2024-05-03,EC,Bay of Bengal & East Coast,21.06,87.91,8,17.39,21.51,1008.36,39.33,15.76,744.4,11.99,pre_monsoon,2.16,22.46,1007.9,51.47,7.07,906.0,15.23,-0.9499999999999993,0.4600000000000364,-12.14,8.69,15.23,0.9499999999999993,0.4600000000000364,12.14,8.69,0,0,1,0,1,Pre-Monsoon,60.67,11.731743999999999,4.889999999999986,4.36,6.63,0.53,1.01,-0.27,64,1.49875,0,0,0,0,0,0,0,0.7910447761194029,29.504365671641793,4.961007462686567
FC_0000859,2024-05-03,NE,East & Northeast India,24.2,89.73,1,5.42,26.13,1006.96,69.01,2.81,1494.0,3.63,pre_monsoon,3.15,25.08,1007.93,59.38,4.13,1134.5,2.27,1.0500000000000007,-0.9699999999999136,9.630000000000003,-1.3199999999999998,2.27,1.0500000000000007,0.9699999999999136,9.630000000000003,1.3199999999999998,0,0,0,0,0,Pre-Monsoon,30.989999999999995,4.19814,6.289999999999964,1.74,1.97,1.52,2.93,2.26,1,3.63,0,0,0,0,0,0,0,0.08396946564885496,4.686832061068703,1.254083969465649
FC_0000860,2022-10-29,NW,Northwest India,29.98,74.56,10,25.18,20.85,1005.66,87.55,3.77,1099.7,16.41,post_monsoon,7.47,24.97,1009.55,71.28,4.58,314.3,17.71,-4.119999999999997,-3.8899999999999864,16.269999999999996,-0.81,17.71,4.119999999999997,3.8899999999999864,16.269999999999996,0.81,0,1,0,0,1,Post-Monsoon,12.450000000000003,4.145869,7.590000000000032,2.37,9.7,0.15,1.68,3.15,100,1.641,0,0,0,0,0,0,0,0.8470588235294118,25.773882352941175,6.877843137254902
FC_0000861,2021-04-03,EC,Bay of Bengal & East Coast,13.87,80.21,4,157.81,24.22,974.61,92.9,47.64,3273.1,12.27,cyclone,149.17,26.42,976.87,92.49,49.97,2631.4,8.640000000000015,-2.200000000000003,-2.259999999999991,0.4100000000000108,-2.3299999999999983,8.640000000000015,2.200000000000003,2.259999999999991,0.4100000000000108,2.3299999999999983,0,0,0,0,0,Pre-Monsoon,7.099999999999994,155.930484,38.639999999999986,16.55,57.28,0.44,-10.7,3.31,16,3.0675,0,0,1,0,0,0,1,0.5057034220532319,21.50577946768061,2.6715589353612166
FC_0000862,2022-11-03,EC,Bay of Bengal & East Coast,12.55,83.96,1,12.71,27.91,1015.97,52.02,8.14,1009.0,3.32,post_monsoon,9.71,28.86,1014.62,52.4,5.85,526.5,3.0,-0.9499999999999993,1.3500000000000227,-0.37999999999999545,2.290000000000001,3.0,0.9499999999999993,1.3500000000000227,0.37999999999999545,2.290000000000001,0,0,0,0,0,Post-Monsoon,47.98,8.21326,-2.7200000000000273,2.53,5.12,-2.23,-0.76,-3.23,1,3.32,0,0,0,0,0,0,0,0.14418604651162792,12.282837209302325,1.1518604651162792
FC_0000863,2021-03-02,NE,East & Northeast India,23.4,94.17,5,35.85,25.96,1012.93,81.28,3.77,775.1,17.51,fair_weather,4.38,22.37,1011.32,49.63,4.16,552.8,31.470000000000002,3.59,1.6099999999999,31.65,-0.3900000000000001,31.470000000000002,3.59,1.6099999999999,31.65,0.3900000000000001,1,1,0,0,1,Pre-Monsoon,18.72,2.922127,0.32000000000005,1.08,14.65,0.73,-2.36,-2.05,25,3.5020000000000002,0,0,0,0,0,0,0,0.51440329218107,12.827283950617282,3.27
FC_0000864,2022-09-26,EC,Bay of Bengal & East Coast,12.17,88.26,2,6.55,27.14,1011.03,41.57,7.4,658.4,7.83,normal_monsoon,6.85,27.77,1012.49,49.7,7.28,736.7,-0.2999999999999998,-0.629999999999999,-1.4600000000000364,-8.130000000000003,0.1200000000000001,0.2999999999999998,0.629999999999999,1.4600000000000364,8.130000000000003,0.1200000000000001,0,0,0,0,0,SW-Monsoon,58.43,4.87216,2.2200000000000273,2.11,2.73,-0.82,-0.76,-1.93,4,3.915,0,0,0,0,0,0,0,0.2558139534883721,13.920542635658915,1.4067054263565892
FC_0000865,2023-12-11,NE,East & Northeast India,28.61,95.91,2,0.0,27.92,1010.17,35.23,5.57,918.4,5.13,post_monsoon,1.56,28.03,1009.45,41.81,5.89,974.0,-1.56,-0.10999999999999943,0.7199999999999136,-6.580000000000005,-0.3199999999999994,1.56,0.10999999999999943,0.7199999999999136,6.580000000000005,0.3199999999999994,0,0,0,0,0,Post-Monsoon,64.77000000000001,5.115488,3.080000000000041,2.15,4.39,-0.99,1.27,-1.14,4,2.565,0,0,0,0,0,0,0,0.1797752808988764,6.552209737827716,1.8855430711610486
FC_0000866,2024-11-27,WG,Western Ghats & West Coast,16.88,72.98,7,0.0,28.28,1015.84,29.86,8.29,50.0,14.44,post_monsoon,2.37,27.98,1013.51,42.02,4.24,345.0,-2.37,0.3000000000000007,2.330000000000041,-12.160000000000004,4.049999999999999,2.37,0.3000000000000007,2.330000000000041,12.160000000000004,4.049999999999999,0,0,0,0,0,Post-Monsoon,70.14,0.4144999999999999,-2.590000000000032,2.63,0.28,-0.66,-1.39,4.38,49,2.0628571428571427,0,0,0,0,0,0,0,0.7466666666666667,29.23102222222222,4.842444444444444
FC_0000867,2023-10-26,EC,Bay of Bengal & East Coast,15.82,81.18,4,8.15,27.39,1009.0,45.84,2.29,1086.9,9.11,post_monsoon,1.73,26.32,1012.14,42.75,3.17,797.6,6.42,1.0700000000000003,-3.1399999999999864,3.0900000000000034,-0.8799999999999999,6.42,1.0700000000000003,3.1399999999999864,3.0900000000000034,0.8799999999999999,0,0,0,0,0,Post-Monsoon,54.16,2.489001,4.25,1.6,3.71,-0.84,0.8,-2.92,16,2.2775,0,0,0,0,0,0,0,0.5057034220532319,21.50577946768061,2.6715589353612166
FC_0000868,2022-08-27,NE,East & Northeast India,29.4,89.0,2,9.5,28.79,1007.94,54.37,5.92,631.2,4.44,normal_monsoon,3.79,30.21,1008.53,57.45,4.69,566.6,5.71,-1.4200000000000017,-0.5899999999999181,-3.0800000000000054,1.2299999999999995,5.71,1.4200000000000017,0.5899999999999181,3.0800000000000054,1.2299999999999995,0,0,0,0,0,SW-Monsoon,45.63,3.736704,5.309999999999945,2.34,4.31,-0.92,0.24,2.11,4,2.22,0,0,0,0,0,0,0,0.1797752808988764,6.552209737827716,1.8855430711610486
FC_0000869,2022-11-13,WG,Western Ghats & West Coast,15.02,76.01,3,0.0,20.58,1013.58,33.48,5.92,467.5,14.02,post_monsoon,5.71,26.92,1011.21,43.79,4.09,306.3,-5.71,-6.340000000000003,2.3700000000000045,-10.310000000000002,1.83,5.71,6.340000000000003,2.3700000000000045,10.310000000000002,1.83,0,1,0,0,1,Post-Monsoon,66.52000000000001,2.7676,-0.3300000000000409,1.49,2.84,-1.69,1.22,2.04,9,4.673333333333333,0,0,0,0,0,0,0,0.32926829268292684,13.52512195121951,2.1642276422764226
FC_0000870,2022-06-18,EC,Bay of Bengal & East Coast,21.13,86.8,3,56.06,31.07,993.44,93.99,18.12,2304.0,11.32,monsoon_depression,61.2,28.19,992.14,97.99,21.0,2549.8,-5.140000000000001,2.879999999999999,1.3000000000000682,-4.0,-2.879999999999999,5.140000000000001,2.879999999999999,1.3000000000000682,4.0,2.879999999999999,0,0,0,0,0,SW-Monsoon,6.010000000000005,41.74848,19.809999999999945,7.45,20.56,-0.22,-4.88,0.81,9,3.7733333333333334,1,0,0,0,0,0,1,0.35269709543568467,20.04215767634855,2.0838589211618257
FC_0000871,2024-11-29,WG,Western Ghats & West Coast,16.09,74.6,2,60.68,25.16,1015.9,55.24,7.84,1368.2,10.81,post_monsoon,6.14,32.71,1014.27,43.06,5.79,1117.6,54.54,-7.550000000000001,1.6299999999999955,12.18,2.05,54.54,7.550000000000001,1.6299999999999955,12.18,2.05,1,1,0,0,1,Post-Monsoon,44.76,10.726688,-2.6499999999999773,2.58,21.38,-0.54,0.2,0.98,4,5.405,0,0,0,0,0,0,0,0.20392156862745098,10.022705882352941,1.5912549019607842
FC_0000872,2023-04-18,SP,Southern Peninsula,12.84,75.52,7,35.52,29.93,1019.89,58.73,8.76,1348.9,10.65,pre_monsoon,26.64,29.16,1014.96,67.72,4.39,1068.2,8.880000000000003,0.7699999999999996,4.92999999999995,-8.990000000000002,4.37,8.880000000000003,0.7699999999999996,4.92999999999995,8.990000000000002,4.37,0,0,0,1,1,Pre-Monsoon,41.27,11.816364000000002,-6.639999999999986,3.31,13.94,-0.18,-0.75,2.74,49,1.5214285714285716,0,0,0,0,0,0,0,0.690677966101695,21.64720338983051,4.4192372881355935
FC_0000873,2022-10-07,EC,Bay of Bengal & East Coast,20.72,84.89,1,2.95,30.48,1010.14,70.14,7.52,514.5,6.1,post_monsoon,0.67,29.74,1009.49,70.61,6.54,684.6,2.2800000000000002,0.740000000000002,0.6499999999999773,-0.46999999999999886,0.9799999999999995,2.2800000000000002,0.740000000000002,0.6499999999999773,0.46999999999999886,0.9799999999999995,0,0,0,0,0,Post-Monsoon,29.86,3.86904,3.1100000000000136,2.59,1.74,-0.18,-1.29,5.2,1,6.1,0,0,0,0,0,0,0,0.14418604651162792,12.282837209302325,1.1518604651162792
FC_0000874,2021-08-21,SP,Southern Peninsula,8.32,80.06,9,32.48,29.72,1015.8,86.78,14.24,2395.8,13.09,active_break_monsoon,33.13,31.68,1006.18,65.69,11.35,1572.7,-0.6500000000000057,-1.9600000000000009,9.620000000000005,21.090000000000003,2.8900000000000006,0.6500000000000057,1.9600000000000009,9.620000000000005,21.090000000000003,2.8900000000000006,0,0,0,1,1,SW-Monsoon,13.219999999999999,34.116192000000005,-2.5499999999999545,3.74,12.89,1.02,-1.01,-0.65,81,1.4544444444444444,0,0,0,0,0,1,0,0.8717948717948718,33.72879120879121,7.428937728937728
FC_0000875,2022-06-08,NW,Northwest India,30.36,76.69,5,5.66,23.11,1006.87,53.64,2.12,1677.7,14.46,normal_monsoon,6.21,28.81,1009.25,65.92,4.46,313.3,-0.5499999999999998,-5.699999999999999,-2.3799999999999955,-12.280000000000001,-2.34,0.5499999999999998,5.699999999999999,2.3799999999999955,12.280000000000001,2.34,0,1,0,0,1,SW-Monsoon,46.36,3.556724,6.3799999999999955,1.92,1.99,-0.63,2.45,0.91,25,2.8920000000000003,0,0,0,0,0,0,0,0.5403225806451613,11.756008064516129,3.5735887096774195
FC_0000876,2021-12-12,NW,Northwest India,35.14,76.16,4,30.76,21.61,1012.51,81.43,4.02,740.2,7.11,post_monsoon,11.9,25.86,1011.19,69.73,3.64,473.7,18.86,-4.25,1.3199999999999363,11.700000000000003,0.37999999999999945,18.86,4.25,1.3199999999999363,11.700000000000003,0.37999999999999945,0,1,0,0,1,Post-Monsoon,18.569999999999993,2.9756039999999997,0.7400000000000091,1.34,12.73,2.12,-0.21,1.36,16,1.7775,0,0,0,0,0,0,0,0.508833922261484,12.866643109540636,2.8804593639575975
FC_0000877,2023-12-06,NE,East & Northeast India,21.52,87.96,3,3.14,25.61,1009.57,49.81,7.89,757.9,6.26,post_monsoon,9.23,23.81,1011.51,51.77,6.9,691.9,-6.09,1.8000000000000007,-1.9399999999999409,-1.9600000000000009,0.9899999999999993,6.09,1.8000000000000007,1.9399999999999409,1.9600000000000009,0.9899999999999993,0,0,0,0,0,Post-Monsoon,50.19,5.979830999999999,3.67999999999995,2.74,1.13,-2.43,-1.72,2.54,9,2.0866666666666664,0,0,0,0,0,0,0,0.25190839694656486,7.7308778625954195,2.112251908396947
FC_0000878,2022-06-30,CI,Central India,25.0,82.99,3,55.09,28.86,994.01,89.63,18.38,1987.0,6.06,monsoon_depression,69.21,29.08,993.66,96.8,17.47,2397.3,-14.11999999999999,-0.21999999999999886,0.35000000000002274,-7.170000000000002,0.9100000000000001,14.11999999999999,0.21999999999999886,0.35000000000002274,7.170000000000002,0.9100000000000001,0,0,0,0,0,SW-Monsoon,10.370000000000005,36.52106,19.24000000000001,7.11,20.67,3.63,-7.71,2.61,9,2.02,1,0,0,0,0,0,1,0.28076923076923077,9.609423076923076,1.8744230769230767
FC_0000879,2024-01-07,SP,Southern Peninsula,11.66,77.42,3,12.77,24.04,1011.11,50.72,5.65,1130.8,10.96,fair_weather,1.27,24.96,1009.21,55.2,3.68,962.2,11.5,-0.9200000000000017,1.8999999999999773,-4.480000000000004,1.9700000000000002,11.5,0.9200000000000017,1.8999999999999773,4.480000000000004,1.9700000000000002,0,0,0,0,0,Winter,49.28,6.38902,2.1399999999999864,1.67,5.36,0.25,-2.42,-5.81,9,3.6533333333333338,0,0,0,0,0,0,0,0.20179372197309417,7.918385650224215,2.001883408071749
FC_0000880,2024-01-02,SP,Southern Peninsula,9.4,80.33,1,1.8,34.1,1015.26,69.28,5.48,888.0,5.42,fair_weather,3.18,32.32,1014.33,54.77,4.1,1073.2,-1.3800000000000001,1.7800000000000011,0.92999999999995,14.509999999999998,1.3800000000000008,1.3800000000000001,1.7800000000000011,0.92999999999995,14.509999999999998,1.3800000000000008,0,0,0,0,0,Winter,30.72,4.86624,-2.009999999999991,1.75,1.05,-0.26,-0.08,6.01,1,5.42,0,0,0,0,0,0,0,0.1214574898785425,7.125991902834008,1.2743724696356276
FC_0000881,2023-03-05,NW,Northwest India,26.77,69.91,2,0.0,32.69,1015.73,48.39,4.88,1868.3,13.12,fair_weather,6.11,31.92,1014.3,52.2,4.59,1069.4,-6.11,0.769999999999996,1.4300000000000637,-3.8100000000000023,0.29000000000000004,6.11,0.769999999999996,1.4300000000000637,3.8100000000000023,0.29000000000000004,0,0,0,0,0,Pre-Monsoon,51.61,9.117304,-2.480000000000018,1.79,0.54,-0.43,1.13,-5.91,4,6.56,0,0,0,0,0,0,0,0.20920502092050208,9.46071129707113,1.7305857740585775
FC_0000882,2021-09-06,SP,Southern Peninsula,13.29,76.34,7,33.53,23.64,1009.3,47.97,10.25,1067.9,11.29,normal_monsoon,12.07,25.09,1008.15,64.32,7.09,1081.3,21.46,-1.4499999999999993,1.1499999999999773,-16.349999999999994,3.16,21.46,1.4499999999999993,1.1499999999999773,16.349999999999994,3.16,0,0,0,0,0,SW-Monsoon,52.03,10.945975,3.9500000000000455,3.28,12.02,0.85,1.33,-12.77,49,1.6128571428571428,0,0,0,0,0,0,0,0.690677966101695,21.64720338983051,4.4192372881355935
FC_0000883,2021-02-16,CI,Central India,25.51,74.11,3,3.16,31.39,1010.03,93.5,4.77,881.4,12.45,fair_weather,2.14,32.62,1010.9,73.48,3.05,853.8,1.02,-1.2299999999999969,-0.8700000000000045,20.019999999999996,1.7199999999999998,1.02,1.2299999999999969,0.8700000000000045,20.019999999999996,1.7199999999999998,0,0,0,0,0,Winter,6.5,4.2042779999999995,3.2200000000000273,1.83,1.56,-0.58,-1.02,-9.05,9,4.1499999999999995,0,0,0,0,0,0,0,0.28076923076923077,9.609423076923076,1.8744230769230767
FC_0000884,2024-02-19,WG,Western Ghats & West Coast,8.07,74.77,6,19.55,20.38,1002.69,47.68,0.5,1145.8,9.42,fair_weather,3.48,23.65,1006.76,51.77,6.46,1030.5,16.07,-3.2699999999999996,-4.069999999999936,-4.090000000000003,-5.96,16.07,3.2699999999999996,4.069999999999936,4.090000000000003,5.96,0,1,0,1,1,Winter,52.32,0.5729,10.559999999999945,1.92,7.33,-2.41,-1.2,-5.52,36,1.57,0,0,0,0,0,0,0,0.6075471698113207,19.574377358490565,3.890641509433962
FC_0000885,2021-08-02,WG,Western Ghats & West Coast,13.86,73.24,4,3.02,26.33,1010.07,69.26,2.94,247.0,7.12,normal_monsoon,3.44,28.17,1009.08,71.74,3.99,915.7,-0.41999999999999993,-1.8400000000000034,0.9900000000000091,-2.4799999999999898,-1.0500000000000003,0.41999999999999993,1.8400000000000034,0.9900000000000091,2.4799999999999898,1.0500000000000003,0,0,0,0,0,SW-Monsoon,30.739999999999995,0.7261799999999999,3.17999999999995,1.58,3.17,0.8,-0.76,1.67,16,1.78,0,0,0,0,0,0,0,0.42084942084942084,15.014478764478765,2.5983397683397684
FC_0000886,2021-08-27,CI,Central India,21.96,78.12,10,86.29,25.58,992.57,95.65,13.61,3102.2,16.58,monsoon_depression,139.51,26.7,990.85,89.83,14.2,3668.2,-53.219999999999985,-1.120000000000001,1.7200000000000273,5.820000000000007,-0.5899999999999999,53.219999999999985,1.120000000000001,1.7200000000000273,5.820000000000007,0.5899999999999999,1,0,0,0,1,SW-Monsoon,4.349999999999994,42.220941999999994,20.67999999999995,6.24,33.98,0.29,-4.06,-3.83,100,1.658,1,0,0,0,0,0,1,0.8715953307392996,29.820038910505836,6.153385214007782
FC_0000887,2023-12-16,SP,Southern Peninsula,15.12,75.05,5,82.12,34.6,1006.53,61.5,10.88,50.0,26.15,post_monsoon,3.85,31.76,1006.27,71.66,7.81,363.0,78.27000000000001,2.84,0.2599999999999909,-10.159999999999997,3.070000000000001,78.27000000000001,2.84,0.2599999999999909,10.159999999999997,3.070000000000001,1,0,0,0,1,Post-Monsoon,38.5,0.544,6.720000000000027,3.56,29.45,-0.65,-1.01,1.58,25,5.2299999999999995,0,0,0,0,0,0,0,0.5399239543726235,20.9232319391635,3.057984790874525
FC_0000888,2021-12-16,SP,Southern Peninsula,15.81,78.43,8,0.0,17.94,1010.38,41.33,0.5,825.0,31.98,post_monsoon,18.72,28.7,1012.27,58.07,4.71,966.0,-18.72,-10.759999999999998,-1.8899999999999864,-16.740000000000002,-4.21,18.72,10.759999999999998,1.8899999999999864,16.740000000000002,4.21,1,1,0,0,1,Post-Monsoon,58.67,0.4125,2.8700000000000045,0.87,0.32,-0.75,0.04,3.56,64,3.9975,0,0,0,0,0,0,0,0.8173913043478261,28.809652173913044,6.443217391304348
FC_0000889,2021-04-17,SP,Southern Peninsula,9.21,75.26,2,0.67,29.33,1009.21,50.91,5.43,1618.5,7.02,pre_monsoon,6.12,32.86,1010.54,45.88,7.31,645.4,-5.45,-3.530000000000001,-1.3299999999999272,5.029999999999994,-1.88,5.45,3.530000000000001,1.3299999999999272,5.029999999999994,1.88,0,1,0,0,1,Pre-Monsoon,49.09,8.788455,4.039999999999964,2.28,1.08,-1.53,2.29,0.07,4,3.51,0,0,0,0,0,0,0,0.12658227848101267,6.515105485232067,1.4548523206751058
FC_0000890,2023-04-11,NE,East & Northeast India,25.57,87.82,10,0.0,25.95,1002.16,73.28,0.5,50.0,14.06,pre_monsoon,2.56,30.46,1007.09,63.4,5.73,435.7,-2.56,-4.510000000000002,-4.930000000000064,9.880000000000003,-5.23,2.56,4.510000000000002,4.930000000000064,9.880000000000003,5.23,0,1,0,1,1,Pre-Monsoon,26.72,0.025,11.090000000000032,2.24,3.58,-0.1,-0.06,1.97,100,1.4060000000000001,0,0,0,0,0,0,0,0.8785714285714286,31.068464285714285,7.881642857142857
FC_0000891,2021-02-17,EC,Bay of Bengal & East Coast,14.31,82.21,5,0.0,20.29,1009.87,57.16,2.72,811.0,18.25,fair_weather,2.16,31.12,1009.99,57.39,4.23,751.8,-2.16,-10.830000000000002,-0.12000000000000455,-0.23000000000000398,-1.5100000000000002,2.16,10.830000000000002,0.12000000000000455,0.23000000000000398,1.5100000000000002,0,1,0,0,1,Winter,42.84,2.20592,3.3799999999999955,1.57,1.25,0.69,-2.1,-3.25,25,3.65,0,0,0,0,0,0,0,0.5407725321888412,24.05197424892704,2.9729613733905578
FC_0000892,2021-12-03,CI,Central India,23.2,79.54,2,11.48,20.69,1010.47,49.12,4.92,792.7,6.53,post_monsoon,1.24,22.75,1008.48,52.58,4.24,723.7,10.24,-2.0599999999999987,1.990000000000009,-3.460000000000001,0.6799999999999997,10.24,2.0599999999999987,1.990000000000009,3.460000000000001,0.6799999999999997,0,0,0,0,0,Post-Monsoon,50.88,3.900084,2.7799999999999727,1.78,4.15,1.09,1.89,-0.59,4,3.265,0,0,0,0,0,0,0,0.2196078431372549,7.970745098039216,2.0045098039215685
FC_0000893,2023-11-16,CI,Central India,18.62,79.27,9,0.0,27.86,1010.12,48.88,9.21,2004.6,12.93,post_monsoon,2.54,29.25,1006.34,62.18,7.4,412.1,-2.54,-1.3900000000000006,3.7799999999999727,-13.299999999999997,1.8100000000000005,2.54,1.3900000000000006,3.7799999999999727,13.299999999999997,1.8100000000000005,0,0,0,0,0,Post-Monsoon,51.12,18.462366000000003,3.1299999999999955,2.76,1.29,-1.09,-3.62,-2.57,81,1.4366666666666665,0,0,0,0,0,0,0,0.8769230769230769,22.42480769230769,6.476230769230769
FC_0000894,2023-03-15,CI,Central India,24.33,74.81,2,4.52,23.87,1011.79,41.85,1.52,909.1,6.74,fair_weather,0.18,24.04,1007.97,50.35,5.28,929.7,4.34,-0.16999999999999815,3.8199999999999363,-8.5,-3.7600000000000002,4.34,0.16999999999999815,3.8199999999999363,8.5,3.7600000000000002,0,0,0,0,0,Pre-Monsoon,58.15,1.3818320000000002,1.4600000000000364,0.73,1.98,-0.46,0.74,-1.16,4,3.37,0,0,0,0,0,0,0,0.2196078431372549,7.970745098039216,2.0045098039215685
FC_0000895,2024-07-04,CI,Central India,25.12,79.78,1,0.0,26.0,1012.8,47.83,7.74,906.1,4.44,normal_monsoon,2.72,26.76,1012.15,62.57,5.12,604.8,-2.72,-0.7600000000000016,0.6499999999999773,-14.740000000000002,2.62,2.72,0.7600000000000016,0.6499999999999773,14.740000000000002,2.62,0,0,0,0,0,SW-Monsoon,52.17,7.013214,0.4500000000000455,2.24,0.59,-0.95,-0.88,-0.97,1,4.44,0,0,0,0,0,0,0,0.16923076923076924,8.377038461538461,1.3539230769230768
FC_0000896,2021-01-08,CI,Central India,25.6,75.48,4,1.85,26.2,1008.57,55.81,4.41,1259.1,7.17,fair_weather,3.11,26.18,1006.81,46.36,6.28,1138.2,-1.2599999999999998,0.019999999999999574,1.7600000000001046,9.450000000000003,-1.87,1.2599999999999998,0.019999999999999574,1.7600000000001046,9.450000000000003,1.87,0,0,0,0,0,Winter,44.19,5.552630999999999,4.67999999999995,2.11,1.44,-1.15,0.67,6.68,16,1.7925,0,0,0,0,0,0,0,0.37890625,10.3326171875,2.6153125
FC_0000897,2022-09-17,SP,Southern Peninsula,15.95,78.54,7,0.0,21.22,1007.5,40.3,18.08,986.3,10.96,normal_monsoon,0.77,22.93,1006.89,48.94,6.96,1052.3,-0.77,-1.7100000000000009,0.6100000000000136,-8.64,11.119999999999997,0.77,1.7100000000000009,0.6100000000000136,8.64,11.119999999999997,0,0,1,0,1,SW-Monsoon,59.7,17.832303999999997,5.75,5.18,0.31,2.19,-1.76,-1.09,49,1.5657142857142858,0,0,0,0,0,0,0,0.690677966101695,21.64720338983051,4.4192372881355935
FC_0000898,2024-06-30,NE,East & Northeast India,25.82,91.18,2,7.39,32.94,1010.29,61.12,7.48,488.0,5.13,normal_monsoon,9.2,31.81,1010.13,59.89,6.42,522.9,-1.8099999999999996,1.129999999999999,0.15999999999996817,1.2299999999999969,1.0600000000000005,1.8099999999999996,1.129999999999999,0.15999999999996817,1.2299999999999969,1.0600000000000005,0,0,0,0,0,SW-Monsoon,38.88,3.65024,2.9600000000000364,2.36,3.45,-1.98,-0.71,-0.08,4,2.565,0,0,0,0,0,0,0,0.1797752808988764,6.552209737827716,1.8855430711610486
FC_0000899,2022-12-20,NW,Northwest India,24.31,77.4,10,3.82,22.42,1010.53,63.03,8.59,636.3,14.53,post_monsoon,4.34,28.0,1012.9,48.2,7.6,648.2,-0.52,-5.579999999999998,-2.3700000000000045,14.829999999999998,0.9900000000000002,0.52,5.579999999999998,2.3700000000000045,14.829999999999998,0.9900000000000002,0,1,0,0,1,Post-Monsoon,36.97,5.4658169999999995,2.7200000000000273,2.79,1.41,2.54,0.6,0.17,100,1.4529999999999998,0,0,0,0,0,0,0,0.8470588235294118,25.773882352941175,6.877843137254902
FC_0000900,2021-10-30,SP,Southern Peninsula,13.15,75.5,9,0.0,-9.11,1006.55,50.38,0.5,1967.8,36.75,post_monsoon,2.45,27.44,1007.04,46.22,7.95,614.8,-2.45,-36.55,-0.4900000000000091,4.160000000000004,-7.45,2.45,36.55,0.4900000000000091,4.160000000000004,7.45,0,1,1,0,1,Post-Monsoon,49.62,0.9839,6.7000000000000455,1.26,1.2,1.91,3.06,3.14,81,4.083333333333333,0,0,0,0,0,0,0,0.8717948717948718,33.72879120879121,7.428937728937728
FC_0000901,2022-10-01,SP,Southern Peninsula,8.17,75.28,1,0.0,21.67,1009.5,58.28,5.07,1115.0,4.85,post_monsoon,3.54,23.27,1007.24,61.52,3.12,804.5,-3.54,-1.5999999999999979,2.259999999999991,-3.240000000000002,1.9500000000000002,3.54,1.5999999999999979,2.259999999999991,3.240000000000002,1.9500000000000002,0,0,0,0,0,Post-Monsoon,41.72,5.65305,3.75,2.11,0.51,0.52,0.34,-0.87,1,4.85,0,0,0,0,0,0,0,0.1214574898785425,7.125991902834008,1.2743724696356276
FC_0000902,2021-02-25,EC,Bay of Bengal & East Coast,17.7,85.53,1,13.06,29.46,1006.58,75.62,2.74,279.7,3.38,fair_weather,0.5,29.55,1007.33,67.11,5.1,383.0,12.56,-0.08999999999999986,-0.75,8.510000000000005,-2.3599999999999994,12.56,0.08999999999999986,0.75,8.510000000000005,2.3599999999999994,0,0,0,0,0,Winter,24.379999999999995,0.766378,6.669999999999959,1.81,4.75,-0.84,0.66,-10.5,1,3.38,0,0,0,0,0,0,0,0.14418604651162792,12.282837209302325,1.1518604651162792
FC_0000903,2022-12-27,NW,Northwest India,30.5,71.07,8,267.81,44.56,1010.34,56.74,0.5,50.0,40.81,post_monsoon,8.01,31.49,1007.68,52.15,5.84,319.4,259.8,13.070000000000004,2.660000000000082,4.590000000000003,-5.34,259.8,13.070000000000004,2.660000000000082,4.590000000000003,5.34,1,1,0,0,1,Post-Monsoon,43.26,0.025,2.909999999999968,0.83,95.36,1.62,-0.18,-3.19,64,5.10125,0,0,0,0,0,0,0,0.8306451612903226,22.631330645161288,5.529879032258065
FC_0000904,2022-06-10,CI,Central India,22.25,79.16,5,0.0,27.13,1015.39,53.71,3.5,389.5,8.27,normal_monsoon,2.5,27.39,1014.33,47.91,4.99,446.1,-2.5,-0.26000000000000156,1.0599999999999454,5.800000000000004,-1.4900000000000002,2.5,0.26000000000000156,1.0599999999999454,5.800000000000004,1.4900000000000002,0,0,0,0,0,SW-Monsoon,46.29,1.36325,-2.1399999999999864,1.45,1.87,1.47,-0.65,-4.4,25,1.654,0,0,0,0,0,0,0,0.5210727969348659,16.352222222222224,3.35264367816092
FC_0000905,2022-04-19,NW,Northwest India,24.25,70.82,9,9.49,37.3,1002.24,6.2,0.5,1511.0,29.65,heat_wave,0.16,42.83,1002.9,22.55,5.12,516.9,9.33,-5.530000000000001,-0.6599999999999682,-16.35,-4.62,9.33,5.530000000000001,0.6599999999999682,16.35,4.62,0,1,0,0,1,Pre-Monsoon,93.8,0.7555,11.009999999999991,2.17,3.86,-2.14,0.74,-1.07,81,3.2944444444444443,0,0,0,1,0,0,1,0.7936507936507936,22.855674603174602,6.38031746031746
FC_0000906,2021-01-28,NE,East & Northeast India,21.45,95.8,8,11.58,31.03,1015.91,47.78,4.83,1521.8,12.13,fair_weather,4.1,28.03,1007.9,52.71,4.44,940.6,7.48,3.0,8.009999999999991,-4.93,0.3899999999999997,7.48,3.0,8.009999999999991,4.93,0.3899999999999997,0,1,0,1,1,Winter,52.22,7.350294,-2.659999999999968,1.87,4.55,1.19,2.31,4.01,64,1.51625,0,0,0,0,0,0,0,0.7734375,18.668203125,5.0324609375
FC_0000907,2021-03-19,WG,Western Ghats & West Coast,16.7,76.98,6,71.7,34.04,1013.27,68.17,2.91,854.8,30.5,fair_weather,3.81,26.04,1014.9,71.34,6.29,734.4,67.89,8.0,-1.6299999999999955,-3.1700000000000017,-3.38,67.89,8.0,1.6299999999999955,3.1700000000000017,3.38,1,1,0,0,1,Pre-Monsoon,31.83,2.487468,-0.01999999999998181,0.89,26.33,-1.48,0.08,0.72,36,5.083333333333333,0,0,0,0,0,0,0,0.6075471698113207,19.574377358490565,3.890641509433962
FC_0000908,2024-05-24,SP,Southern Peninsula,10.42,79.83,4,0.0,38.24,1013.82,48.49,2.82,88.0,19.65,pre_monsoon,17.21,25.87,1014.21,45.78,4.26,651.4,-17.21,12.370000000000001,-0.38999999999998636,2.710000000000001,-1.44,17.21,12.370000000000001,0.38999999999998636,2.710000000000001,1.44,1,1,0,0,1,Pre-Monsoon,51.51,0.24816,-0.57000000000005,0.84,1.77,0.88,-0.67,2.09,16,4.9125,0,0,0,0,0,0,0,0.37593984962406013,15.084887218045113,2.2651503759398497
FC_0000909,2024-11-10,NW,Northwest India,31.84,72.53,6,35.11,16.82,1011.78,100.0,12.2,823.4,26.88,western_disturbance,12.63,12.57,1008.69,87.95,13.94,834.4,22.479999999999997,4.25,3.089999999999918,12.049999999999997,-1.7400000000000002,22.479999999999997,4.25,3.089999999999918,12.049999999999997,1.7400000000000002,0,1,0,0,1,Post-Monsoon,0.0,10.04548,1.4700000000000273,3.38,15.06,0.65,-0.13,-1.17,36,4.4799999999999995,0,0,0,0,1,0,1,0.6025641025641025,14.582179487179488,3.756153846153846
FC_0000910,2021-12-31,EC,Bay of Bengal & East Coast,13.45,86.65,2,5.15,22.6,1014.69,62.35,9.3,487.0,5.95,post_monsoon,0.42,22.31,1011.67,46.71,5.88,708.2,4.73,0.2900000000000027,3.0200000000000955,15.64,3.420000000000001,4.73,0.2900000000000027,3.0200000000000955,15.64,3.420000000000001,0,0,0,0,0,Post-Monsoon,37.65,4.529100000000001,-1.4400000000000546,2.65,2.38,0.1,-0.02,4.38,4,2.975,0,0,0,0,0,0,0,0.2558139534883721,13.920542635658915,1.4067054263565892
FC_0000911,2022-10-28,NE,East & Northeast India,28.69,87.82,5,17.64,21.74,1009.47,52.26,3.0,629.0,8.37,post_monsoon,3.76,24.03,1013.98,47.86,7.78,506.3,13.88,-2.2900000000000027,-4.509999999999991,4.399999999999999,-4.78,13.88,2.2900000000000027,4.509999999999991,4.399999999999999,4.78,0,0,0,1,1,Post-Monsoon,47.74,1.887,3.7799999999999727,1.41,6.44,0.01,-2.23,0.65,25,1.674,0,0,0,0,0,0,0,0.51440329218107,12.827283950617282,3.27
FC_0000912,2022-06-10,WG,Western Ghats & West Coast,10.1,75.63,10,30.93,27.73,1016.51,78.65,0.5,3802.2,28.26,heavy_rainfall,112.92,26.28,1004.2,93.1,10.16,3251.7,-81.99000000000001,1.4499999999999993,12.309999999999945,-14.449999999999989,-9.66,81.99000000000001,1.4499999999999993,12.309999999999945,14.449999999999989,9.66,1,0,1,1,1,SW-Monsoon,21.349999999999994,1.9011,-3.259999999999991,0.72,12.37,-1.18,1.77,-0.57,100,2.826,0,1,0,0,0,0,1,0.8455284552845529,32.79081300813008,6.509756097560976
FC_0000913,2022-11-30,NE,East & Northeast India,29.3,94.0,3,3.82,24.0,1006.92,41.85,5.63,851.8,6.56,post_monsoon,4.42,25.54,1006.58,53.69,6.16,374.9,-0.6000000000000001,-1.5399999999999991,0.33999999999991815,-11.839999999999996,-0.5300000000000002,0.6000000000000001,1.5399999999999991,0.33999999999991815,11.839999999999996,0.5300000000000002,0,0,0,0,0,Post-Monsoon,58.15,4.795634,6.330000000000041,2.41,2.31,0.05,-0.45,1.81,9,2.1866666666666665,0,0,0,0,0,0,0,0.25190839694656486,7.7308778625954195,2.112251908396947
FC_0000914,2024-08-28,CI,Central India,20.28,78.2,3,70.0,15.26,1009.66,68.83,8.44,1194.2,13.09,normal_monsoon,3.45,27.2,1008.81,74.5,7.87,740.7,66.55,-11.94,0.8500000000000227,-5.670000000000002,0.5699999999999994,66.55,11.94,0.8500000000000227,5.670000000000002,0.5699999999999994,1,1,0,0,1,SW-Monsoon,31.17,10.079048,3.590000000000032,2.73,24.84,2.32,2.03,0.8,9,4.363333333333333,0,0,0,0,0,0,0,0.28076923076923077,9.609423076923076,1.8744230769230767
FC_0000915,2023-06-02,WG,Western Ghats & West Coast,12.61,76.33,1,191.99,24.36,1001.97,100.0,17.38,2727.0,4.75,heavy_rainfall,193.59,24.94,1000.73,98.09,16.28,2810.6,-1.5999999999999943,-0.5800000000000018,1.240000000000009,1.9099999999999966,1.0999999999999979,1.5999999999999943,0.5800000000000018,1.240000000000009,1.9099999999999966,1.0999999999999979,0,0,0,0,0,SW-Monsoon,0.0,47.39525999999999,11.279999999999973,5.71,67.49,-1.25,-1.28,4.3,1,4.75,0,1,0,0,0,0,1,0.1134453781512605,9.086302521008403,1.0998319327731092
FC_0000916,2023-10-28,EC,Bay of Bengal & East Coast,19.49,85.3,8,0.0,28.6,1017.37,40.9,12.06,434.4,12.45,post_monsoon,5.42,27.71,1007.45,56.7,5.62,1195.8,-5.42,0.8900000000000006,9.919999999999959,-15.800000000000004,6.44,5.42,0.8900000000000006,9.919999999999959,15.800000000000004,6.44,0,0,1,1,1,Post-Monsoon,59.1,5.2388639999999995,-4.1200000000000045,3.61,0.79,0.89,-1.05,-4.74,64,1.55625,0,0,0,0,0,0,0,0.7910447761194029,29.504365671641793,4.961007462686567
FC_0000917,2023-10-24,WG,Western Ghats & West Coast,11.3,76.72,10,0.0,25.1,1003.93,13.86,0.5,1623.6,16.52,post_monsoon,1.71,24.78,1012.85,51.73,3.28,1162.1,-1.71,0.3200000000000003,-8.920000000000073,-37.87,-2.78,1.71,0.3200000000000003,8.920000000000073,37.87,2.78,0,0,0,1,1,Post-Monsoon,86.14,0.8118,9.32000000000005,1.92,2.5,0.24,-2.74,-5.53,100,1.652,0,0,0,0,0,0,0,0.8455284552845529,32.79081300813008,6.509756097560976
FC_0000918,2023-07-08,EC,Bay of Bengal & East Coast,18.19,88.73,3,15.38,19.53,1014.83,56.93,6.79,660.2,6.14,normal_monsoon,15.11,22.46,1013.31,61.38,7.41,476.2,0.27000000000000135,-2.9299999999999997,1.5200000000000955,-4.450000000000003,-0.6200000000000001,0.27000000000000135,2.9299999999999997,1.5200000000000955,4.450000000000003,0.6200000000000001,0,0,0,0,0,SW-Monsoon,43.07,4.4827580000000005,-1.580000000000041,2.06,8.8,-0.66,0.44,-2.39,9,2.0466666666666664,0,0,0,0,0,0,0,0.35269709543568467,20.04215767634855,2.0838589211618257
FC_0000919,2023-01-20,CI,Central India,22.64,82.21,1,2.28,23.0,1013.42,38.12,4.74,1311.3,5.23,fair_weather,3.52,24.06,1014.97,40.32,3.71,947.0,-1.2400000000000002,-1.0599999999999987,-1.5500000000000682,-2.200000000000003,1.0300000000000002,1.2400000000000002,1.0599999999999987,1.5500000000000682,2.200000000000003,1.0300000000000002,0,0,0,0,0,Winter,61.88,6.215562,-0.16999999999995907,1.31,1.66,-0.76,-1.29,-5.22,1,5.23,0,0,0,0,0,0,0,0.16923076923076924,8.377038461538461,1.3539230769230768
FC_0000920,2021-12-29,EC,Bay of Bengal & East Coast,19.94,83.04,4,50.34,33.31,1011.64,81.72,6.8,349.3,16.19,post_monsoon,4.85,24.84,1012.43,69.42,5.78,390.8,45.49,8.470000000000002,-0.7899999999999636,12.299999999999997,1.0199999999999996,45.49,8.470000000000002,0.7899999999999636,12.299999999999997,1.0199999999999996,1,1,0,0,1,Post-Monsoon,18.28,2.3752400000000002,1.6100000000000136,2.13,17.63,-0.95,0.78,7.12,16,4.0475,0,0,0,0,0,0,0,0.5057034220532319,21.50577946768061,2.6715589353612166
FC_0000921,2024-07-21,NE,East & Northeast India,29.19,85.26,1,25.32,30.89,1009.81,61.98,5.38,2233.2,3.35,active_break_monsoon,8.34,32.16,1006.86,61.43,6.03,2469.9,16.98,-1.269999999999996,2.949999999999932,0.5499999999999972,-0.6500000000000004,16.98,1.269999999999996,2.949999999999932,0.5499999999999972,0.6500000000000004,0,0,0,0,0,SW-Monsoon,38.02,12.014615999999998,3.4400000000000546,2.02,9.73,0.82,-1.0,0.09,1,3.35,0,0,0,0,0,1,0,0.08396946564885496,4.686832061068703,1.254083969465649
FC_0000922,2023-03-17,NW,Northwest India,33.99,77.66,1,27.27,12.06,1007.38,66.18,15.88,1225.4,3.41,western_disturbance,18.26,13.68,1011.05,82.68,15.32,1013.6,9.009999999999998,-1.6199999999999992,-3.669999999999959,-16.5,0.5600000000000005,9.009999999999998,1.6199999999999992,3.669999999999959,16.5,0.5600000000000005,0,0,0,0,0,Pre-Monsoon,33.81999999999999,19.459352000000003,5.8700000000000045,4.87,9.6,0.16,-0.36,-2.99,1,3.41,0,0,0,0,1,0,1,0.15873015873015872,5.933611111111111,1.5877777777777777
FC_0000923,2023-01-09,NE,East & Northeast India,23.88,92.78,1,2.04,29.22,1007.72,59.15,1.34,524.3,3.35,fair_weather,10.82,31.23,1008.64,58.27,3.18,338.5,-8.780000000000001,-2.0100000000000016,-0.9199999999999591,0.8799999999999955,-1.84,8.780000000000001,2.0100000000000016,0.9199999999999591,0.8799999999999955,1.84,0,0,0,0,0,Winter,40.85,0.702562,5.529999999999973,1.53,1.69,0.25,0.76,4.18,1,3.35,0,0,0,0,0,0,0,0.08396946564885496,4.686832061068703,1.254083969465649
FC_0000924,2023-11-05,SP,Southern Peninsula,12.5,79.19,2,10.04,32.63,1011.14,75.54,5.25,1257.8,6.56,post_monsoon,0.31,31.69,1010.94,72.5,4.03,698.4,9.729999999999999,0.9400000000000013,0.1999999999999318,3.0400000000000063,1.2199999999999998,9.729999999999999,0.9400000000000013,0.1999999999999318,3.0400000000000063,1.2199999999999998,0,0,0,0,0,Post-Monsoon,24.459999999999994,6.60345,2.1100000000000136,1.83,4.22,-1.18,-0.31,-5.68,4,3.28,0,0,0,0,0,0,0,0.12658227848101267,6.515105485232067,1.4548523206751058
FC_0000925,2024-04-30,NE,East & Northeast India,28.36,92.24,1,0.0,20.54,1011.24,72.08,5.09,541.8,11.53,pre_monsoon,4.95,29.12,1009.27,67.57,5.05,647.5,-4.95,-8.580000000000002,1.9700000000000273,4.510000000000005,0.040000000000000036,4.95,8.580000000000002,1.9700000000000273,4.510000000000005,0.040000000000000036,0,1,0,0,1,Pre-Monsoon,27.92,2.7577619999999996,2.009999999999991,1.67,0.7,-0.58,-0.38,2.04,1,11.53,0,0,0,0,0,0,0,0.08396946564885496,4.686832061068703,1.254083969465649
FC_0000926,2022-04-30,WG,Western Ghats & West Coast,17.79,73.91,6,0.0,20.51,1012.06,52.1,10.99,403.9,9.56,pre_monsoon,12.0,22.24,1014.99,66.01,7.85,746.0,-12.0,-1.7299999999999969,-2.9300000000000637,-13.910000000000004,3.1400000000000006,12.0,1.7299999999999969,2.9300000000000637,13.910000000000004,3.1400000000000006,0,0,0,0,0,Pre-Monsoon,47.9,4.438861,1.1900000000000546,2.7,0.28,2.08,0.75,3.81,36,1.5933333333333335,0,0,0,0,0,0,0,0.6075471698113207,19.574377358490565,3.890641509433962
FC_0000927,2021-01-28,CI,Central India,19.83,78.31,7,198.78,39.67,1011.72,22.74,9.08,669.8,23.08,fair_weather,12.96,28.4,1010.72,42.5,6.69,425.1,185.82,11.270000000000003,1.0,-19.76,2.3899999999999997,185.82,11.270000000000003,1.0,19.76,2.3899999999999997,1,1,0,0,1,Winter,77.26,6.081784,1.5299999999999727,2.69,71.25,-1.53,0.17,8.12,49,3.2971428571428567,0,0,0,0,0,0,0,0.7537878787878788,21.91992424242424,4.943787878787879
FC_0000928,2022-12-15,SP,Southern Peninsula,13.42,76.03,1,140.79,25.91,982.85,97.04,26.06,3038.9,3.83,cyclone,129.45,27.37,983.75,99.68,27.62,3089.4,11.340000000000003,-1.4600000000000009,-0.8999999999999773,-2.6400000000000006,-1.5600000000000023,11.340000000000003,1.4600000000000009,0.8999999999999773,2.6400000000000006,1.5600000000000023,0,0,0,0,0,Post-Monsoon,2.9599999999999937,79.19373399999999,30.399999999999977,10.63,50.08,-0.45,-17.98,0.87,1,3.83,0,0,1,0,0,0,1,0.1214574898785425,7.125991902834008,1.2743724696356276
FC_0000929,2023-11-29,SP,Southern Peninsula,13.44,77.17,10,0.0,36.59,1007.08,82.03,5.43,50.0,37.96,post_monsoon,6.71,30.7,1012.87,70.54,4.36,1175.1,-6.71,5.890000000000004,-5.789999999999964,11.489999999999995,1.0699999999999994,6.71,5.890000000000004,5.789999999999964,11.489999999999995,1.0699999999999994,0,1,0,1,1,Post-Monsoon,17.97,0.2715,6.169999999999959,2.33,1.16,-2.22,0.92,2.96,100,3.7960000000000003,0,0,0,0,0,0,0,0.8880597014925373,40.953582089552235,6.767388059701492
FC_0000930,2024-07-20,SP,Southern Peninsula,14.36,75.2,1,27.63,29.75,1007.86,67.81,8.47,444.6,3.9,normal_monsoon,17.72,30.35,1006.98,59.53,7.08,380.3,9.91,-0.6000000000000014,0.8799999999999955,8.280000000000001,1.3900000000000006,9.91,0.6000000000000014,0.8799999999999955,8.280000000000001,1.3900000000000006,0,0,0,0,0,SW-Monsoon,32.19,3.7657620000000005,5.389999999999986,2.88,10.19,-1.33,0.85,-1.07,1,3.9,0,0,0,0,0,0,0,0.1214574898785425,7.125991902834008,1.2743724696356276
FC_0000931,2024-06-08,NW,Northwest India,32.68,74.5,10,4.06,26.95,1004.63,85.03,16.36,1099.7,14.01,normal_monsoon,9.59,27.34,1006.44,65.11,7.84,350.5,-5.53,-0.39000000000000057,-1.8100000000000591,19.92,8.52,5.53,0.39000000000000057,1.8100000000000591,19.92,8.52,0,0,1,0,1,SW-Monsoon,14.969999999999999,17.991092000000002,8.620000000000005,5.18,2.9,-0.77,-1.59,-2.63,100,1.401,0,0,0,0,0,0,0,0.8470588235294118,25.773882352941175,6.877843137254902
FC_0000932,2021-03-27,EC,Bay of Bengal & East Coast,21.35,86.42,9,192.46,38.73,1000.15,33.78,0.5,591.6,39.05,fair_weather,3.26,32.1,1006.22,52.18,4.52,524.1,189.20000000000002,6.6299999999999955,-6.07000000000005,-18.4,-4.02,189.20000000000002,6.6299999999999955,6.07000000000005,18.4,4.02,1,1,0,1,1,Pre-Monsoon,66.22,0.2958,13.100000000000023,2.31,67.88,-2.01,-1.67,2.64,81,4.338888888888889,0,0,0,0,0,0,0,0.8455284552845529,35.98406504065041,6.411097560975609
FC_0000933,2021-05-06,WG,Western Ghats & West Coast,17.56,76.57,9,0.0,29.71,1011.2,51.1,7.88,993.0,12.84,pre_monsoon,3.61,31.12,1008.77,50.85,7.96,856.9,-3.61,-1.4100000000000001,2.4300000000000637,0.25,-0.08000000000000007,3.61,1.4100000000000001,2.4300000000000637,0.25,0.08000000000000007,0,0,0,0,0,Pre-Monsoon,48.9,7.82484,2.0499999999999545,2.15,0.39,2.21,1.06,-0.54,81,1.4266666666666667,0,0,0,0,0,0,0,0.8592592592592593,29.854703703703706,6.722148148148149
FC_0000934,2023-03-23,CI,Central India,23.4,76.9,1,10.46,24.09,1011.13,53.98,2.15,880.9,3.68,fair_weather,13.13,22.46,1012.54,47.41,3.57,639.5,-2.67,1.629999999999999,-1.4099999999999682,6.57,-1.42,2.67,1.629999999999999,1.4099999999999682,6.57,1.42,0,0,0,0,0,Pre-Monsoon,46.02,1.893935,2.1200000000000045,1.1,3.74,-1.29,1.75,0.18,1,3.68,0,0,0,0,0,0,0,0.16923076923076924,8.377038461538461,1.3539230769230768
FC_0000935,2022-06-21,NW,Northwest India,35.31,75.48,8,40.66,20.2,1011.37,53.86,14.76,147.0,12.55,normal_monsoon,7.26,24.29,1007.57,58.33,6.19,902.1,33.4,-4.09,3.7999999999999545,-4.469999999999999,8.57,33.4,4.09,3.7999999999999545,4.469999999999999,8.57,1,1,1,0,1,SW-Monsoon,46.14,2.16972,1.8799999999999955,3.83,15.55,-1.6,0.69,-6.2,64,1.56875,0,0,0,0,0,0,0,0.8306451612903226,22.631330645161288,5.529879032258065
FC_0000936,2021-05-25,NE,East & Northeast India,24.61,93.53,3,19.84,27.35,1010.05,52.51,5.96,1017.5,10.93,pre_monsoon,4.19,30.42,1007.9,51.88,4.9,918.7,15.649999999999999,-3.0700000000000003,2.1499999999999773,0.6299999999999955,1.0599999999999996,15.649999999999999,3.0700000000000003,2.1499999999999773,0.6299999999999955,1.0599999999999996,0,1,0,0,1,Pre-Monsoon,47.49,6.0643,3.2000000000000455,2.12,7.08,-0.36,-0.14,1.59,9,3.643333333333333,0,0,0,0,0,0,0,0.25190839694656486,7.7308778625954195,2.112251908396947
FC_0000937,2024-05-20,CI,Central India,24.94,83.76,7,22.53,45.8,1006.49,59.16,8.73,1167.6,32.48,pre_monsoon,4.1,28.88,1010.26,42.11,6.45,1023.7,18.43,16.919999999999998,-3.769999999999982,17.049999999999997,2.2800000000000002,18.43,16.919999999999998,3.769999999999982,17.049999999999997,2.2800000000000002,0,1,0,0,1,Pre-Monsoon,40.84,10.193147999999999,6.759999999999991,3.27,8.58,-1.86,0.06,-5.66,49,4.64,0,0,0,0,0,0,0,0.7537878787878788,21.91992424242424,4.943787878787879
FC_0000938,2021-01-25,SP,Southern Peninsula,15.62,76.79,1,1.88,28.82,1014.58,75.46,5.11,830.6,3.34,fair_weather,0.12,31.77,1013.87,70.66,6.32,550.7,1.7599999999999998,-2.9499999999999993,0.7100000000000364,4.799999999999997,-1.21,1.7599999999999998,2.9499999999999993,0.7100000000000364,4.799999999999997,1.21,0,0,0,0,0,Winter,24.540000000000006,4.244366,-1.330000000000041,1.78,5.31,-0.32,2.63,2.68,1,3.34,0,0,0,0,0,0,0,0.1214574898785425,7.125991902834008,1.2743724696356276
FC_0000939,2024-11-18,CI,Central India,21.37,75.1,7,4.77,31.86,1010.98,65.07,4.78,854.1,11.84,post_monsoon,2.56,31.82,1011.23,55.43,7.43,532.3,2.2099999999999995,0.03999999999999915,-0.25,9.639999999999993,-2.6499999999999995,2.2099999999999995,0.03999999999999915,0.25,9.639999999999993,2.6499999999999995,0,0,0,0,0,Post-Monsoon,34.93000000000001,4.082598000000001,2.269999999999982,1.59,2.75,0.78,2.04,1.02,49,1.6914285714285715,0,0,0,0,0,0,0,0.7537878787878788,21.91992424242424,4.943787878787879
FC_0000940,2021-03-08,CI,Central India,19.98,82.82,1,3.58,25.7,1013.84,45.17,3.98,1176.5,3.4,fair_weather,3.14,25.64,1013.69,51.14,4.44,1016.5,0.43999999999999995,0.05999999999999872,0.14999999999997726,-5.969999999999999,-0.4600000000000004,0.43999999999999995,0.05999999999999872,0.14999999999997726,5.969999999999999,0.4600000000000004,0,0,0,0,0,Pre-Monsoon,54.83,4.68247,-0.5900000000000318,1.45,2.58,0.23,-1.1,-0.86,1,3.4,0,0,0,0,0,0,0,0.16923076923076924,8.377038461538461,1.3539230769230768
FC_0000941,2021-08-21,NE,East & Northeast India,24.07,92.45,3,16.08,25.72,1013.49,56.62,6.4,683.9,5.7,normal_monsoon,6.56,26.26,1013.88,47.89,5.32,738.3,9.52,-0.5400000000000027,-0.38999999999998636,8.729999999999997,1.08,9.52,0.5400000000000027,0.38999999999998636,8.729999999999997,1.08,0,0,0,0,0,SW-Monsoon,43.38,4.37696,-0.2400000000000091,1.58,5.77,-0.86,0.21,0.08,9,1.9000000000000001,0,0,0,0,0,0,0,0.25190839694656486,7.7308778625954195,2.112251908396947
FC_0000942,2021-04-19,EC,Bay of Bengal & East Coast,18.33,87.04,7,31.94,36.01,1016.62,58.04,3.36,50.0,15.58,pre_monsoon,15.04,28.25,1014.83,68.04,3.15,405.3,16.900000000000002,7.759999999999998,1.7899999999999636,-10.000000000000007,0.20999999999999996,16.900000000000002,7.759999999999998,1.7899999999999636,10.000000000000007,0.20999999999999996,1,1,0,0,1,Pre-Monsoon,41.96,0.168,-3.3700000000000045,1.55,12.59,-0.24,-1.72,8.74,49,2.2257142857142855,0,0,0,0,0,0,0,0.7536231884057971,31.278079710144926,4.301775362318841
FC_0000943,2024-03-15,WG,Western Ghats & West Coast,10.19,73.87,1,4.87,22.23,1005.64,56.25,5.0,446.4,5.76,fair_weather,4.55,23.29,1006.39,57.91,6.76,571.7,0.3200000000000003,-1.0599999999999987,-0.75,-1.6599999999999966,-1.7599999999999998,0.3200000000000003,1.0599999999999987,0.75,1.6599999999999966,1.7599999999999998,0,0,0,0,0,Pre-Monsoon,43.75,2.232,7.610000000000014,2.59,3.4,0.51,1.46,0.43,1,5.76,0,0,0,0,0,0,0,0.1134453781512605,9.086302521008403,1.0998319327731092
FC_0000944,2021-04-21,SP,Southern Peninsula,11.59,77.01,9,16.51,27.08,1005.68,52.53,0.5,1292.2,13.27,pre_monsoon,0.61,27.16,1006.62,58.68,3.06,933.1,15.900000000000002,-0.08000000000000185,-0.9400000000000546,-6.149999999999999,-2.56,15.900000000000002,0.08000000000000185,0.9400000000000546,6.149999999999999,2.56,0,0,0,0,0,Pre-Monsoon,47.47,0.6461,7.57000000000005,1.71,7.14,-1.23,0.76,-0.76,81,1.4744444444444444,0,0,0,0,0,0,0,0.8717948717948718,33.72879120879121,7.428937728937728
FC_0000945,2021-08-16,EC,Bay of Bengal & East Coast,21.81,87.51,5,44.36,25.33,1008.01,97.66,0.5,1784.1,21.18,monsoon_depression,117.36,26.71,996.5,87.95,14.82,1873.5,-73.0,-1.3800000000000026,11.509999999999991,9.709999999999994,-14.32,73.0,1.3800000000000026,11.509999999999991,9.709999999999994,14.32,1,0,1,1,1,SW-Monsoon,2.3400000000000034,0.89205,5.240000000000009,1.16,17.59,-2.09,-6.55,-2.01,25,4.236,1,0,0,0,0,0,1,0.5407725321888412,24.05197424892704,2.9729613733905578
FC_0000946,2021-04-21,NW,Northwest India,30.24,76.79,2,0.0,48.89,1003.07,34.69,4.55,1249.9,4.8,heat_wave,0.03,48.39,1000.88,31.98,4.96,1271.1,-0.03,0.5,2.1900000000000546,2.7099999999999973,-0.41000000000000014,0.03,0.5,2.1900000000000546,2.7099999999999973,0.41000000000000014,0,0,0,0,0,Pre-Monsoon,65.31,5.687045,10.17999999999995,2.9,2.51,-0.21,-1.2,5.98,4,2.4,0,0,0,1,0,0,1,0.20920502092050208,9.46071129707113,1.7305857740585775
FC_0000947,2021-02-03,SP,Southern Peninsula,10.78,79.32,4,3.4,21.43,1005.16,63.55,4.07,672.8,7.62,fair_weather,2.18,23.86,1008.3,41.65,3.61,907.8,1.2199999999999998,-2.4299999999999997,-3.1399999999999864,21.9,0.4600000000000004,1.2199999999999998,2.4299999999999997,3.1399999999999864,21.9,0.4600000000000004,0,0,0,0,0,Winter,36.45,2.7382959999999996,8.090000000000032,2.36,1.37,-1.68,-0.26,-5.84,16,1.905,0,0,0,0,0,0,0,0.37593984962406013,15.084887218045113,2.2651503759398497
FC_0000948,2022-09-15,WG,Western Ghats & West Coast,10.68,75.98,8,30.27,23.48,1009.31,54.56,4.08,1260.0,13.71,normal_monsoon,22.28,22.95,1008.35,43.84,4.86,548.5,7.989999999999998,0.5300000000000011,0.9599999999999227,10.719999999999999,-0.7800000000000002,7.989999999999998,0.5300000000000011,0.9599999999999227,10.719999999999999,0.7800000000000002,0,0,0,0,0,SW-Monsoon,45.44,5.1408000000000005,3.9400000000000546,1.8,11.14,-0.23,1.44,3.58,64,1.71375,0,0,0,0,0,0,0,0.7743362831858407,29.086371681415926,6.164911504424778
FC_0000949,2024-10-24,NW,Northwest India,29.93,69.07,4,78.62,27.08,1012.28,37.69,4.11,1491.8,16.79,post_monsoon,6.41,22.86,1013.0,40.07,5.86,881.0,72.21000000000001,4.219999999999999,-0.7200000000000273,-2.3800000000000026,-1.75,72.21000000000001,4.219999999999999,0.7200000000000273,2.3800000000000026,1.75,1,1,0,0,1,Post-Monsoon,62.31,6.131298000000001,0.9700000000000273,1.26,28.72,-0.54,-0.49,-2.19,16,4.1975,0,0,0,0,0,0,0,0.508833922261484,12.866643109540636,2.8804593639575975
FC_0000950,2023-01-18,NE,East & Northeast India,23.32,89.83,10,27.36,34.43,1010.88,67.84,14.74,50.0,15.41,fair_weather,6.48,32.82,1008.69,63.43,4.38,425.6,20.88,1.6099999999999994,2.189999999999941,4.410000000000004,10.36,20.88,1.6099999999999994,2.189999999999941,4.410000000000004,10.36,0,0,1,0,1,Winter,32.16,0.737,2.3700000000000045,3.79,10.45,0.26,2.15,3.87,100,1.541,0,0,0,0,0,0,0,0.8785714285714286,31.068464285714285,7.881642857142857
FC_0000951,2022-08-18,EC,Bay of Bengal & East Coast,19.24,80.66,5,43.84,32.77,998.27,88.61,6.31,1878.7,17.82,monsoon_depression,110.85,29.71,992.79,88.26,18.06,1885.1,-67.00999999999999,3.0600000000000023,5.480000000000018,0.3499999999999943,-11.75,67.00999999999999,3.0600000000000023,5.480000000000018,0.3499999999999943,11.75,1,1,1,1,1,SW-Monsoon,11.39,11.854597,14.980000000000018,3.97,15.41,0.67,-5.07,2.92,25,3.564,1,0,0,0,0,0,1,0.5407725321888412,24.05197424892704,2.9729613733905578
FC_0000952,2022-03-01,SP,Southern Peninsula,13.28,78.94,2,0.0,22.73,1008.43,51.42,4.51,798.9,5.21,fair_weather,4.61,22.45,1009.18,40.8,6.04,699.5,-4.61,0.28000000000000114,-0.75,10.620000000000005,-1.5300000000000002,4.61,0.28000000000000114,0.75,10.620000000000005,1.5300000000000002,0,0,0,0,0,Pre-Monsoon,48.58,3.603039,4.82000000000005,2.19,1.01,-2.2,-1.86,0.93,4,2.605,0,0,0,0,0,0,0,0.12658227848101267,6.515105485232067,1.4548523206751058
FC_0000953,2022-09-05,CI,Central India,23.23,81.61,5,79.59,27.43,997.06,95.39,18.53,3350.9,10.31,monsoon_depression,78.16,30.88,995.3,91.23,17.82,3680.1,1.4300000000000068,-3.4499999999999993,1.759999999999991,4.159999999999997,0.7100000000000009,1.4300000000000068,3.4499999999999993,1.759999999999991,4.159999999999997,0.7100000000000009,0,1,0,0,1,SW-Monsoon,4.609999999999999,62.09217700000001,16.190000000000055,6.93,30.76,0.85,-7.33,5.77,25,2.0620000000000003,1,0,0,0,0,0,1,0.5210727969348659,16.352222222222224,3.35264367816092
FC_0000954,2022-11-23,WG,Western Ghats & West Coast,10.14,75.14,7,24.22,39.11,1010.28,63.21,0.5,1524.0,28.8,post_monsoon,0.57,30.05,1009.92,54.63,3.56,1061.0,23.65,9.059999999999999,0.36000000000001364,8.579999999999998,-3.06,23.65,9.059999999999999,0.36000000000001364,8.579999999999998,3.06,0,1,0,0,1,Post-Monsoon,36.79,0.762,2.9700000000000273,0.87,9.29,-2.55,-2.12,2.76,49,4.114285714285715,0,0,0,0,0,0,0,0.7466666666666667,29.23102222222222,4.842444444444444
FC_0000955,2024-07-29,SP,Southern Peninsula,15.53,78.36,9,224.95,37.35,1023.05,58.76,2.39,804.0,44.34,normal_monsoon,2.81,25.1,1014.82,63.87,7.03,394.7,222.14,12.25,8.229999999999905,-5.109999999999999,-4.640000000000001,222.14,12.25,8.229999999999905,5.109999999999999,4.640000000000001,1,1,0,1,1,SW-Monsoon,41.24,1.9215600000000002,-9.799999999999955,2.23,78.98,-1.8,-1.77,-3.99,81,4.926666666666667,0,0,0,0,0,0,0,0.8717948717948718,33.72879120879121,7.428937728937728
FC_0000956,2024-09-05,CI,Central India,22.89,81.36,8,20.56,29.13,1008.3,84.4,0.5,708.4,12.61,normal_monsoon,7.54,27.94,1013.32,70.97,3.45,965.4,13.02,1.1899999999999977,-5.0200000000000955,13.430000000000007,-2.95,13.02,1.1899999999999977,5.0200000000000955,13.430000000000007,2.95,0,0,0,1,1,SW-Monsoon,15.599999999999994,0.3542,4.9500000000000455,1.01,7.83,3.32,-1.02,-0.19,64,1.57625,0,0,0,0,0,0,0,0.7795918367346939,22.1525306122449,5.795224489795918
FC_0000957,2021-11-11,SP,Southern Peninsula,10.67,78.85,10,0.0,22.93,1005.52,65.13,20.64,901.6,16.39,post_monsoon,3.11,23.08,1010.02,50.03,7.32,827.7,-3.11,-0.14999999999999858,-4.5,15.099999999999994,13.32,3.11,0.14999999999999858,4.5,15.099999999999994,13.32,0,0,1,1,1,Post-Monsoon,34.870000000000005,18.609024,7.730000000000018,6.02,0.58,1.42,-0.33,-1.34,100,1.639,0,0,0,0,0,0,0,0.8880597014925373,40.953582089552235,6.767388059701492
FC_0000958,2023-05-27,NW,Northwest India,35.91,68.11,6,0.0,40.36,1001.39,21.59,4.5,1172.4,10.52,heat_wave,0.23,42.91,998.47,24.89,6.13,821.8,-0.23,-2.549999999999997,2.919999999999959,-3.3000000000000007,-1.63,0.23,2.549999999999997,2.919999999999959,3.3000000000000007,1.63,0,0,0,0,0,Pre-Monsoon,78.41,5.2758,11.860000000000014,3.07,1.81,-1.94,1.19,-3.91,36,1.7533333333333332,0,0,0,1,0,0,1,0.6025641025641025,14.582179487179488,3.756153846153846
FC_0000959,2024-11-01,CI,Central India,24.96,76.19,9,0.0,21.77,1014.44,98.25,1.05,50.0,32.28,post_monsoon,11.37,31.28,1012.11,72.18,6.27,857.1,-11.37,-9.510000000000002,2.330000000000041,26.069999999999993,-5.22,11.37,9.510000000000002,2.330000000000041,26.069999999999993,5.22,0,1,0,0,1,Post-Monsoon,1.75,0.0525,-1.1900000000000546,0.76,1.21,1.45,0.02,-0.14,81,3.586666666666667,0,0,0,0,0,0,0,0.8769230769230769,22.42480769230769,6.476230769230769
FC_0000960,2024-08-05,CI,Central India,21.65,82.52,7,51.11,31.36,993.25,98.89,25.2,2787.1,12.5,monsoon_depression,54.93,26.47,991.8,97.71,23.53,2468.7,-3.8200000000000003,4.890000000000001,1.4500000000000455,1.1800000000000068,1.6699999999999982,3.8200000000000003,4.890000000000001,1.4500000000000455,1.1800000000000068,1.6699999999999982,0,1,0,0,1,SW-Monsoon,1.1099999999999994,70.23492,20.0,8.73,18.18,0.37,-6.16,-1.5,49,1.7857142857142858,1,0,0,0,0,0,1,0.7537878787878788,21.91992424242424,4.943787878787879
FC_0000961,2024-12-31,SP,Southern Peninsula,14.59,79.91,3,2.48,26.64,1009.88,81.84,3.41,1509.8,6.3,post_monsoon,6.83,28.16,1011.76,74.14,4.8,953.3,-4.35,-1.5199999999999996,-1.8799999999999955,7.700000000000003,-1.3899999999999997,4.35,1.5199999999999996,1.8799999999999955,7.700000000000003,1.3899999999999997,0,0,0,0,0,Post-Monsoon,18.159999999999997,5.1484179999999995,3.3700000000000045,1.5,2.54,0.75,-0.59,-2.83,9,2.1,0,0,0,0,0,0,0,0.20179372197309417,7.918385650224215,2.001883408071749
FC_0000962,2022-10-24,NE,East & Northeast India,28.99,90.37,1,7.57,26.46,1008.35,64.7,5.31,645.4,4.25,post_monsoon,4.41,28.39,1007.34,66.38,4.99,416.3,3.16,-1.9299999999999997,1.009999999999991,-1.6799999999999926,0.3199999999999994,3.16,1.9299999999999997,1.009999999999991,1.6799999999999926,0.3199999999999994,0,0,0,0,0,Post-Monsoon,35.3,3.4270739999999997,4.899999999999977,2.24,7.43,0.37,2.37,-5.1,1,4.25,0,0,0,0,0,0,0,0.08396946564885496,4.686832061068703,1.254083969465649
FC_0000963,2021-10-04,NE,East & Northeast India,26.58,89.69,5,0.0,23.17,1015.11,57.58,1.13,80.7,10.02,post_monsoon,0.96,22.13,1012.21,66.21,3.23,439.3,-0.96,1.0400000000000027,2.8999999999999773,-8.629999999999995,-2.1,0.96,1.0400000000000027,2.8999999999999773,8.629999999999995,2.1,0,0,0,0,0,Post-Monsoon,42.42,0.091191,-1.8600000000000136,0.77,0.36,-0.44,0.94,1.4,25,2.004,0,0,0,0,0,0,0,0.51440329218107,12.827283950617282,3.27
FC_0000964,2022-09-16,EC,Bay of Bengal & East Coast,14.86,83.88,9,0.0,0.32,1017.94,74.13,6.22,997.5,32.35,normal_monsoon,3.21,32.99,1014.06,54.24,5.65,1088.0,-3.21,-32.67,3.880000000000109,19.889999999999993,0.5699999999999994,3.21,32.67,3.880000000000109,19.889999999999993,0.5699999999999994,0,1,0,0,1,SW-Monsoon,25.870000000000005,6.20445,-4.690000000000055,2.54,1.66,-0.34,-0.27,-3.11,81,3.5944444444444446,0,0,0,0,0,0,0,0.8455284552845529,35.98406504065041,6.411097560975609
FC_0000965,2022-05-31,NW,Northwest India,33.66,73.01,8,4.08,43.57,997.34,8.31,3.14,1202.2,29.25,heat_wave,0.04,48.43,1001.79,24.37,7.24,701.7,4.04,-4.859999999999999,-4.449999999999932,-16.060000000000002,-4.1,4.04,4.859999999999999,4.449999999999932,16.060000000000002,4.1,0,1,0,1,1,Pre-Monsoon,91.69,3.7749080000000004,15.909999999999968,3.45,3.27,-0.33,1.26,2.51,64,3.65625,0,0,0,1,0,0,1,0.8306451612903226,22.631330645161288,5.529879032258065
FC_0000966,2024-10-05,NE,East & Northeast India,27.92,93.94,6,0.0,37.75,1010.3,88.13,12.54,1608.1,11.91,post_monsoon,2.03,31.84,1007.25,64.81,7.9,516.3,-2.03,5.91,3.0499999999999545,23.319999999999993,4.639999999999999,2.03,5.91,3.0499999999999545,23.319999999999993,4.639999999999999,0,1,0,0,1,Post-Monsoon,11.870000000000005,20.165573999999996,2.9500000000000455,3.64,0.28,-1.67,-0.77,-3.73,36,1.985,0,0,0,0,0,0,0,0.5887096774193549,16.5770564516129,4.45866935483871
FC_0000967,2023-04-23,SP,Southern Peninsula,8.16,78.47,8,0.0,21.7,1014.77,66.22,4.01,596.1,18.35,pre_monsoon,0.4,27.16,1009.0,68.2,7.41,510.9,-0.4,-5.460000000000001,5.769999999999982,-1.980000000000004,-3.4000000000000004,0.4,5.460000000000001,5.769999999999982,1.980000000000004,3.4000000000000004,0,1,0,1,1,Pre-Monsoon,33.78,2.390361,-1.5199999999999818,1.6,0.82,1.22,-0.44,1.52,64,2.29375,0,0,0,0,0,0,0,0.8173913043478261,28.809652173913044,6.443217391304348
FC_0000968,2021-12-16,NE,East & Northeast India,24.71,90.48,8,14.98,25.48,1003.64,60.97,2.12,50.0,15.6,post_monsoon,9.22,28.02,1006.17,47.43,3.19,414.1,5.76,-2.539999999999999,-2.5299999999999727,13.54,-1.0699999999999998,5.76,2.539999999999999,2.5299999999999727,13.54,1.0699999999999998,0,0,0,0,0,Post-Monsoon,39.03,0.106,9.610000000000014,2.01,6.09,0.04,-0.87,0.72,64,1.95,0,0,0,0,0,0,0,0.7734375,18.668203125,5.0324609375
FC_0000969,2023-04-03,EC,Bay of Bengal & East Coast,20.0,84.93,3,3.59,22.53,1014.16,56.64,5.54,731.7,7.41,pre_monsoon,0.18,23.95,1009.94,54.44,4.46,586.4,3.4099999999999997,-1.4199999999999982,4.219999999999914,2.200000000000003,1.08,3.4099999999999997,1.4199999999999982,4.219999999999914,2.200000000000003,1.08,0,0,0,1,1,Pre-Monsoon,43.36,4.053618,-0.9099999999999682,1.58,3.96,1.75,0.91,0.38,9,2.47,0,0,0,0,0,0,0,0.35269709543568467,20.04215767634855,2.0838589211618257
FC_0000970,2024-03-06,WG,Western Ghats & West Coast,18.63,75.71,6,129.5,14.39,1016.68,78.13,4.58,1004.5,17.76,fair_weather,9.8,27.91,1014.78,68.59,4.95,1088.0,119.7,-13.52,1.8999999999999773,9.539999999999992,-0.3700000000000001,119.7,13.52,1.8999999999999773,9.539999999999992,0.3700000000000001,1,1,0,0,1,Pre-Monsoon,21.870000000000005,4.60061,-3.42999999999995,1.96,47.26,-1.34,0.4,0.44,36,2.9600000000000004,0,0,0,0,0,0,0,0.6075471698113207,19.574377358490565,3.890641509433962
FC_0000971,2023-01-29,EC,Bay of Bengal & East Coast,17.08,86.79,7,0.0,31.08,1005.19,34.28,8.27,1378.7,12.21,fair_weather,14.6,31.07,1006.59,52.37,3.23,589.3,-14.6,0.00999999999999801,-1.3999999999999773,-18.089999999999996,5.039999999999999,14.6,0.00999999999999801,1.3999999999999773,18.089999999999996,5.039999999999999,0,0,0,0,0,Winter,65.72,11.401849,8.059999999999945,3.4,0.55,-0.1,-1.07,-1.71,49,1.7442857142857144,0,0,0,0,0,0,0,0.7536231884057971,31.278079710144926,4.301775362318841
FC_0000972,2023-06-18,CI,Central India,18.31,74.27,2,16.86,22.38,1014.94,59.54,5.09,876.0,4.67,normal_monsoon,14.48,25.09,1014.5,64.33,4.41,306.2,2.379999999999999,-2.710000000000001,0.44000000000005457,-4.789999999999999,0.6799999999999997,2.379999999999999,2.710000000000001,0.44000000000005457,4.789999999999999,0.6799999999999997,0,0,0,0,0,SW-Monsoon,40.46,4.45884,-1.6900000000000546,1.61,6.24,0.85,-2.09,0.98,4,2.335,0,0,0,0,0,0,0,0.2196078431372549,7.970745098039216,2.0045098039215685
FC_0000973,2021-08-31,CI,Central India,18.67,78.38,7,0.0,35.91,1009.97,49.45,6.29,1768.5,29.53,normal_monsoon,4.15,29.38,1007.87,46.15,5.8,417.2,-4.15,6.529999999999998,2.1000000000000227,3.3000000000000043,0.4900000000000002,4.15,6.529999999999998,2.1000000000000227,3.3000000000000043,0.4900000000000002,0,1,0,0,1,SW-Monsoon,50.55,11.123865,3.2799999999999727,2.33,3.38,-0.52,-0.78,5.22,49,4.218571428571429,0,0,0,0,0,0,0,0.7537878787878788,21.91992424242424,4.943787878787879
FC_0000974,2022-06-27,NE,East & Northeast India,23.0,96.81,10,0.0,12.04,1015.17,61.84,8.52,3438.0,45.26,active_break_monsoon,29.73,31.29,1007.54,83.54,7.99,2532.9,-29.73,-19.25,7.6299999999999955,-21.700000000000003,0.5299999999999994,29.73,19.25,7.6299999999999955,21.700000000000003,0.5299999999999994,1,1,0,1,1,SW-Monsoon,38.16,29.29176,-1.919999999999959,2.3,0.67,0.1,-0.56,5.52,100,4.526,0,0,0,0,0,1,0,0.8785714285714286,31.068464285714285,7.881642857142857
FC_0000975,2023-11-30,NE,East & Northeast India,25.61,92.95,6,0.0,28.79,1010.15,93.62,4.91,919.3,9.32,post_monsoon,5.98,27.23,1008.65,74.8,5.19,468.8,-5.98,1.5599999999999987,1.5,18.820000000000007,-0.28000000000000025,5.98,1.5599999999999987,1.5,18.820000000000007,0.28000000000000025,0,0,0,0,0,Post-Monsoon,6.3799999999999955,4.513763,3.1000000000000227,1.75,1.18,-1.42,-0.22,1.2,36,1.5533333333333335,0,0,0,0,0,0,0,0.5887096774193549,16.5770564516129,4.45866935483871
FC_0000976,2021-08-17,EC,Bay of Bengal & East Coast,14.07,82.9,2,42.82,25.22,1012.74,45.78,6.6,413.2,13.78,normal_monsoon,1.77,28.31,1009.92,47.28,4.93,383.3,41.05,-3.09,2.82000000000005,-1.5,1.67,41.05,3.09,2.82000000000005,1.5,1.67,1,1,0,0,1,SW-Monsoon,54.22,2.7271199999999998,0.5099999999999909,1.69,15.45,0.7,0.88,1.02,4,6.89,0,0,0,0,0,0,0,0.2558139534883721,13.920542635658915,1.4067054263565892
FC_0000977,2022-07-02,EC,Bay of Bengal & East Coast,14.69,86.29,2,2.36,28.29,1011.39,92.23,1.47,3195.4,10.14,monsoon_depression,58.95,27.42,997.48,92.7,12.32,3627.4,-56.59,0.8699999999999974,13.909999999999968,-0.46999999999999886,-10.85,56.59,0.8699999999999974,13.909999999999968,0.46999999999999886,10.85,1,0,1,1,1,SW-Monsoon,7.769999999999996,4.6972380000000005,1.8600000000000136,0.94,5.04,-0.76,-6.54,1.74,4,5.07,1,0,0,0,0,0,1,0.2558139534883721,13.920542635658915,1.4067054263565892
FC_0000978,2023-07-09,SP,Southern Peninsula,11.79,77.85,6,133.71,28.79,1009.14,49.2,15.08,618.3,27.03,normal_monsoon,2.47,29.09,1009.3,41.1,7.87,1074.4,131.24,-0.3000000000000007,-0.15999999999996817,8.100000000000001,7.21,131.24,0.3000000000000007,0.15999999999996817,8.100000000000001,7.21,1,0,1,0,1,SW-Monsoon,50.8,9.323964,4.110000000000014,4.05,48.14,-1.45,0.7,8.18,36,4.505,0,0,0,0,0,0,0,0.5946969696969697,21.55094696969697,3.8189015151515155
FC_0000979,2024-05-31,NW,Northwest India,31.7,75.69,3,61.29,22.14,1011.38,82.13,3.43,1059.3,19.81,pre_monsoon,6.87,22.72,1010.04,68.29,6.12,671.5,54.42,-0.5799999999999983,1.3400000000000318,13.83999999999999,-2.69,54.42,0.5799999999999983,1.3400000000000318,13.83999999999999,2.69,1,0,0,0,1,Pre-Monsoon,17.870000000000005,3.633399,1.8700000000000045,1.48,22.84,-0.06,-1.15,5.19,9,6.603333333333333,0,0,0,0,0,0,0,0.38207547169811323,10.293254716981133,2.4025000000000003
FC_0000980,2021-01-06,SP,Southern Peninsula,8.72,79.27,6,13.65,25.95,1014.88,50.18,7.95,825.7,9.62,fair_weather,6.33,26.8,1011.89,59.52,7.42,1001.4,7.32,-0.8500000000000014,2.990000000000009,-9.340000000000003,0.5300000000000002,7.32,0.8500000000000014,2.990000000000009,9.340000000000003,0.5300000000000002,0,0,0,0,0,Winter,49.82,6.564315000000001,-1.6299999999999955,2.27,7.42,-2.58,-2.68,-1.27,36,1.6033333333333333,0,0,0,0,0,0,0,0.5946969696969697,21.55094696969697,3.8189015151515155
FC_0000981,2024-09-07,CI,Central India,22.51,80.69,9,0.0,26.03,1000.98,46.79,3.05,1493.9,32.56,normal_monsoon,12.33,23.31,1007.82,73.26,7.04,1118.2,-12.33,2.7200000000000024,-6.840000000000032,-26.470000000000006,-3.99,12.33,2.7200000000000024,6.840000000000032,26.470000000000006,3.99,0,0,0,1,1,SW-Monsoon,53.21,4.556395,12.269999999999982,2.79,0.22,0.01,1.2,-5.74,81,3.617777777777778,0,0,0,0,0,0,0,0.8769230769230769,22.42480769230769,6.476230769230769
FC_0000982,2022-04-13,SP,Southern Peninsula,10.62,77.25,10,0.0,50.35,1006.89,80.38,5.14,872.0,33.05,pre_monsoon,6.33,29.44,1008.24,61.91,5.1,438.1,-6.33,20.91,-1.3500000000000227,18.47,0.040000000000000036,6.33,20.91,1.3500000000000227,18.47,0.040000000000000036,0,1,0,0,1,Pre-Monsoon,19.620000000000005,4.48208,6.360000000000014,2.52,0.89,-0.87,-0.45,2.3,100,3.3049999999999997,0,0,0,0,0,0,0,0.8880597014925373,40.953582089552235,6.767388059701492
FC_0000983,2021-03-16,EC,Bay of Bengal & East Coast,13.54,88.81,1,2.52,26.32,1015.4,53.73,3.99,282.7,3.85,fair_weather,6.51,25.96,1013.88,55.33,4.45,444.9,-3.9899999999999998,0.35999999999999943,1.5199999999999818,-1.6000000000000014,-0.45999999999999996,3.9899999999999998,0.35999999999999943,1.5199999999999818,1.6000000000000014,0.45999999999999996,0,0,0,0,0,Pre-Monsoon,46.27,1.127973,-2.1499999999999773,1.42,1.52,0.6,-0.54,3.52,1,3.85,0,0,0,0,0,0,0,0.14418604651162792,12.282837209302325,1.1518604651162792
FC_0000984,2021-01-04,SP,Southern Peninsula,11.98,80.48,3,4.21,31.27,1008.46,52.3,3.11,50.0,16.67,fair_weather,2.01,26.43,1010.02,43.53,6.68,304.0,2.2,4.84,-1.5599999999999454,8.769999999999996,-3.57,2.2,4.84,1.5599999999999454,8.769999999999996,3.57,0,1,0,0,1,Winter,47.7,0.1555,4.789999999999964,1.55,8.29,-1.21,0.59,-4.1,9,5.5566666666666675,0,0,0,0,0,0,0,0.20179372197309417,7.918385650224215,2.001883408071749
FC_0000985,2022-10-08,WG,Western Ghats & West Coast,13.88,73.49,2,9.19,32.9,1013.2,45.45,7.23,950.7,5.33,post_monsoon,2.2,29.7,1009.23,45.99,7.84,347.7,6.989999999999999,3.1999999999999993,3.9700000000000273,-0.5399999999999991,-0.6099999999999994,6.989999999999999,3.1999999999999993,3.9700000000000273,0.5399999999999991,0.6099999999999994,0,1,0,0,1,Post-Monsoon,54.55,6.8735610000000005,0.049999999999954525,1.8,5.86,2.23,-1.43,0.51,4,2.665,0,0,0,0,0,0,0,0.20392156862745098,10.022705882352941,1.5912549019607842
FC_0000986,2021-04-28,NW,Northwest India,30.6,68.4,3,0.0,23.14,1008.52,51.96,0.5,1248.4,6.02,pre_monsoon,0.95,25.11,1010.34,59.6,3.98,889.8,-0.95,-1.9699999999999989,-1.82000000000005,-7.640000000000001,-3.48,0.95,1.9699999999999989,1.82000000000005,7.640000000000001,3.48,0,0,0,0,0,Pre-Monsoon,48.04,0.6242000000000001,4.730000000000018,0.93,1.44,0.4,0.77,-8.68,9,2.0066666666666664,0,0,0,0,0,0,0,0.38207547169811323,10.293254716981133,2.4025000000000003
FC_0000987,2023-05-31,EC,Bay of Bengal & East Coast,20.95,87.37,2,97.67,25.85,1013.36,61.36,7.7,173.8,16.63,pre_monsoon,11.08,28.08,1014.16,64.31,6.15,844.9,86.59,-2.229999999999997,-0.7999999999999545,-2.950000000000003,1.5499999999999998,86.59,2.229999999999997,0.7999999999999545,2.950000000000003,1.5499999999999998,1,0,0,0,1,Pre-Monsoon,38.64,1.3382600000000002,-0.11000000000001364,1.86,34.41,-2.12,1.58,0.58,4,8.315,0,0,0,0,0,0,0,0.2558139534883721,13.920542635658915,1.4067054263565892
FC_0000988,2022-05-19,NE,East & Northeast India,27.17,92.32,3,21.57,21.82,1010.24,60.77,6.41,1139.8,7.52,pre_monsoon,12.89,23.84,1009.24,64.2,5.2,1112.6,8.68,-2.0199999999999996,1.0,-3.4299999999999997,1.21,8.68,2.0199999999999996,1.0,3.4299999999999997,1.21,0,0,0,0,0,Pre-Monsoon,39.23,7.306118,3.009999999999991,2.23,8.79,0.52,-1.63,-1.38,9,2.5066666666666664,0,0,0,0,0,0,0,0.25190839694656486,7.7308778625954195,2.112251908396947
FC_0000989,2023-08-05,SP,Southern Peninsula,12.64,80.48,4,24.66,25.17,1005.5,66.08,5.44,191.5,7.11,normal_monsoon,4.93,26.48,1007.69,59.39,4.01,1015.1,19.73,-1.3099999999999987,-2.1900000000000546,6.689999999999998,1.4300000000000006,19.73,1.3099999999999987,2.1900000000000546,6.689999999999998,1.4300000000000006,0,0,0,0,0,SW-Monsoon,33.92,1.04176,7.75,2.66,8.91,-0.69,0.59,-3.88,16,1.7775,0,0,0,0,0,0,0,0.37593984962406013,15.084887218045113,2.2651503759398497
FC_0000990,2022-07-28,EC,Bay of Bengal & East Coast,14.06,87.02,7,0.0,21.63,1013.71,56.25,2.31,1516.6,36.74,normal_monsoon,3.31,26.04,1011.76,43.01,4.57,1140.0,-3.31,-4.41,1.9500000000000455,13.240000000000002,-2.2600000000000002,3.31,4.41,1.9500000000000455,13.240000000000002,2.2600000000000002,0,1,0,0,1,SW-Monsoon,43.75,3.503346,-0.4600000000000364,0.91,2.12,-1.3,-0.18,-5.51,49,5.248571428571429,0,0,0,0,0,0,0,0.7536231884057971,31.278079710144926,4.301775362318841
FC_0000991,2021-07-13,NE,East & Northeast India,25.94,96.71,2,2.76,34.06,1010.65,62.71,4.77,626.8,7.87,normal_monsoon,1.58,31.48,1010.62,60.42,4.51,612.9,1.1799999999999997,2.580000000000002,0.029999999999972715,2.289999999999999,0.2599999999999998,1.1799999999999997,2.580000000000002,0.029999999999972715,2.289999999999999,0.2599999999999998,0,0,0,0,0,SW-Monsoon,37.29,2.9898359999999995,2.6000000000000227,1.81,3.39,0.49,-2.59,2.25,4,3.935,0,0,0,0,0,0,0,0.1797752808988764,6.552209737827716,1.8855430711610486
FC_0000992,2023-04-27,NE,East & Northeast India,28.04,96.98,2,16.67,30.41,1012.25,53.17,5.09,460.6,7.38,pre_monsoon,0.89,32.76,1014.2,52.4,4.2,534.5,15.780000000000001,-2.349999999999998,-1.9500000000000455,0.7700000000000031,0.8899999999999997,15.780000000000001,2.349999999999998,1.9500000000000455,0.7700000000000031,0.8899999999999997,0,0,0,0,0,Pre-Monsoon,46.83,2.3444540000000003,1.0,1.76,7.31,-0.24,-1.79,-0.09,4,3.69,0,0,0,0,0,0,0,0.1797752808988764,6.552209737827716,1.8855430711610486
FC_0000993,2022-12-16,CI,Central India,22.71,76.05,2,6.33,26.01,1009.14,79.85,4.2,1022.6,6.0,post_monsoon,2.03,25.12,1008.29,69.49,4.34,1075.7,4.300000000000001,0.8900000000000006,0.8500000000000227,10.36,-0.13999999999999968,4.300000000000001,0.8900000000000006,0.8500000000000227,10.36,0.13999999999999968,0,0,0,0,0,Post-Monsoon,20.150000000000006,4.29492,4.110000000000014,1.71,4.12,-2.34,-1.9,0.03,4,3.0,0,0,0,0,0,0,0,0.2196078431372549,7.970745098039216,2.0045098039215685
FC_0000994,2024-11-16,CI,Central India,22.03,81.11,6,0.0,38.7,1011.59,53.24,5.13,508.4,25.79,post_monsoon,1.96,32.66,1011.09,55.97,7.23,577.5,-1.96,6.040000000000006,0.5,-2.729999999999997,-2.1000000000000005,1.96,6.040000000000006,0.5,2.729999999999997,2.1000000000000005,0,1,0,0,1,Post-Monsoon,46.76,2.6080919999999996,1.6599999999999682,1.71,1.75,1.05,-0.02,-1.05,36,4.298333333333333,0,0,0,0,0,0,0,0.6448979591836734,18.281918367346936,3.7026938775510203
FC_0000995,2023-11-16,EC,Bay of Bengal & East Coast,19.52,80.0,8,180.43,29.12,988.34,82.87,20.7,3024.2,38.59,cyclone,400.96,29.06,966.44,95.89,45.69,3076.9,-220.52999999999997,0.060000000000002274,21.899999999999977,-13.019999999999996,-24.99,220.52999999999997,0.060000000000002274,21.899999999999977,13.019999999999996,24.99,1,0,1,1,1,Post-Monsoon,17.129999999999995,62.600939999999994,24.909999999999968,8.69,65.1,0.65,-13.13,-0.23,64,4.82375,0,0,1,0,0,0,1,0.7910447761194029,29.504365671641793,4.961007462686567
FC_0000996,2024-12-29,EC,Bay of Bengal & East Coast,16.56,82.12,4,10.85,27.36,1005.92,59.27,5.9,414.5,12.16,post_monsoon,1.38,26.43,1007.89,50.75,6.77,733.2,9.469999999999999,0.9299999999999997,-1.9700000000000273,8.520000000000003,-0.8699999999999992,9.469999999999999,0.9299999999999997,1.9700000000000273,8.520000000000003,0.8699999999999992,0,0,0,0,0,Post-Monsoon,40.73,2.4455500000000003,7.330000000000041,2.86,3.99,-0.39,-0.89,3.47,16,3.04,0,0,0,0,0,0,0,0.5057034220532319,21.50577946768061,2.6715589353612166
FC_0000997,2021-06-22,WG,Western Ghats & West Coast,18.5,73.19,10,34.08,24.29,1016.14,81.43,9.11,608.7,17.06,normal_monsoon,16.46,29.6,1012.57,53.06,5.55,550.7,17.619999999999997,-5.310000000000002,3.5699999999999363,28.370000000000005,3.5599999999999996,17.619999999999997,5.310000000000002,3.5699999999999363,28.370000000000005,3.5599999999999996,1,1,0,0,1,SW-Monsoon,18.569999999999993,5.545257,-2.8899999999999864,2.7,12.4,0.73,-0.27,-2.5,100,1.706,0,0,0,0,0,0,0,0.8455284552845529,32.79081300813008,6.509756097560976
FC_0000998,2024-08-16,NW,Northwest India,32.66,70.66,3,9.25,17.5,1013.48,69.87,4.54,828.4,18.58,normal_monsoon,6.58,22.72,1011.96,69.97,3.8,1095.8,2.67,-5.219999999999999,1.5199999999999818,-0.09999999999999432,0.7400000000000002,2.67,5.219999999999999,1.5199999999999818,0.09999999999999432,0.7400000000000002,0,1,0,0,1,SW-Monsoon,30.129999999999995,3.760936,-0.2300000000000182,1.24,3.28,0.17,0.78,2.31,9,6.1933333333333325,0,0,0,0,0,0,0,0.38207547169811323,10.293254716981133,2.4025000000000003
FC_0000999,2021-11-22,NW,Northwest India,28.64,77.41,9,21.4,24.14,1012.95,53.62,8.81,945.1,13.33,post_monsoon,0.68,30.74,1014.84,41.37,6.97,685.7,20.72,-6.599999999999998,-1.8899999999999864,12.25,1.8400000000000007,20.72,6.599999999999998,1.8899999999999864,12.25,1.8400000000000007,0,1,0,0,1,Post-Monsoon,46.38,8.326331,0.2999999999999545,2.26,8.09,0.89,-0.34,-1.65,81,1.481111111111111,0,0,0,0,0,0,0,0.7936507936507936,22.855674603174602,6.38031746031746
